recording_id,species_key,scientific_name,common_name,author,rating,latitude,longitude,file_path,split_role
XC1053050,baffal1,Micrastur ruficollis,Barred Forest-Falcon,JAYRSON ARAUJO DE OLIVEIRA,5.0,-29.4244,-50.3875,data/BirdClef/train_audio/baffal1/XC1053050.ogg,gallery
XC306404,baffal1,Micrastur ruficollis,Barred Forest-Falcon,Lia Nahomi Kajiki,5.0,-29.1835,-50.0054,data/BirdClef/train_audio/baffal1/XC306404.ogg,gallery
XC308551,baffal1,Micrastur ruficollis,Barred Forest-Falcon,Lia Nahomi Kajiki,4.0,-29.1835,-50.0054,data/BirdClef/train_audio/baffal1/XC308551.ogg,gallery
XC308549,baffal1,Micrastur ruficollis,Barred Forest-Falcon,Lia Nahomi Kajiki,3.5,-29.1835,-50.0054,data/BirdClef/train_audio/baffal1/XC308549.ogg,gallery
XC181441,baffal1,Micrastur ruficollis,Barred Forest-Falcon,João Gava,4.0,-28.6494,-49.6695,data/BirdClef/train_audio/baffal1/XC181441.ogg,gallery
XC530447,baffal1,Micrastur ruficollis,Barred Forest-Falcon,Miguel Angelo Biz,4.0,-27.2011,-49.7349,data/BirdClef/train_audio/baffal1/XC530447.ogg,gallery
XC241380,baffal1,Micrastur ruficollis,Barred Forest-Falcon,Luis Pradier,4.0,-27.1599,-55.3586,data/BirdClef/train_audio/baffal1/XC241380.ogg,gallery
XC488911,baffal1,Micrastur ruficollis,Barred Forest-Falcon,Miguel Angelo Biz,4.0,-27.1389,-49.7118,data/BirdClef/train_audio/baffal1/XC488911.ogg,gallery
XC574467,baffal1,Micrastur ruficollis,Barred Forest-Falcon,Luis Seko Pradier,4.0,-27.1001,-54.8834,data/BirdClef/train_audio/baffal1/XC574467.ogg,gallery
XC455087,baffal1,Micrastur ruficollis,Barred Forest-Falcon,Rosendo Manuel Fraga,3.0,-26.9334,-54.2167,data/BirdClef/train_audio/baffal1/XC455087.ogg,gallery
XC209308,baffal1,Micrastur ruficollis,Barred Forest-Falcon,Fabricio Gorleri,5.0,-26.7966,-59.6056,data/BirdClef/train_audio/baffal1/XC209308.ogg,gallery
XC665655,baffal1,Micrastur ruficollis,Barred Forest-Falcon,Paulo Sillig,4.0,-26.745,-49.0663,data/BirdClef/train_audio/baffal1/XC665655.ogg,gallery
XC1025401,baffal1,Micrastur ruficollis,Barred Forest-Falcon,Guillermo Menéndez (gmmv80),5.0,-26.6277,-55.6616,data/BirdClef/train_audio/baffal1/XC1025401.ogg,gallery
XC1012407,baffal1,Micrastur ruficollis,Barred Forest-Falcon,Marcos E. Sosa,4.0,-25.6965,-54.335,data/BirdClef/train_audio/baffal1/XC1012407.ogg,gallery
XC585002,baffal1,Micrastur ruficollis,Barred Forest-Falcon,Dante Gabriel Moresco,3.0,-25.6785,-54.4507,data/BirdClef/train_audio/baffal1/XC585002.ogg,gallery
XC652011,baffal1,Micrastur ruficollis,Barred Forest-Falcon,Dante Gabriel Moresco,5.0,-25.5985,-54.5476,data/BirdClef/train_audio/baffal1/XC652011.ogg,gallery
XC652010,baffal1,Micrastur ruficollis,Barred Forest-Falcon,Dante Gabriel Moresco,5.0,-25.5985,-54.5476,data/BirdClef/train_audio/baffal1/XC652010.ogg,gallery
XC172827,baffal1,Micrastur ruficollis,Barred Forest-Falcon,João Antônio de B. Vitto,5.0,-25.4597,-49.5273,data/BirdClef/train_audio/baffal1/XC172827.ogg,gallery
XC172510,baffal1,Micrastur ruficollis,Barred Forest-Falcon,João Antônio de B. Vitto,5.0,-25.4597,-49.5273,data/BirdClef/train_audio/baffal1/XC172510.ogg,gallery
XC85220,baffal1,Micrastur ruficollis,Barred Forest-Falcon,Jeremy Minns,4.0,-24.2834,-48.4334,data/BirdClef/train_audio/baffal1/XC85220.ogg,gallery
XC897585,baffal1,Micrastur ruficollis,Barred Forest-Falcon,Lia Nahomi Kajiki,5.0,-24.2834,-48.4334,data/BirdClef/train_audio/baffal1/XC897585.ogg,gallery
XC421837,baffal1,Micrastur ruficollis,Barred Forest-Falcon,Fernando Igor de Godoy,4.0,-24.2783,-50.5306,data/BirdClef/train_audio/baffal1/XC421837.ogg,gallery
XC421195,baffal1,Micrastur ruficollis,Barred Forest-Falcon,Fernando Igor de Godoy,4.0,-24.2783,-50.5306,data/BirdClef/train_audio/baffal1/XC421195.ogg,gallery
XC299687,baffal1,Micrastur ruficollis,Barred Forest-Falcon,Fernando Igor de Godoy,4.0,-24.2783,-50.5306,data/BirdClef/train_audio/baffal1/XC299687.ogg,gallery
XC435761,baffal1,Micrastur ruficollis,Barred Forest-Falcon,JAYRSON ARAUJO DE OLIVEIRA,4.0,-24.2601,-48.4073,data/BirdClef/train_audio/baffal1/XC435761.ogg,gallery
XC462352,baffal1,Micrastur ruficollis,Barred Forest-Falcon,Felipe Arantes,3.5,-24.2325,-48.4506,data/BirdClef/train_audio/baffal1/XC462352.ogg,gallery
XC240685,baffal1,Micrastur ruficollis,Barred Forest-Falcon,Norton Santos,4.0,-24.11,-48.3751,data/BirdClef/train_audio/baffal1/XC240685.ogg,gallery
XC618886,baffal1,Micrastur ruficollis,Barred Forest-Falcon,Lia Nahomi Kajiki,3.0,-24.03,-47.3516,data/BirdClef/train_audio/baffal1/XC618886.ogg,gallery
XC4312,baffal1,Micrastur ruficollis,Barred Forest-Falcon,Bob Planqué,3.5,-24.0171,-47.8104,data/BirdClef/train_audio/baffal1/XC4312.ogg,gallery
XC512884,baffal1,Micrastur ruficollis,Barred Forest-Falcon,Jerome Fischer,4.0,-24.0171,-47.8104,data/BirdClef/train_audio/baffal1/XC512884.ogg,gallery
XC435754,baffal1,Micrastur ruficollis,Barred Forest-Falcon,JAYRSON ARAUJO DE OLIVEIRA,3.0,-24.0037,-47.0037,data/BirdClef/train_audio/baffal1/XC435754.ogg,gallery
XC581878,baffal1,Micrastur ruficollis,Barred Forest-Falcon,Marcos Melo,4.0,-23.8449,-46.9769,data/BirdClef/train_audio/baffal1/XC581878.ogg,gallery
XC770865,baffal1,Micrastur ruficollis,Barred Forest-Falcon,Rafael Lima,3.0,-23.6541,-45.8897,data/BirdClef/train_audio/baffal1/XC770865.ogg,gallery
XC153777,baffal1,Micrastur ruficollis,Barred Forest-Falcon,Rodrigo Dela Rosa,4.0,-23.5797,-45.5474,data/BirdClef/train_audio/baffal1/XC153777.ogg,gallery
XC406518,baffal1,Micrastur ruficollis,Barred Forest-Falcon,Henry Miller Carneiro Alexandre ,3.0,-23.4759,-45.086,data/BirdClef/train_audio/baffal1/XC406518.ogg,gallery
XC234721,baffal1,Micrastur ruficollis,Barred Forest-Falcon,Jeremy Minns,5.0,-23.4693,-45.1695,data/BirdClef/train_audio/baffal1/XC234721.ogg,gallery
XC85216,baffal1,Micrastur ruficollis,Barred Forest-Falcon,Jeremy Minns,4.0,-23.4693,-45.1695,data/BirdClef/train_audio/baffal1/XC85216.ogg,gallery
XC345414,baffal1,Micrastur ruficollis,Barred Forest-Falcon,Rodrigo Dela Rosa,4.0,-23.4693,-45.1695,data/BirdClef/train_audio/baffal1/XC345414.ogg,gallery
XC344486,baffal1,Micrastur ruficollis,Barred Forest-Falcon,Rodrigo Dela Rosa,4.5,-23.3178,-45.1648,data/BirdClef/train_audio/baffal1/XC344486.ogg,gallery
XC158879,baffal1,Micrastur ruficollis,Barred Forest-Falcon,Rodrigo Dela Rosa,4.0,-22.8984,-45.6834,data/BirdClef/train_audio/baffal1/XC158879.ogg,gallery
XC618495,baffal1,Micrastur ruficollis,Barred Forest-Falcon,Dante Buzzetti,3.0,-22.7922,-44.3751,data/BirdClef/train_audio/baffal1/XC618495.ogg,gallery
XC548879,baffal1,Micrastur ruficollis,Barred Forest-Falcon,Rodrigo Dela Rosa,5.0,-22.7785,-45.587,data/BirdClef/train_audio/baffal1/XC548879.ogg,gallery
XC234714,baffal1,Micrastur ruficollis,Barred Forest-Falcon,Jeremy Minns,4.5,-22.7667,-45.6001,data/BirdClef/train_audio/baffal1/XC234714.ogg,gallery
XC140984,baffal1,Micrastur ruficollis,Barred Forest-Falcon,Rodrigo Dela Rosa,4.0,-22.7567,-45.5529,data/BirdClef/train_audio/baffal1/XC140984.ogg,gallery
XC562268,baffal1,Micrastur ruficollis,Barred Forest-Falcon,Rosendo Manuel Fraga,3.0,-22.6802,-64.4211,data/BirdClef/train_audio/baffal1/XC562268.ogg,gallery
XC292048,baffal1,Micrastur ruficollis,Barred Forest-Falcon,Jerome Fischer,3.5,-22.4508,-42.7735,data/BirdClef/train_audio/baffal1/XC292048.ogg,gallery
XC391938,baffal1,Micrastur ruficollis,Barred Forest-Falcon,Bobby Wilcox,3.5,-22.4179,-42.7379,data/BirdClef/train_audio/baffal1/XC391938.ogg,gallery
XC85217,baffal1,Micrastur ruficollis,Barred Forest-Falcon,Jeremy Minns,4.0,-22.4001,-44.6667,data/BirdClef/train_audio/baffal1/XC85217.ogg,gallery
XC612552,baffal1,Micrastur ruficollis,Barred Forest-Falcon,Ricardo José Mitidieri,3.0,-22.394,-42.501,data/BirdClef/train_audio/baffal1/XC612552.ogg,gallery
XC291083,baffal1,Micrastur ruficollis,Barred Forest-Falcon,Jeremy Minns,5.0,-22.3798,-44.6301,data/BirdClef/train_audio/baffal1/XC291083.ogg,gallery
XC234715,baffal1,Micrastur ruficollis,Barred Forest-Falcon,Jeremy Minns,4.5,-22.3667,-44.7334,data/BirdClef/train_audio/baffal1/XC234715.ogg,gallery
XC587188,baffal1,Micrastur ruficollis,Barred Forest-Falcon,Ricardo Gagliardi,4.0,-22.3652,-43.007,data/BirdClef/train_audio/baffal1/XC587188.ogg,gallery
XC987466,baffal1,Micrastur ruficollis,Barred Forest-Falcon,Dante Buzzetti,4.0,-21.711,-43.9059,data/BirdClef/train_audio/baffal1/XC987466.ogg,gallery
XC85219,baffal1,Micrastur ruficollis,Barred Forest-Falcon,Jeremy Minns,4.0,-21.7001,-43.8834,data/BirdClef/train_audio/baffal1/XC85219.ogg,gallery
XC1513,baffal1,Micrastur ruficollis,Barred Forest-Falcon,Sjoerd Mayer,5.0,-21.3501,-64.2667,data/BirdClef/train_audio/baffal1/XC1513.ogg,gallery
XC1511,baffal1,Micrastur ruficollis,Barred Forest-Falcon,Sjoerd Mayer,3.0,-21.3501,-64.2667,data/BirdClef/train_audio/baffal1/XC1511.ogg,gallery
XC135977,baffal1,Micrastur ruficollis,Barred Forest-Falcon,Noé Eiterer,4.0,-20.6665,-42.5222,data/BirdClef/train_audio/baffal1/XC135977.ogg,gallery
XC189682,baffal1,Micrastur ruficollis,Barred Forest-Falcon,Luiz Gabriel Mazzoni,4.5,-18.8939,-43.3248,data/BirdClef/train_audio/baffal1/XC189682.ogg,gallery
XC704173,baffal1,Micrastur ruficollis,Barred Forest-Falcon,Richard E. Webster,4.0,-18.1051,-63.5983,data/BirdClef/train_audio/baffal1/XC704173.ogg,gallery
XC2075,baffal1,Micrastur ruficollis,Barred Forest-Falcon,Sjoerd Mayer,3.0,-16.8612,-67.2051,data/BirdClef/train_audio/baffal1/XC2075.ogg,gallery
XC387980,baffal1,Micrastur ruficollis,Barred Forest-Falcon,Breno Dias Vitorino,4.0,-15.6421,-57.1899,data/BirdClef/train_audio/baffal1/XC387980.ogg,gallery
XC340061,baffal1,Micrastur ruficollis,Barred Forest-Falcon,Roney Souza,3.0,-15.565,-40.4213,data/BirdClef/train_audio/baffal1/XC340061.ogg,gallery
XC844093,baffal1,Micrastur ruficollis,Barred Forest-Falcon,Fernanda Fernandex,3.5,-15.5584,-47.776,data/BirdClef/train_audio/baffal1/XC844093.ogg,gallery
XC1037397,baffal1,Micrastur ruficollis,Barred Forest-Falcon,Dante Buzzetti,4.0,-15.352,-55.6517,data/BirdClef/train_audio/baffal1/XC1037397.ogg,gallery
XC340316,baffal1,Micrastur ruficollis,Barred Forest-Falcon,Mateus G. Santos ,4.0,-14.5439,-40.2688,data/BirdClef/train_audio/baffal1/XC340316.ogg,gallery
XC859271,baffal1,Micrastur ruficollis,Barred Forest-Falcon,Richard E. Webster,3.0,-14.1689,-67.9178,data/BirdClef/train_audio/baffal1/XC859271.ogg,gallery
XC399318,baffal1,Micrastur ruficollis,Barred Forest-Falcon,Herman van Oosten,3.0,-14.167,-67.917,data/BirdClef/train_audio/baffal1/XC399318.ogg,gallery
XC793191,baffal1,Micrastur ruficollis,Barred Forest-Falcon,JAYRSON ARAUJO DE OLIVEIRA,4.5,-13.3558,-47.2809,data/BirdClef/train_audio/baffal1/XC793191.ogg,gallery
XC793190,baffal1,Micrastur ruficollis,Barred Forest-Falcon,JAYRSON ARAUJO DE OLIVEIRA,4.5,-13.3558,-47.2809,data/BirdClef/train_audio/baffal1/XC793190.ogg,gallery
XC122749,baffal1,Micrastur ruficollis,Barred Forest-Falcon,Eric DeFonso,4.0,-12.7945,-71.3979,data/BirdClef/train_audio/baffal1/XC122749.ogg,gallery
XC123105,baffal1,Micrastur ruficollis,Barred Forest-Falcon,Eric DeFonso,3.0,-12.7945,-71.3979,data/BirdClef/train_audio/baffal1/XC123105.ogg,gallery
XC63646,baffal1,Micrastur ruficollis,Barred Forest-Falcon,Joseph Tobias and Nathalie Seddon,4.0,-12.6601,-71.2398,data/BirdClef/train_audio/baffal1/XC63646.ogg,gallery
XC453509,baffal1,Micrastur ruficollis,Barred Forest-Falcon,Will Sweet,4.0,-12.5687,-70.0928,data/BirdClef/train_audio/baffal1/XC453509.ogg,gallery
XC63645,baffal1,Micrastur ruficollis,Barred Forest-Falcon,Joseph Tobias and Nathalie Seddon,4.0,-11.8667,-71.3667,data/BirdClef/train_audio/baffal1/XC63645.ogg,gallery
XC63643,baffal1,Micrastur ruficollis,Barred Forest-Falcon,Joseph Tobias and Nathalie Seddon,4.0,-11.8667,-71.3667,data/BirdClef/train_audio/baffal1/XC63643.ogg,gallery
XC63644,baffal1,Micrastur ruficollis,Barred Forest-Falcon,Joseph Tobias and Nathalie Seddon,3.0,-11.8667,-71.3667,data/BirdClef/train_audio/baffal1/XC63644.ogg,gallery
XC330543,baffal1,Micrastur ruficollis,Barred Forest-Falcon,Rodrigo Dela Rosa,3.5,-11.8647,-55.6646,data/BirdClef/train_audio/baffal1/XC330543.ogg,gallery
XC351413,baffal1,Micrastur ruficollis,Barred Forest-Falcon,Willian Menq,5.0,-11.6806,-48.8493,data/BirdClef/train_audio/baffal1/XC351413.ogg,gallery
XC329225,baffal1,Micrastur ruficollis,Barred Forest-Falcon,Fernando Igor de Godoy,3.0,-10.8954,-68.3632,data/BirdClef/train_audio/baffal1/XC329225.ogg,gallery
XC329201,baffal1,Micrastur ruficollis,Barred Forest-Falcon,Fernando Igor de Godoy,3.0,-10.8954,-68.3632,data/BirdClef/train_audio/baffal1/XC329201.ogg,gallery
XC329208,baffal1,Micrastur ruficollis,Barred Forest-Falcon,Fernando Igor de Godoy,3.0,-10.79,-69.6054,data/BirdClef/train_audio/baffal1/XC329208.ogg,gallery
XC344052,baffal1,Micrastur ruficollis,Barred Forest-Falcon,Tulio Dornas,4.0,-10.098,-48.4234,data/BirdClef/train_audio/baffal1/XC344052.ogg,gallery
XC344051,baffal1,Micrastur ruficollis,Barred Forest-Falcon,Tulio Dornas,4.0,-10.098,-48.4234,data/BirdClef/train_audio/baffal1/XC344051.ogg,gallery
XC417413,baffal1,Micrastur ruficollis,Barred Forest-Falcon,Tulio Dornas,4.0,-9.9647,-47.5806,data/BirdClef/train_audio/baffal1/XC417413.ogg,gallery
XC431368,baffal1,Micrastur ruficollis,Barred Forest-Falcon,Bobby Wilcox,4.0,-9.5982,-55.9312,data/BirdClef/train_audio/baffal1/XC431368.ogg,gallery
XC130077,baffal1,Micrastur ruficollis,Barred Forest-Falcon,Eric DeFonso,4.0,-9.5981,-55.932,data/BirdClef/train_audio/baffal1/XC130077.ogg,gallery
XC432570,baffal1,Micrastur ruficollis,Barred Forest-Falcon,Bobby Wilcox,4.0,-9.5863,-55.9191,data/BirdClef/train_audio/baffal1/XC432570.ogg,gallery
XC189543,baffal1,Micrastur ruficollis,Barred Forest-Falcon,Luiz Gabriel Mazzoni,5.0,-9.4493,-64.3728,data/BirdClef/train_audio/baffal1/XC189543.ogg,gallery
XC678306,baffal1,Micrastur ruficollis,Barred Forest-Falcon,Dante Buzzetti,4.0,-9.1907,-40.4344,data/BirdClef/train_audio/baffal1/XC678306.ogg,gallery
XC821578,baffal1,Micrastur ruficollis,Barred Forest-Falcon,JAYRSON ARAUJO DE OLIVEIRA,5.0,-9.0875,-64.0228,data/BirdClef/train_audio/baffal1/XC821578.ogg,gallery
XC821576,baffal1,Micrastur ruficollis,Barred Forest-Falcon,JAYRSON ARAUJO DE OLIVEIRA,5.0,-9.0875,-64.0228,data/BirdClef/train_audio/baffal1/XC821576.ogg,gallery
XC234718,baffal1,Micrastur ruficollis,Barred Forest-Falcon,Jeremy Minns,3.5,-9.0106,-72.722,data/BirdClef/train_audio/baffal1/XC234718.ogg,gallery
XC85218,baffal1,Micrastur ruficollis,Barred Forest-Falcon,Jeremy Minns,4.0,-9.0106,-72.722,data/BirdClef/train_audio/baffal1/XC85218.ogg,gallery
XC705481,baffal1,Micrastur ruficollis,Barred Forest-Falcon,Fernando Igor de Godoy,5.0,-8.9293,-69.0886,data/BirdClef/train_audio/baffal1/XC705481.ogg,gallery
XC974203,baffal1,Micrastur ruficollis,Barred Forest-Falcon,JAYRSON ARAUJO DE OLIVEIRA,5.0,-8.8322,-42.5476,data/BirdClef/train_audio/baffal1/XC974203.ogg,gallery
XC974201,baffal1,Micrastur ruficollis,Barred Forest-Falcon,JAYRSON ARAUJO DE OLIVEIRA,5.0,-8.8322,-42.5476,data/BirdClef/train_audio/baffal1/XC974201.ogg,gallery
XC537845,baffal1,Micrastur ruficollis,Barred Forest-Falcon,Fernando Igor de Godoy,5.0,-8.7512,-68.9938,data/BirdClef/train_audio/baffal1/XC537845.ogg,gallery
XC536757,baffal1,Micrastur ruficollis,Barred Forest-Falcon,Fernando Igor de Godoy,3.0,-8.7512,-68.9938,data/BirdClef/train_audio/baffal1/XC536757.ogg,gallery
XC204948,baffal1,Micrastur ruficollis,Barred Forest-Falcon,Roger Ahlman,4.0,-7.3984,-76.2996,data/BirdClef/train_audio/baffal1/XC204948.ogg,gallery
XC150981,baffal1,Micrastur ruficollis,Barred Forest-Falcon,Herman van Oosten,3.0,-7.3688,-76.2952,data/BirdClef/train_audio/baffal1/XC150981.ogg,gallery
XC486890,baffal1,Micrastur ruficollis,Barred Forest-Falcon,Dante Buzzetti,4.0,-6.97,-58.39,data/BirdClef/train_audio/baffal1/XC486890.ogg,gallery
XC486831,baffal1,Micrastur ruficollis,Barred Forest-Falcon,Dante Buzzetti,4.0,-6.97,-58.39,data/BirdClef/train_audio/baffal1/XC486831.ogg,gallery
XC493242,baffal1,Micrastur ruficollis,Barred Forest-Falcon,JAYRSON ARAUJO DE OLIVEIRA,4.0,-6.7455,-46.9907,data/BirdClef/train_audio/baffal1/XC493242.ogg,gallery
XC493247,baffal1,Micrastur ruficollis,Barred Forest-Falcon,JAYRSON ARAUJO DE OLIVEIRA,3.0,-6.7455,-46.9907,data/BirdClef/train_audio/baffal1/XC493247.ogg,gallery
XC85221,baffal1,Micrastur ruficollis,Barred Forest-Falcon,Jeremy Minns,4.0,-6.1001,-50.1501,data/BirdClef/train_audio/baffal1/XC85221.ogg,gallery
XC1034702,baffal1,Micrastur ruficollis,Barred Forest-Falcon,JAYRSON ARAUJO DE OLIVEIRA,4.5,-5.7717,-47.4806,data/BirdClef/train_audio/baffal1/XC1034702.ogg,gallery
XC10661,baffal1,Micrastur ruficollis,Barred Forest-Falcon,Todd Mark,4.0,-5.132,-78.7417,data/BirdClef/train_audio/baffal1/XC10661.ogg,gallery
XC10660,baffal1,Micrastur ruficollis,Barred Forest-Falcon,Todd Mark,4.0,-5.132,-78.7417,data/BirdClef/train_audio/baffal1/XC10660.ogg,gallery
XC10640,baffal1,Micrastur ruficollis,Barred Forest-Falcon,Todd Mark,4.0,-5.132,-78.7417,data/BirdClef/train_audio/baffal1/XC10640.ogg,gallery
XC10641,baffal1,Micrastur ruficollis,Barred Forest-Falcon,Todd Mark,3.0,-5.132,-78.7417,data/BirdClef/train_audio/baffal1/XC10641.ogg,gallery
XC7047,baffal1,Micrastur ruficollis,Barred Forest-Falcon,Todd Mark,3.0,-4.9001,-79.3334,data/BirdClef/train_audio/baffal1/XC7047.ogg,gallery
XC705219,baffal1,Micrastur ruficollis,Barred Forest-Falcon,Fernando Igor de Godoy,4.0,-4.293,-47.5569,data/BirdClef/train_audio/baffal1/XC705219.ogg,gallery
XC147163,baffal1,Micrastur ruficollis,Barred Forest-Falcon,Josh Engel,5.0,-3.8141,-46.8045,data/BirdClef/train_audio/baffal1/XC147163.ogg,gallery
XC147162,baffal1,Micrastur ruficollis,Barred Forest-Falcon,Josh Engel,4.0,-3.8141,-46.8045,data/BirdClef/train_audio/baffal1/XC147162.ogg,gallery
XC193,baffal1,Micrastur ruficollis,Barred Forest-Falcon,Willem-Pier Vellinga,3.0,-3.6841,-72.4005,data/BirdClef/train_audio/baffal1/XC193.ogg,gallery
XC855244,baffal1,Micrastur ruficollis,Barred Forest-Falcon,Michael Hurben,3.0,-2.6787,-60.9519,data/BirdClef/train_audio/baffal1/XC855244.ogg,gallery
XC125728,baffal1,Micrastur ruficollis,Barred Forest-Falcon,Christian B. Andretti,3.0,-1.095,-52.653,data/BirdClef/train_audio/baffal1/XC125728.ogg,gallery
XC284665,baffal1,Micrastur ruficollis,Barred Forest-Falcon,Leonardo Ordóñez-Delgado,5.0,-0.9415,-77.8989,data/BirdClef/train_audio/baffal1/XC284665.ogg,gallery
XC890585,baffal1,Micrastur ruficollis,Barred Forest-Falcon,Paul Driver,4.0,-0.6756,-77.6014,data/BirdClef/train_audio/baffal1/XC890585.ogg,gallery
XC890584,baffal1,Micrastur ruficollis,Barred Forest-Falcon,Paul Driver,4.0,-0.6756,-77.6014,data/BirdClef/train_audio/baffal1/XC890584.ogg,gallery
XC493782,baffal1,Micrastur ruficollis,Barred Forest-Falcon,Jerome Fischer,5.0,-0.623,-77.6028,data/BirdClef/train_audio/baffal1/XC493782.ogg,gallery
XC274919,baffal1,Micrastur ruficollis,Barred Forest-Falcon,Robert S. Ridgely,4.0,-0.583,-75.483,data/BirdClef/train_audio/baffal1/XC274919.ogg,gallery
XC257391,baffal1,Micrastur ruficollis,Barred Forest-Falcon,John V. Moore,5.0,-0.548,-76.041,data/BirdClef/train_audio/baffal1/XC257391.ogg,gallery
XC257389,baffal1,Micrastur ruficollis,Barred Forest-Falcon,John V. Moore,5.0,-0.548,-76.041,data/BirdClef/train_audio/baffal1/XC257389.ogg,gallery
XC700035,baffal1,Micrastur ruficollis,Barred Forest-Falcon,Jerome Fischer,5.0,-0.532,-76.3389,data/BirdClef/train_audio/baffal1/XC700035.ogg,gallery
XC827142,baffal1,Micrastur ruficollis,Barred Forest-Falcon,rudy gelis,4.0,-0.4776,-77.2936,data/BirdClef/train_audio/baffal1/XC827142.ogg,gallery
XC904088,baffal1,Micrastur ruficollis,Barred Forest-Falcon,Jarol Fernando Vaca,3.0,-0.4723,-76.4591,data/BirdClef/train_audio/baffal1/XC904088.ogg,gallery
XC257392,baffal1,Micrastur ruficollis,Barred Forest-Falcon,John V. Moore,5.0,-0.472,-76.459,data/BirdClef/train_audio/baffal1/XC257392.ogg,gallery
XC257390,baffal1,Micrastur ruficollis,Barred Forest-Falcon,John V. Moore,5.0,-0.472,-76.459,data/BirdClef/train_audio/baffal1/XC257390.ogg,gallery
XC171371,baffal1,Micrastur ruficollis,Barred Forest-Falcon,Martin St-Michel,5.0,-0.081,-78.7679,data/BirdClef/train_audio/baffal1/XC171371.ogg,gallery
XC163508,baffal1,Micrastur ruficollis,Barred Forest-Falcon,Martin St-Michel,5.0,-0.081,-78.7679,data/BirdClef/train_audio/baffal1/XC163508.ogg,gallery
XC164874,baffal1,Micrastur ruficollis,Barred Forest-Falcon,Martin St-Michel,4.0,-0.081,-78.7679,data/BirdClef/train_audio/baffal1/XC164874.ogg,gallery
XC164489,baffal1,Micrastur ruficollis,Barred Forest-Falcon,Martin St-Michel,4.0,-0.081,-78.7679,data/BirdClef/train_audio/baffal1/XC164489.ogg,gallery
XC820946,baffal1,Micrastur ruficollis,Barred Forest-Falcon,rudy gelis,5.0,-0.0553,-78.7704,data/BirdClef/train_audio/baffal1/XC820946.ogg,gallery
XC387750,baffal1,Micrastur ruficollis,Barred Forest-Falcon,Jerome Fischer,5.0,-0.0436,-78.7767,data/BirdClef/train_audio/baffal1/XC387750.ogg,gallery
XC1038943,baffal1,Micrastur ruficollis,Barred Forest-Falcon,Charlie Vogt,5.0,-0.0166,-78.9875,data/BirdClef/train_audio/baffal1/XC1038943.ogg,gallery
XC205535,baffal1,Micrastur ruficollis,Barred Forest-Falcon,Jerome Fischer,5.0,0.0736,-78.7685,data/BirdClef/train_audio/baffal1/XC205535.ogg,gallery
XC860686,baffal1,Micrastur ruficollis,Barred Forest-Falcon,José María Loaiza B.,4.0,0.0797,-78.6838,data/BirdClef/train_audio/baffal1/XC860686.ogg,gallery
XC71107,baffal1,Micrastur ruficollis,Barred Forest-Falcon,Daniel Lane,3.0,0.258,-79.192,data/BirdClef/train_audio/baffal1/XC71107.ogg,gallery
XC955229,baffal1,Micrastur ruficollis,Barred Forest-Falcon,Juan Freile,3.0,0.373,-79.6652,data/BirdClef/train_audio/baffal1/XC955229.ogg,gallery
XC322080,baffal1,Micrastur ruficollis,Barred Forest-Falcon,Diego Calderon-F.,3.0,0.6937,-77.0935,data/BirdClef/train_audio/baffal1/XC322080.ogg,gallery
XC857998,baffal1,Micrastur ruficollis,Barred Forest-Falcon,Juan Freile,5.0,0.885,-78.116,data/BirdClef/train_audio/baffal1/XC857998.ogg,gallery
XC72653,baffal1,Micrastur ruficollis,Barred Forest-Falcon,Daniel Lane,4.0,0.892,-78.533,data/BirdClef/train_audio/baffal1/XC72653.ogg,gallery
XC681233,baffal1,Micrastur ruficollis,Barred Forest-Falcon,Sergio Adrian Garcia-Murcia,5.0,3.5349,-76.7527,data/BirdClef/train_audio/baffal1/XC681233.ogg,gallery
XC117708,baffal1,Micrastur ruficollis,Barred Forest-Falcon,José Agustín López (Colección de Sonidos Ambientales - Instituto Humboldt),5.0,3.8775,-76.432,data/BirdClef/train_audio/baffal1/XC117708.ogg,gallery
XC117707,baffal1,Micrastur ruficollis,Barred Forest-Falcon,José Agustín López (Colección de Sonidos Ambientales - Instituto Humboldt),5.0,3.8775,-76.432,data/BirdClef/train_audio/baffal1/XC117707.ogg,gallery
XC117701,baffal1,Micrastur ruficollis,Barred Forest-Falcon,José Agustín López (Colección de Sonidos Ambientales - Instituto Humboldt),5.0,3.8775,-76.432,data/BirdClef/train_audio/baffal1/XC117701.ogg,gallery
XC117700,baffal1,Micrastur ruficollis,Barred Forest-Falcon,José Agustín López (Colección de Sonidos Ambientales - Instituto Humboldt),4.0,3.8775,-76.432,data/BirdClef/train_audio/baffal1/XC117700.ogg,gallery
XC117699,baffal1,Micrastur ruficollis,Barred Forest-Falcon,José Agustín López (Colección de Sonidos Ambientales - Instituto Humboldt),4.0,3.8775,-76.432,data/BirdClef/train_audio/baffal1/XC117699.ogg,gallery
XC117696,baffal1,Micrastur ruficollis,Barred Forest-Falcon,José Agustín López (Colección de Sonidos Ambientales - Instituto Humboldt),3.0,3.8775,-76.432,data/BirdClef/train_audio/baffal1/XC117696.ogg,gallery
XC917443,baffal1,Micrastur ruficollis,Barred Forest-Falcon,Delaitre guillaume,3.0,4.0889,-52.6742,data/BirdClef/train_audio/baffal1/XC917443.ogg,gallery
XC1003367,baffal1,Micrastur ruficollis,Barred Forest-Falcon,Delaitre guillaume,3.0,4.0897,-52.6835,data/BirdClef/train_audio/baffal1/XC1003367.ogg,gallery
XC1003366,baffal1,Micrastur ruficollis,Barred Forest-Falcon,Delaitre guillaume,3.0,4.0897,-52.6835,data/BirdClef/train_audio/baffal1/XC1003366.ogg,gallery
XC1023846,baffal1,Micrastur ruficollis,Barred Forest-Falcon,Delaitre guillaume,3.0,4.0899,-52.6764,data/BirdClef/train_audio/baffal1/XC1023846.ogg,gallery
XC1019433,baffal1,Micrastur ruficollis,Barred Forest-Falcon,Delaitre guillaume,3.0,4.0899,-52.6764,data/BirdClef/train_audio/baffal1/XC1019433.ogg,gallery
XC299696,baffal1,Micrastur ruficollis,Barred Forest-Falcon,James Bradley,4.0,4.6149,-74.3106,data/BirdClef/train_audio/baffal1/XC299696.ogg,gallery
XC449452,baffal1,Micrastur ruficollis,Barred Forest-Falcon,Brice de la Croix,5.0,5.1567,-52.6698,data/BirdClef/train_audio/baffal1/XC449452.ogg,gallery
XC449450,baffal1,Micrastur ruficollis,Barred Forest-Falcon,Brice de la Croix,4.0,5.1567,-52.6698,data/BirdClef/train_audio/baffal1/XC449450.ogg,gallery
XC449449,baffal1,Micrastur ruficollis,Barred Forest-Falcon,Brice de la Croix,4.0,5.1567,-52.6698,data/BirdClef/train_audio/baffal1/XC449449.ogg,gallery
XC837026,baffal1,Micrastur ruficollis,Barred Forest-Falcon,Geoffrey Monchaux,3.0,5.2639,-53.4876,data/BirdClef/train_audio/baffal1/XC837026.ogg,gallery
XC366820,baffal1,Micrastur ruficollis,Barred Forest-Falcon,Martin St-Michel,5.0,6.9862,-75.1251,data/BirdClef/train_audio/baffal1/XC366820.ogg,gallery
XC366819,baffal1,Micrastur ruficollis,Barred Forest-Falcon,Martin St-Michel,5.0,6.9862,-75.1251,data/BirdClef/train_audio/baffal1/XC366819.ogg,gallery
XC631685,baffal1,Micrastur ruficollis,Barred Forest-Falcon,Daniel de Jesus Garcia,5.0,9.2847,-70.7145,data/BirdClef/train_audio/baffal1/XC631685.ogg,gallery
XC451499,baffal1,Micrastur ruficollis,Barred Forest-Falcon,Scott Connop,5.0,10.3014,-84.8015,data/BirdClef/train_audio/baffal1/XC451499.ogg,gallery
XC353731,baffal1,Micrastur ruficollis,Barred Forest-Falcon,Ross Gallardy,5.0,10.9006,-73.9385,data/BirdClef/train_audio/baffal1/XC353731.ogg,gallery
XC979787,baffal1,Micrastur ruficollis,Barred Forest-Falcon,Sergio Adrian Garcia-Murcia,4.0,11.105,-74.0394,data/BirdClef/train_audio/baffal1/XC979787.ogg,gallery
XC384522,baffal1,Micrastur ruficollis,Barred Forest-Falcon,Orlando Jarquín G.,5.0,13.1594,-85.8745,data/BirdClef/train_audio/baffal1/XC384522.ogg,gallery
XC240747,baffal1,Micrastur ruficollis,Barred Forest-Falcon,Liliana Chavarria-Duriaux,5.0,13.237,-86.0546,data/BirdClef/train_audio/baffal1/XC240747.ogg,gallery
XC367718,baffal1,Micrastur ruficollis,Barred Forest-Falcon,Nick Komar,5.0,13.237,-86.0546,data/BirdClef/train_audio/baffal1/XC367718.ogg,gallery
XC575070,baffal1,Micrastur ruficollis,Barred Forest-Falcon,Lety Andino,4.0,13.8666,-89.6288,data/BirdClef/train_audio/baffal1/XC575070.ogg,gallery
XC784907,baffal1,Micrastur ruficollis,Barred Forest-Falcon,Isaí López,5.0,14.0847,-88.0262,data/BirdClef/train_audio/baffal1/XC784907.ogg,gallery
XC289870,baffal1,Micrastur ruficollis,Barred Forest-Falcon,Mayron McKewy Mejía,4.0,14.2059,-87.1158,data/BirdClef/train_audio/baffal1/XC289870.ogg,gallery
XC383802,baffal1,Micrastur ruficollis,Barred Forest-Falcon,Alfonso Auerbach,3.0,14.8837,-86.8032,data/BirdClef/train_audio/baffal1/XC383802.ogg,gallery
XC383801,baffal1,Micrastur ruficollis,Barred Forest-Falcon,Alfonso Auerbach,3.0,14.8837,-86.8032,data/BirdClef/train_audio/baffal1/XC383801.ogg,gallery
XC234354,baffal1,Micrastur ruficollis,Barred Forest-Falcon,Max Noack,5.0,15.4856,-90.3614,data/BirdClef/train_audio/baffal1/XC234354.ogg,gallery
XC414977,baffal1,Micrastur ruficollis,Barred Forest-Falcon,Max Noack,3.0,15.6124,-90.3781,data/BirdClef/train_audio/baffal1/XC414977.ogg,gallery
XC334192,baffal1,Micrastur ruficollis,Barred Forest-Falcon,Richard E. Webster,4.0,15.6569,-92.8091,data/BirdClef/train_audio/baffal1/XC334192.ogg,gallery
XC713013,baffal1,Micrastur ruficollis,Barred Forest-Falcon,Manuel Grosselet,5.0,15.7272,-92.9299,data/BirdClef/train_audio/baffal1/XC713013.ogg,gallery
XC713017,baffal1,Micrastur ruficollis,Barred Forest-Falcon,Manuel Grosselet,3.0,15.7272,-92.9299,data/BirdClef/train_audio/baffal1/XC713017.ogg,gallery
XC355828,baffal1,Micrastur ruficollis,Barred Forest-Falcon,Corey Lange,3.0,17.2219,-89.6216,data/BirdClef/train_audio/baffal1/XC355828.ogg,gallery
XC522308,baffal1,Micrastur ruficollis,Barred Forest-Falcon,Paul Driver,3.0,17.539,-89.1111,data/BirdClef/train_audio/baffal1/XC522308.ogg,gallery
XC84472,banana,Coereba flaveola,Bananaquit,Jeremy Minns,3.5,-16.8248,-56.8448,data/BirdClef/train_audio/banana/XC84472.ogg,gallery
XC189212,banana,Coereba flaveola,Bananaquit,Leonardo Ordóñez-Delgado,5.0,-3.749,-78.8706,data/BirdClef/train_audio/banana/XC189212.ogg,gallery
XC84476,banana,Coereba flaveola,Bananaquit,Jeremy Minns,4.0,-21.1167,-44.1501,data/BirdClef/train_audio/banana/XC84476.ogg,gallery
XC529279,banana,Coereba flaveola,Bananaquit,Mauricio Álvarez-Rebolledo (Colección de Sonidos Ambientales - Instituto Humboldt),4.0,0.1864,-72.6056,data/BirdClef/train_audio/banana/XC529279.ogg,gallery
XC519180,banana,Coereba flaveola,Bananaquit,Mauricio Álvarez-Rebolledo (Colección de Sonidos Ambientales - Instituto Humboldt),4.0,0.1864,-72.6056,data/BirdClef/train_audio/banana/XC519180.ogg,gallery
XC523829,banana,Coereba flaveola,Bananaquit,Mauricio Álvarez-Rebolledo (Colección de Sonidos Ambientales - Instituto Humboldt),4.0,5.0667,-74.8008,data/BirdClef/train_audio/banana/XC523829.ogg,gallery
XC939088,banana,Coereba flaveola,Bananaquit,JAYRSON ARAUJO DE OLIVEIRA,4.5,2.8044,-60.6718,data/BirdClef/train_audio/banana/XC939088.ogg,gallery
XC320349,banana,Coereba flaveola,Bananaquit,David Ricardo Rodríguez Villamil,3.0,4.8605,-73.2534,data/BirdClef/train_audio/banana/XC320349.ogg,gallery
XC469261,banana,Coereba flaveola,Bananaquit,JAYRSON ARAUJO DE OLIVEIRA,5.0,-25.2401,-48.759,data/BirdClef/train_audio/banana/XC469261.ogg,gallery
XC939544,banana,Coereba flaveola,Bananaquit,JAYRSON ARAUJO DE OLIVEIRA,5.0,1.4022,-60.9869,data/BirdClef/train_audio/banana/XC939544.ogg,gallery
XC520823,banana,Coereba flaveola,Bananaquit,Mauricio Álvarez-Rebolledo (Colección de Sonidos Ambientales - Instituto Humboldt),4.0,0.5292,-72.6306,data/BirdClef/train_audio/banana/XC520823.ogg,gallery
XC1034535,banana,Coereba flaveola,Bananaquit,JAYRSON ARAUJO DE OLIVEIRA,4.5,-7.1576,-48.536,data/BirdClef/train_audio/banana/XC1034535.ogg,gallery
XC939908,banana,Coereba flaveola,Bananaquit,JAYRSON ARAUJO DE OLIVEIRA,5.0,1.8299,-61.1451,data/BirdClef/train_audio/banana/XC939908.ogg,gallery
XC490740,banana,Coereba flaveola,Bananaquit,Fernando Igor de Godoy,5.0,-22.8842,-48.4442,data/BirdClef/train_audio/banana/XC490740.ogg,gallery
XC411998,banana,Coereba flaveola,Bananaquit,JAYRSON ARAUJO DE OLIVEIRA,4.5,-16.274,-39.0353,data/BirdClef/train_audio/banana/XC411998.ogg,gallery
XC816850,banana,Coereba flaveola,Bananaquit,JAYRSON ARAUJO DE OLIVEIRA,5.0,-6.3656,-48.0736,data/BirdClef/train_audio/banana/XC816850.ogg,gallery
XC372725,banana,Coereba flaveola,Bananaquit,Albert Lastukhin,5.0,9.9746,-84.4206,data/BirdClef/train_audio/banana/XC372725.ogg,gallery
XC479540,banana,Coereba flaveola,Bananaquit,Brice de la Croix,3.0,5.1014,-52.7736,data/BirdClef/train_audio/banana/XC479540.ogg,gallery
XC523836,banana,Coereba flaveola,Bananaquit,Mauricio Álvarez-Rebolledo (Colección de Sonidos Ambientales - Instituto Humboldt),4.0,10.36,-75.5697,data/BirdClef/train_audio/banana/XC523836.ogg,gallery
XC318598,banana,Coereba flaveola,Bananaquit,Santiago Ramos,3.0,5.0791,-75.6852,data/BirdClef/train_audio/banana/XC318598.ogg,gallery
XC32074,banana,Coereba flaveola,Bananaquit,Daniel Lane,5.0,18.4898,-66.9501,data/BirdClef/train_audio/banana/XC32074.ogg,gallery
XC155797,banana,Coereba flaveola,Bananaquit,Danny Zapata-Henao,4.0,6.1429,-75.6175,data/BirdClef/train_audio/banana/XC155797.ogg,gallery
XC1017270,banana,Coereba flaveola,Bananaquit,JAYRSON ARAUJO DE OLIVEIRA,3.5,-16.5631,-49.285,data/BirdClef/train_audio/banana/XC1017270.ogg,gallery
XC213995,banana,Coereba flaveola,Bananaquit,Jeremy Minns,5.0,0.6667,-51.4001,data/BirdClef/train_audio/banana/XC213995.ogg,gallery
XC706367,banana,Coereba flaveola,Bananaquit,Mauricio Cuéllar Ramírez,5.0,-0.63,-72.4173,data/BirdClef/train_audio/banana/XC706367.ogg,gallery
XC614396,banana,Coereba flaveola,Bananaquit,Ricardo José Mitidieri,5.0,-22.9048,-43.1028,data/BirdClef/train_audio/banana/XC614396.ogg,gallery
XC420337,banana,Coereba flaveola,Bananaquit,Yair Guillermo Molina Martínez.,5.0,4.4804,-75.1069,data/BirdClef/train_audio/banana/XC420337.ogg,gallery
XC1067310,banana,Coereba flaveola,Bananaquit,Dante Buzzetti,4.0,0.6686,-51.4092,data/BirdClef/train_audio/banana/XC1067310.ogg,gallery
XC523830,banana,Coereba flaveola,Bananaquit,Mauricio Álvarez-Rebolledo (Colección de Sonidos Ambientales - Instituto Humboldt),4.0,9.9,-75.1167,data/BirdClef/train_audio/banana/XC523830.ogg,gallery
XC973391,banana,Coereba flaveola,Bananaquit,Andrés Mauricio López,4.0,4.9918,-75.5713,data/BirdClef/train_audio/banana/XC973391.ogg,gallery
XC697372,banana,Coereba flaveola,Bananaquit,JAYRSON ARAUJO DE OLIVEIRA,3.0,-9.2162,-35.8741,data/BirdClef/train_audio/banana/XC697372.ogg,gallery
XC817205,banana,Coereba flaveola,Bananaquit,JAYRSON ARAUJO DE OLIVEIRA,4.5,-6.7131,-47.017,data/BirdClef/train_audio/banana/XC817205.ogg,gallery
XC352977,banana,Coereba flaveola,Bananaquit,Nick Komar,3.5,-3.7538,-73.2448,data/BirdClef/train_audio/banana/XC352977.ogg,gallery
XC979469,banana,Coereba flaveola,Bananaquit,Barry Edmonston,5.0,16.7739,-62.1945,data/BirdClef/train_audio/banana/XC979469.ogg,gallery
XC288516,banana,Coereba flaveola,Bananaquit,Jeremy Minns,4.0,-5.0501,-42.5501,data/BirdClef/train_audio/banana/XC288516.ogg,gallery
XC819184,banana,Coereba flaveola,Bananaquit,Francesco Barberini,5.0,-0.3214,-78.9516,data/BirdClef/train_audio/banana/XC819184.ogg,gallery
XC277010,banana,Coereba flaveola,Bananaquit,Jesse Fagan,4.0,26.0899,-77.1987,data/BirdClef/train_audio/banana/XC277010.ogg,gallery
XC506039,banana,Coereba flaveola,Bananaquit,Brice de la Croix,4.0,4.7216,-52.3073,data/BirdClef/train_audio/banana/XC506039.ogg,gallery
XC319635,banana,Coereba flaveola,Bananaquit,Nick Komar,4.0,8.7677,-75.8856,data/BirdClef/train_audio/banana/XC319635.ogg,gallery
XC799774,banana,Coereba flaveola,Bananaquit,Dante Buzzetti,4.0,-23.035,-44.6214,data/BirdClef/train_audio/banana/XC799774.ogg,gallery
XC147123,banana,Coereba flaveola,Bananaquit,Rafael Antunes Dias,4.0,-31.2924,-51.0326,data/BirdClef/train_audio/banana/XC147123.ogg,gallery
XC277006,banana,Coereba flaveola,Bananaquit,Jesse Fagan,4.0,25.3922,-76.5648,data/BirdClef/train_audio/banana/XC277006.ogg,gallery
XC131595,banana,Coereba flaveola,Bananaquit,Thore Noernberg,5.0,8.6167,-80.1167,data/BirdClef/train_audio/banana/XC131595.ogg,gallery
XC520820,banana,Coereba flaveola,Bananaquit,Mauricio Álvarez-Rebolledo (Colección de Sonidos Ambientales - Instituto Humboldt),4.0,0.0742,-72.4514,data/BirdClef/train_audio/banana/XC520820.ogg,gallery
XC4311,banana,Coereba flaveola,Bananaquit,Bob Planqué,4.0,-24.0171,-47.8104,data/BirdClef/train_audio/banana/XC4311.ogg,gallery
XC590531,banana,Coereba flaveola,Bananaquit,Marcos Melo,5.0,-23.4426,-46.5539,data/BirdClef/train_audio/banana/XC590531.ogg,gallery
XC335021,banana,Coereba flaveola,Bananaquit,Yair Guillermo Molina M. &amp; Rossmayra Marulanda,5.0,4.4192,-75.2178,data/BirdClef/train_audio/banana/XC335021.ogg,gallery
XC960423,banana,Coereba flaveola,Bananaquit,Ilona Schmidt,4.0,3.5348,-76.7536,data/BirdClef/train_audio/banana/XC960423.ogg,gallery
XC583784,banana,Coereba flaveola,Bananaquit,Dante Buzzetti,4.0,-9.1992,-35.8871,data/BirdClef/train_audio/banana/XC583784.ogg,gallery
XC32055,banana,Coereba flaveola,Bananaquit,Daniel Lane,5.0,18.452,-66.5976,data/BirdClef/train_audio/banana/XC32055.ogg,gallery
XC519809,banana,Coereba flaveola,Bananaquit,Rolf A. de By,4.0,4.0134,-55.4853,data/BirdClef/train_audio/banana/XC519809.ogg,gallery
XC443366,banana,Coereba flaveola,Bananaquit,JAYRSON ARAUJO DE OLIVEIRA,4.5,-14.625,-49.0051,data/BirdClef/train_audio/banana/XC443366.ogg,gallery
XC308452,banana,Coereba flaveola,Bananaquit,Ross Gallardy,5.0,18.426,-77.9419,data/BirdClef/train_audio/banana/XC308452.ogg,gallery
XC2593,banana,Coereba flaveola,Bananaquit,Sjoerd Mayer,4.0,-17.468,-63.661,data/BirdClef/train_audio/banana/XC2593.ogg,gallery
XC389034,banana,Coereba flaveola,Bananaquit,ANDREA LARISSA BOESING,3.0,-21.6239,-46.5224,data/BirdClef/train_audio/banana/XC389034.ogg,gallery
XC214002,banana,Coereba flaveola,Bananaquit,Jeremy Minns,5.0,-5.8667,-50.4834,data/BirdClef/train_audio/banana/XC214002.ogg,gallery
XC196682,banana,Coereba flaveola,Bananaquit,Orlando Jarquín G.,4.0,10.9818,-84.3358,data/BirdClef/train_audio/banana/XC196682.ogg,gallery
XC520818,banana,Coereba flaveola,Bananaquit,Mauricio Álvarez-Rebolledo (Colección de Sonidos Ambientales - Instituto Humboldt),4.0,0.0742,-72.4514,data/BirdClef/train_audio/banana/XC520818.ogg,gallery
XC877054,banana,Coereba flaveola,Bananaquit,Skyler Bol,4.0,18.1425,-66.9748,data/BirdClef/train_audio/banana/XC877054.ogg,gallery
XC1035893,banana,Coereba flaveola,Bananaquit,Mauricio Cuéllar-Ramírez,5.0,1.7135,-75.7326,data/BirdClef/train_audio/banana/XC1035893.ogg,gallery
XC673166,banana,Coereba flaveola,Bananaquit,Fernando Igor de Godoy,3.0,-4.293,-47.5569,data/BirdClef/train_audio/banana/XC673166.ogg,gallery
XC397320,banana,Coereba flaveola,Bananaquit,Bobby Wilcox,4.0,-22.4508,-42.7735,data/BirdClef/train_audio/banana/XC397320.ogg,gallery
XC750762,banana,Coereba flaveola,Bananaquit,Felipe Arantes,5.0,-23.7728,-46.292,data/BirdClef/train_audio/banana/XC750762.ogg,gallery
XC571076,banana,Coereba flaveola,Bananaquit,Jerome Fischer,5.0,4.351,-74.652,data/BirdClef/train_audio/banana/XC571076.ogg,gallery
XC523841,banana,Coereba flaveola,Bananaquit,Mauricio Álvarez-Rebolledo (Colección de Sonidos Ambientales - Instituto Humboldt),4.0,9.63,-74.9122,data/BirdClef/train_audio/banana/XC523841.ogg,gallery
XC712373,banana,Coereba flaveola,Bananaquit,Barry Edmonston,5.0,-4.2334,-38.9167,data/BirdClef/train_audio/banana/XC712373.ogg,gallery
XC173391,banana,Coereba flaveola,Bananaquit,Eric DeFonso,5.0,18.452,-66.5976,data/BirdClef/train_audio/banana/XC173391.ogg,gallery
XC331387,banana,Coereba flaveola,Bananaquit,Bobby Wilcox,4.0,10.4347,-84.7095,data/BirdClef/train_audio/banana/XC331387.ogg,gallery
XC974424,banana,Coereba flaveola,Bananaquit,JAYRSON ARAUJO DE OLIVEIRA,5.0,-4.1072,-41.7034,data/BirdClef/train_audio/banana/XC974424.ogg,gallery
XC443365,banana,Coereba flaveola,Bananaquit,JAYRSON ARAUJO DE OLIVEIRA,5.0,-14.625,-49.0051,data/BirdClef/train_audio/banana/XC443365.ogg,gallery
XC211811,banana,Coereba flaveola,Bananaquit,Jerome Fischer,5.0,-1.6666,-80.75,data/BirdClef/train_audio/banana/XC211811.ogg,gallery
XC614934,banana,Coereba flaveola,Bananaquit,Mauricio Cuellar Ramirez (@Birding.travel),5.0,1.7135,-75.7326,data/BirdClef/train_audio/banana/XC614934.ogg,gallery
XC700790,banana,Coereba flaveola,Bananaquit,JAYRSON ARAUJO DE OLIVEIRA,5.0,-16.1052,-49.5365,data/BirdClef/train_audio/banana/XC700790.ogg,gallery
XC1035884,banana,Coereba flaveola,Bananaquit,Mauricio Cuéllar-Ramírez,5.0,2.5103,-72.707,data/BirdClef/train_audio/banana/XC1035884.ogg,gallery
XC235220,banana,Coereba flaveola,Bananaquit,Jerome Fischer,3.0,-0.0523,-78.7764,data/BirdClef/train_audio/banana/XC235220.ogg,gallery
XC331385,banana,Coereba flaveola,Bananaquit,Bobby Wilcox,4.0,10.4347,-84.7095,data/BirdClef/train_audio/banana/XC331385.ogg,gallery
XC316991,banana,Coereba flaveola,Bananaquit,Guy Kirwan,4.0,12.5369,-81.7118,data/BirdClef/train_audio/banana/XC316991.ogg,gallery
XC952286,banana,Coereba flaveola,Bananaquit,Juan Freile,3.0,-1.9928,-80.423,data/BirdClef/train_audio/banana/XC952286.ogg,gallery
XC173431,banana,Coereba flaveola,Bananaquit,Eric DeFonso,5.0,18.3007,-65.7926,data/BirdClef/train_audio/banana/XC173431.ogg,gallery
XC213998,banana,Coereba flaveola,Bananaquit,Jeremy Minns,3.0,-2.4167,-54.7167,data/BirdClef/train_audio/banana/XC213998.ogg,gallery
XC155808,banana,Coereba flaveola,Bananaquit,Danny Zapata-Henao,3.5,6.1429,-75.6175,data/BirdClef/train_audio/banana/XC155808.ogg,gallery
XC284997,banana,Coereba flaveola,Bananaquit,Jerome Fischer,5.0,-22.4508,-42.7735,data/BirdClef/train_audio/banana/XC284997.ogg,gallery
XC863662,banana,Coereba flaveola,Bananaquit,Alain Verneau,5.0,10.4371,-84.7102,data/BirdClef/train_audio/banana/XC863662.ogg,gallery
XC46632,banana,Coereba flaveola,Bananaquit,Daniel Lane,5.0,18.2609,-65.7967,data/BirdClef/train_audio/banana/XC46632.ogg,gallery
XC434963,banana,Coereba flaveola,Bananaquit,Victor Vanegas,3.0,4.4796,-74.6082,data/BirdClef/train_audio/banana/XC434963.ogg,gallery
XC928598,banana,Coereba flaveola,Bananaquit,JAYRSON ARAUJO DE OLIVEIRA,4.5,-16.4353,-49.3948,data/BirdClef/train_audio/banana/XC928598.ogg,gallery
XC523832,banana,Coereba flaveola,Bananaquit,Mauricio Álvarez-Rebolledo (Colección de Sonidos Ambientales - Instituto Humboldt),4.0,10.36,-75.5697,data/BirdClef/train_audio/banana/XC523832.ogg,gallery
XC234129,banana,Coereba flaveola,Bananaquit,Jerome Fischer,4.0,0.1228,-78.9942,data/BirdClef/train_audio/banana/XC234129.ogg,gallery
XC393165,banana,Coereba flaveola,Bananaquit,Nick Komar,4.0,-15.568,-56.0665,data/BirdClef/train_audio/banana/XC393165.ogg,gallery
XC523837,banana,Coereba flaveola,Bananaquit,Mauricio Álvarez-Rebolledo (Colección de Sonidos Ambientales - Instituto Humboldt),4.0,9.63,-74.9122,data/BirdClef/train_audio/banana/XC523837.ogg,gallery
XC837614,banana,Coereba flaveola,Bananaquit,Francisco contreras,4.0,7.581,-72.1792,data/BirdClef/train_audio/banana/XC837614.ogg,gallery
XC393396,banana,Coereba flaveola,Bananaquit,Nick Komar,3.5,-15.6361,-56.0668,data/BirdClef/train_audio/banana/XC393396.ogg,gallery
XC28577,banana,Coereba flaveola,Bananaquit,Daniel Lane,4.0,16.7812,-88.4587,data/BirdClef/train_audio/banana/XC28577.ogg,gallery
XC173288,banana,Coereba flaveola,Bananaquit,Eric DeFonso,5.0,18.452,-66.5976,data/BirdClef/train_audio/banana/XC173288.ogg,gallery
XC816884,banana,Coereba flaveola,Bananaquit,JAYRSON ARAUJO DE OLIVEIRA,4.5,-7.3499,-48.2929,data/BirdClef/train_audio/banana/XC816884.ogg,gallery
XC706371,banana,Coereba flaveola,Bananaquit,Mauricio Cuéllar Ramírez,5.0,-0.63,-72.4173,data/BirdClef/train_audio/banana/XC706371.ogg,gallery
XC372724,banana,Coereba flaveola,Bananaquit,Albert Lastukhin,5.0,9.9746,-84.4206,data/BirdClef/train_audio/banana/XC372724.ogg,gallery
XC1035885,banana,Coereba flaveola,Bananaquit,Mauricio Cuéllar-Ramírez,5.0,2.5103,-72.707,data/BirdClef/train_audio/banana/XC1035885.ogg,gallery
XC175745,banana,Coereba flaveola,Bananaquit,João Antônio de B. Vitto,5.0,-28.9277,-49.6836,data/BirdClef/train_audio/banana/XC175745.ogg,gallery
XC725276,banana,Coereba flaveola,Bananaquit,JAYRSON ARAUJO DE OLIVEIRA,5.0,-26.7515,-49.168,data/BirdClef/train_audio/banana/XC725276.ogg,gallery
XC401626,banana,Coereba flaveola,Bananaquit,Diana Carolina Macana,3.0,5.8023,-73.5168,data/BirdClef/train_audio/banana/XC401626.ogg,gallery
XC825068,banana,Coereba flaveola,Bananaquit,rudy gelis,3.0,-0.0553,-78.7704,data/BirdClef/train_audio/banana/XC825068.ogg,gallery
XC864623,banana,Coereba flaveola,Bananaquit,Scott Olmstead,5.0,8.6999,-83.2042,data/BirdClef/train_audio/banana/XC864623.ogg,gallery
XC1034681,banana,Coereba flaveola,Bananaquit,JAYRSON ARAUJO DE OLIVEIRA,5.0,-5.7717,-47.4806,data/BirdClef/train_audio/banana/XC1034681.ogg,gallery
XC659497,banana,Coereba flaveola,Bananaquit,JAYRSON ARAUJO DE OLIVEIRA,4.0,-14.134,-47.514,data/BirdClef/train_audio/banana/XC659497.ogg,gallery
XC713835,banana,Coereba flaveola,Bananaquit,Bobby Wilcox,5.0,17.9529,-66.2393,data/BirdClef/train_audio/banana/XC713835.ogg,gallery
XC998280,banana,Coereba flaveola,Bananaquit,Paul Driver,4.0,-0.0609,-78.7708,data/BirdClef/train_audio/banana/XC998280.ogg,gallery
XC860344,banana,Coereba flaveola,Bananaquit,JAYRSON ARAUJO DE OLIVEIRA,4.5,-16.5631,-49.285,data/BirdClef/train_audio/banana/XC860344.ogg,gallery
XC799776,banana,Coereba flaveola,Bananaquit,Dante Buzzetti,4.0,-23.035,-44.6214,data/BirdClef/train_audio/banana/XC799776.ogg,gallery
XC297013,banana,Coereba flaveola,Bananaquit,Ross Gallardy,5.0,-6.0792,-76.9762,data/BirdClef/train_audio/banana/XC297013.ogg,gallery
XC771681,banana,Coereba flaveola,Bananaquit,David Monroy Rengifo,4.0,4.7816,-75.7321,data/BirdClef/train_audio/banana/XC771681.ogg,gallery
XC757619,banana,Coereba flaveola,Bananaquit,Robert Benson,4.0,18.2951,-65.8,data/BirdClef/train_audio/banana/XC757619.ogg,gallery
XC308651,banana,Coereba flaveola,Bananaquit,Ross Gallardy,4.0,18.09,-71.192,data/BirdClef/train_audio/banana/XC308651.ogg,gallery
XC259502,banana,Coereba flaveola,Bananaquit,John V. Moore,3.0,-4.915,-79.105,data/BirdClef/train_audio/banana/XC259502.ogg,gallery
XC146976,banana,Coereba flaveola,Bananaquit,Rafael Antunes Dias,4.0,-31.3266,-51.0719,data/BirdClef/train_audio/banana/XC146976.ogg,gallery
XC775648,banana,Coereba flaveola,Bananaquit,Paul Driver,5.0,24.187,-77.622,data/BirdClef/train_audio/banana/XC775648.ogg,gallery
XC778612,banana,Coereba flaveola,Bananaquit,ABirder,4.0,17.732,-64.8612,data/BirdClef/train_audio/banana/XC778612.ogg,gallery
XC737964,banana,Coereba flaveola,Bananaquit,Yair Guillermo Molina Martínez.,5.0,4.4921,-75.2813,data/BirdClef/train_audio/banana/XC737964.ogg,gallery
XC347839,banana,Coereba flaveola,Bananaquit,Ottavio Janni,4.0,1.3001,-78.0834,data/BirdClef/train_audio/banana/XC347839.ogg,gallery
XC416125,banana,Coereba flaveola,Bananaquit,Bobby Wilcox,4.0,-1.6779,-80.7952,data/BirdClef/train_audio/banana/XC416125.ogg,gallery
XC422567,banana,Coereba flaveola,Bananaquit,Fernando Igor de Godoy,4.0,-17.7419,-39.4548,data/BirdClef/train_audio/banana/XC422567.ogg,gallery
XC331386,banana,Coereba flaveola,Bananaquit,Bobby Wilcox,4.0,10.4347,-84.7095,data/BirdClef/train_audio/banana/XC331386.ogg,gallery
XC768806,banana,Coereba flaveola,Bananaquit,JAYRSON ARAUJO DE OLIVEIRA,5.0,-6.561,-47.4611,data/BirdClef/train_audio/banana/XC768806.ogg,gallery
XC372722,banana,Coereba flaveola,Bananaquit,Albert Lastukhin,5.0,9.9746,-84.4206,data/BirdClef/train_audio/banana/XC372722.ogg,gallery
XC450975,banana,Coereba flaveola,Bananaquit,Leonardo Ordóñez-Delgado,5.0,-2.4464,-78.1656,data/BirdClef/train_audio/banana/XC450975.ogg,gallery
XC186138,banana,Coereba flaveola,Bananaquit,Fernando Igor de Godoy,3.0,-23.9557,-46.6503,data/BirdClef/train_audio/banana/XC186138.ogg,gallery
XC384662,banana,Coereba flaveola,Bananaquit,Antônio Cláudio C. Almeida,3.0,-7.1195,-34.845,data/BirdClef/train_audio/banana/XC384662.ogg,gallery
XC782352,banana,Coereba flaveola,Bananaquit,JAYRSON ARAUJO DE OLIVEIRA,5.0,-12.2755,-55.0688,data/BirdClef/train_audio/banana/XC782352.ogg,gallery
XC196395,banana,Coereba flaveola,Bananaquit,Alex Bovo,3.0,-22.7057,-47.628,data/BirdClef/train_audio/banana/XC196395.ogg,gallery
XC196681,banana,Coereba flaveola,Bananaquit,Orlando Jarquín G.,4.0,10.9818,-84.3358,data/BirdClef/train_audio/banana/XC196681.ogg,gallery
XC1028247,banana,Coereba flaveola,Bananaquit,Islas Secas Resort,4.0,7.982,-82.0312,data/BirdClef/train_audio/banana/XC1028247.ogg,gallery
XC1059797,banana,Coereba flaveola,Bananaquit,Juan Pablo Valencia-Valderrama,3.5,4.0678,-76.1989,data/BirdClef/train_audio/banana/XC1059797.ogg,gallery
XC622477,banana,Coereba flaveola,Bananaquit,Mauricio Cuellar Ramirez (@Birding.travel),5.0,2.1869,-75.5584,data/BirdClef/train_audio/banana/XC622477.ogg,gallery
XC519808,banana,Coereba flaveola,Bananaquit,Rolf A. de By,4.0,4.0134,-55.4853,data/BirdClef/train_audio/banana/XC519808.ogg,gallery
XC375205,banana,Coereba flaveola,Bananaquit,Ricardo José Mitidieri,4.5,-22.3926,-42.3662,data/BirdClef/train_audio/banana/XC375205.ogg,gallery
XC84474,banana,Coereba flaveola,Bananaquit,Jeremy Minns,3.5,-14.01,-39.1834,data/BirdClef/train_audio/banana/XC84474.ogg,gallery
XC957251,banana,Coereba flaveola,Bananaquit,Scott Olmstead,4.0,8.3877,-77.7629,data/BirdClef/train_audio/banana/XC957251.ogg,gallery
XC316990,banana,Coereba flaveola,Bananaquit,Guy Kirwan,4.0,12.5369,-81.7118,data/BirdClef/train_audio/banana/XC316990.ogg,gallery
XC444909,banana,Coereba flaveola,Bananaquit,Rosendo Manuel Fraga,4.0,-1.3289,-48.261,data/BirdClef/train_audio/banana/XC444909.ogg,gallery
XC689903,banana,Coereba flaveola,Bananaquit,Dante Buzzetti,4.0,0.7623,-50.1636,data/BirdClef/train_audio/banana/XC689903.ogg,gallery
XC169849,banana,Coereba flaveola,Bananaquit,Roney Assis Souza,3.0,-19.2204,-42.4832,data/BirdClef/train_audio/banana/XC169849.ogg,gallery
XC170035,banana,Coereba flaveola,Bananaquit,Roney Assis Souza,3.0,-19.2204,-42.4832,data/BirdClef/train_audio/banana/XC170035.ogg,gallery
XC345364,banana,Coereba flaveola,Bananaquit,Tulio Dornas,4.0,-1.495,-48.308,data/BirdClef/train_audio/banana/XC345364.ogg,gallery
XC419425,banana,Coereba flaveola,Bananaquit,Fernando Igor de Godoy,5.0,-16.3162,-39.1848,data/BirdClef/train_audio/banana/XC419425.ogg,gallery
XC116489,banana,Coereba flaveola,Bananaquit,Scott Olmstead,5.0,-2.3175,-78.1207,data/BirdClef/train_audio/banana/XC116489.ogg,gallery
XC924677,banana,Coereba flaveola,Bananaquit,JAYRSON ARAUJO DE OLIVEIRA,3.5,-16.4353,-49.3948,data/BirdClef/train_audio/banana/XC924677.ogg,gallery
XC70807,banana,Coereba flaveola,Bananaquit,Daniel Lane,3.5,-25.3334,-48.9001,data/BirdClef/train_audio/banana/XC70807.ogg,gallery
XC616607,banana,Coereba flaveola,Bananaquit,Dante Buzzetti,4.0,-9.2144,-35.8726,data/BirdClef/train_audio/banana/XC616607.ogg,gallery
XC146937,banana,Coereba flaveola,Bananaquit,Josh Engel,4.0,-3.8141,-46.8045,data/BirdClef/train_audio/banana/XC146937.ogg,gallery
XC783178,banana,Coereba flaveola,Bananaquit,Peter de Rouw,4.0,18.089,-76.703,data/BirdClef/train_audio/banana/XC783178.ogg,gallery
XC37645,banana,Coereba flaveola,Bananaquit,Bob Planqué,5.0,-6.4847,-79.7543,data/BirdClef/train_audio/banana/XC37645.ogg,gallery
XC591270,banana,Coereba flaveola,Bananaquit,JAYRSON ARAUJO DE OLIVEIRA,5.0,-16.5631,-49.285,data/BirdClef/train_audio/banana/XC591270.ogg,gallery
XC576031,banana,Coereba flaveola,Bananaquit,Felipe Arantes,4.0,-22.2957,-48.135,data/BirdClef/train_audio/banana/XC576031.ogg,gallery
XC233959,banana,Coereba flaveola,Bananaquit,Jerome Fischer,3.0,0.1228,-78.9942,data/BirdClef/train_audio/banana/XC233959.ogg,gallery
XC288954,banana,Coereba flaveola,Bananaquit,Jerome Fischer,5.0,-22.4508,-42.7735,data/BirdClef/train_audio/banana/XC288954.ogg,gallery
XC419426,banana,Coereba flaveola,Bananaquit,Fernando Igor de Godoy,4.0,-16.3162,-39.1848,data/BirdClef/train_audio/banana/XC419426.ogg,gallery
XC196936,banana,Coereba flaveola,Bananaquit,Leonardo Ordóñez-Delgado,5.0,0.892,-78.0771,data/BirdClef/train_audio/banana/XC196936.ogg,gallery
XC830531,banana,Coereba flaveola,Bananaquit,JAYRSON ARAUJO DE OLIVEIRA,5.0,-5.9138,-49.9126,data/BirdClef/train_audio/banana/XC830531.ogg,gallery
XC84790,banana,Coereba flaveola,Bananaquit,Jeremy Minns,4.0,-7.4203,-39.3455,data/BirdClef/train_audio/banana/XC84790.ogg,gallery
XC789043,banana,Coereba flaveola,Bananaquit,JAYRSON ARAUJO DE OLIVEIRA,5.0,-13.3558,-47.2809,data/BirdClef/train_audio/banana/XC789043.ogg,gallery
XC520548,banana,Coereba flaveola,Bananaquit,Yair Guillermo Molina Martínez.,3.5,4.5646,-74.9392,data/BirdClef/train_audio/banana/XC520548.ogg,gallery
XC736959,banana,Coereba flaveola,Bananaquit,Shelby M Palmer,4.0,18.4063,-66.1436,data/BirdClef/train_audio/banana/XC736959.ogg,gallery
XC523838,banana,Coereba flaveola,Bananaquit,Mauricio Álvarez-Rebolledo (Colección de Sonidos Ambientales - Instituto Humboldt),4.0,9.63,-74.9122,data/BirdClef/train_audio/banana/XC523838.ogg,gallery
XC856541,banana,Coereba flaveola,Bananaquit,Michael Hurben,3.0,-24.0162,-47.8128,data/BirdClef/train_audio/banana/XC856541.ogg,gallery
XC838476,banana,Coereba flaveola,Bananaquit,Francisco contreras,4.0,11.4064,-69.6675,data/BirdClef/train_audio/banana/XC838476.ogg,gallery
XC84475,banana,Coereba flaveola,Bananaquit,Jeremy Minns,4.0,-16.3458,-39.1395,data/BirdClef/train_audio/banana/XC84475.ogg,gallery
XC192713,banana,Coereba flaveola,Bananaquit,Roberto Buss Stringari,5.0,-26.9862,-48.6476,data/BirdClef/train_audio/banana/XC192713.ogg,gallery
XC32051,banana,Coereba flaveola,Bananaquit,Daniel Lane,5.0,18.452,-66.5976,data/BirdClef/train_audio/banana/XC32051.ogg,gallery
XC195411,banana,Coereba flaveola,Bananaquit,Leonardo Ordóñez-Delgado,5.0,-1.7103,-79.3876,data/BirdClef/train_audio/banana/XC195411.ogg,gallery
XC1025691,banana,Coereba flaveola,Bananaquit,JAYRSON ARAUJO DE OLIVEIRA,3.0,-5.853,-35.1819,data/BirdClef/train_audio/banana/XC1025691.ogg,gallery
XC939057,banana,Coereba flaveola,Bananaquit,Ricardo José Mitidieri,5.0,-22.9048,-43.1028,data/BirdClef/train_audio/banana/XC939057.ogg,gallery
XC33682,banana,Coereba flaveola,Bananaquit,Daniel Lane,4.5,18.1787,-66.9931,data/BirdClef/train_audio/banana/XC33682.ogg,gallery
XC122402,banana,Coereba flaveola,Bananaquit,Alexandre Bianco,3.0,-26.2692,-48.9527,data/BirdClef/train_audio/banana/XC122402.ogg,gallery
XC465602,banana,Coereba flaveola,Bananaquit,Alfonso Auerbach,3.0,15.3005,-85.3024,data/BirdClef/train_audio/banana/XC465602.ogg,gallery
XC421240,banana,Coereba flaveola,Bananaquit,Brice de la Croix,3.0,5.1014,-52.7736,data/BirdClef/train_audio/banana/XC421240.ogg,gallery
XC939505,banana,Coereba flaveola,Bananaquit,JAYRSON ARAUJO DE OLIVEIRA,5.0,1.4022,-60.9869,data/BirdClef/train_audio/banana/XC939505.ogg,gallery
XC913488,banana,Coereba flaveola,Bananaquit,JAYRSON ARAUJO DE OLIVEIRA,3.5,-16.5631,-49.285,data/BirdClef/train_audio/banana/XC913488.ogg,gallery
XC277013,banana,Coereba flaveola,Bananaquit,Jesse Fagan,4.0,25.3922,-76.5648,data/BirdClef/train_audio/banana/XC277013.ogg,gallery
XC939911,banana,Coereba flaveola,Bananaquit,JAYRSON ARAUJO DE OLIVEIRA,5.0,1.8299,-61.1451,data/BirdClef/train_audio/banana/XC939911.ogg,gallery
XC1035894,banana,Coereba flaveola,Bananaquit,Mauricio Cuéllar-Ramírez,5.0,1.7135,-75.7326,data/BirdClef/train_audio/banana/XC1035894.ogg,gallery
XC387899,banana,Coereba flaveola,Bananaquit,Étienne Leroy,4.0,5.4092,-53.6773,data/BirdClef/train_audio/banana/XC387899.ogg,gallery
XC737041,banana,Coereba flaveola,Bananaquit,JAYRSON ARAUJO DE OLIVEIRA,4.5,-16.1605,-49.5395,data/BirdClef/train_audio/banana/XC737041.ogg,gallery
XC835328,banana,Coereba flaveola,Bananaquit,Francisco contreras,4.0,-22.2617,-44.5075,data/BirdClef/train_audio/banana/XC835328.ogg,gallery
XC303796,banana,Coereba flaveola,Bananaquit,Jeremy Minns,3.0,-12.5304,-41.5757,data/BirdClef/train_audio/banana/XC303796.ogg,gallery
XC211366,banana,Coereba flaveola,Bananaquit,Nick Komar,3.0,18.2993,-76.8157,data/BirdClef/train_audio/banana/XC211366.ogg,gallery
XC346009,banana,Coereba flaveola,Bananaquit,Nick Komar,3.0,9.4935,-75.3475,data/BirdClef/train_audio/banana/XC346009.ogg,gallery
XC924682,banana,Coereba flaveola,Bananaquit,JAYRSON ARAUJO DE OLIVEIRA,4.0,-16.4353,-49.3948,data/BirdClef/train_audio/banana/XC924682.ogg,gallery
XC269287,banana,Coereba flaveola,Bananaquit,Daniel Blamires,4.0,-16.4456,-51.1201,data/BirdClef/train_audio/banana/XC269287.ogg,gallery
XC462887,banana,Coereba flaveola,Bananaquit,Leonardo Ordóñez-Delgado,4.5,-2.4464,-78.1656,data/BirdClef/train_audio/banana/XC462887.ogg,gallery
XC84478,banana,Coereba flaveola,Bananaquit,Jeremy Minns,4.0,-12.5304,-41.5757,data/BirdClef/train_audio/banana/XC84478.ogg,gallery
XC939494,banana,Coereba flaveola,Bananaquit,JAYRSON ARAUJO DE OLIVEIRA,5.0,1.4022,-60.9869,data/BirdClef/train_audio/banana/XC939494.ogg,gallery
XC939064,banana,Coereba flaveola,Bananaquit,JAYRSON ARAUJO DE OLIVEIRA,5.0,2.8044,-60.6718,data/BirdClef/train_audio/banana/XC939064.ogg,gallery
XC523831,banana,Coereba flaveola,Bananaquit,Mauricio Álvarez-Rebolledo (Colección de Sonidos Ambientales - Instituto Humboldt),4.0,10.36,-75.5697,data/BirdClef/train_audio/banana/XC523831.ogg,gallery
XC738630,banana,Coereba flaveola,Bananaquit,JAYRSON ARAUJO DE OLIVEIRA,4.5,-16.5849,-49.1211,data/BirdClef/train_audio/banana/XC738630.ogg,gallery
XC360840,banana,Coereba flaveola,Bananaquit,Nick Komar,5.0,9.496,-75.3505,data/BirdClef/train_audio/banana/XC360840.ogg,gallery
XC251903,banana,Coereba flaveola,Bananaquit,Eric DeFonso,3.5,-22.4508,-42.7735,data/BirdClef/train_audio/banana/XC251903.ogg,gallery
XC795744,banana,Coereba flaveola,Bananaquit,David Monroy Rengifo,5.0,12.5369,-81.7118,data/BirdClef/train_audio/banana/XC795744.ogg,gallery
XC428514,banana,Coereba flaveola,Bananaquit,Victor Antonelli,5.0,-22.8842,-48.4442,data/BirdClef/train_audio/banana/XC428514.ogg,gallery
XC496296,banana,Coereba flaveola,Bananaquit,Nicolas Rozo ,3.0,4.683,-74.389,data/BirdClef/train_audio/banana/XC496296.ogg,gallery
XC838715,banana,Coereba flaveola,Bananaquit,Francisco contreras,5.0,11.4379,-69.5966,data/BirdClef/train_audio/banana/XC838715.ogg,gallery
XC283825,banana,Coereba flaveola,Bananaquit,Jerome Fischer,5.0,-22.4508,-42.7735,data/BirdClef/train_audio/banana/XC283825.ogg,gallery
XC652646,banana,Coereba flaveola,Bananaquit,JAYRSON ARAUJO DE OLIVEIRA,3.5,-16.6003,-49.2802,data/BirdClef/train_audio/banana/XC652646.ogg,gallery
XC32077,banana,Coereba flaveola,Bananaquit,Daniel Lane,4.0,17.9737,-67.0498,data/BirdClef/train_audio/banana/XC32077.ogg,gallery
XC379472,barant1,Thamnophilus doliatus,Barred Antshrike,Evair Legal,4.0,-26.643,-52.4518,data/BirdClef/train_audio/barant1/XC379472.ogg,gallery
XC922820,barant1,Thamnophilus doliatus,Barred Antshrike,Marcos E. Sosa,5.0,-25.6817,-54.4538,data/BirdClef/train_audio/barant1/XC922820.ogg,gallery
XC897713,barant1,Thamnophilus doliatus,Barred Antshrike,Marcos E. Sosa,3.0,-25.6797,-54.4474,data/BirdClef/train_audio/barant1/XC897713.ogg,gallery
XC1032319,barant1,Thamnophilus doliatus,Barred Antshrike,Bobby Wilcox,4.0,-25.6177,-54.5485,data/BirdClef/train_audio/barant1/XC1032319.ogg,gallery
XC616635,barant1,Thamnophilus doliatus,Barred Antshrike,Guillermo Menéndez (gmmv80),5.0,-25.2507,-57.4092,data/BirdClef/train_audio/barant1/XC616635.ogg,gallery
XC685844,barant1,Thamnophilus doliatus,Barred Antshrike,Luiz C.  Silva,5.0,-23.7629,-53.8803,data/BirdClef/train_audio/barant1/XC685844.ogg,gallery
XC737831,barant1,Thamnophilus doliatus,Barred Antshrike,Dante Buzzetti,4.0,-23.2381,-47.8403,data/BirdClef/train_audio/barant1/XC737831.ogg,gallery
XC444477,barant1,Thamnophilus doliatus,Barred Antshrike,Rosendo Manuel Fraga,5.0,-23.0236,-59.0123,data/BirdClef/train_audio/barant1/XC444477.ogg,gallery
XC504813,barant1,Thamnophilus doliatus,Barred Antshrike,Fernando Igor de Godoy,4.0,-23.0151,-48.0136,data/BirdClef/train_audio/barant1/XC504813.ogg,gallery
XC447988,barant1,Thamnophilus doliatus,Barred Antshrike,Victor Antonelli,5.0,-22.8842,-48.4442,data/BirdClef/train_audio/barant1/XC447988.ogg,gallery
XC993193,barant1,Thamnophilus doliatus,Barred Antshrike,Dante Buzzetti,4.0,-22.5177,-52.2961,data/BirdClef/train_audio/barant1/XC993193.ogg,gallery
XC492020,barant1,Thamnophilus doliatus,Barred Antshrike,Arthur Gomes,3.5,-22.4069,-47.5266,data/BirdClef/train_audio/barant1/XC492020.ogg,gallery
XC705070,barant1,Thamnophilus doliatus,Barred Antshrike,Fernando Igor de Godoy,3.0,-22.3282,-48.7181,data/BirdClef/train_audio/barant1/XC705070.ogg,gallery
XC496233,barant1,Thamnophilus doliatus,Barred Antshrike,Arthur Gomes,4.0,-22.2339,-47.6191,data/BirdClef/train_audio/barant1/XC496233.ogg,gallery
XC212420,barant1,Thamnophilus doliatus,Barred Antshrike,Fernando Igor de Godoy,4.0,-21.854,-47.4925,data/BirdClef/train_audio/barant1/XC212420.ogg,gallery
XC212419,barant1,Thamnophilus doliatus,Barred Antshrike,Fernando Igor de Godoy,4.0,-21.854,-47.4925,data/BirdClef/train_audio/barant1/XC212419.ogg,gallery
XC421678,barant1,Thamnophilus doliatus,Barred Antshrike,Fernando Igor de Godoy,4.0,-20.7882,-51.703,data/BirdClef/train_audio/barant1/XC421678.ogg,gallery
XC470902,barant1,Thamnophilus doliatus,Barred Antshrike,Ricardo Gagliardi,5.0,-20.6868,-48.9113,data/BirdClef/train_audio/barant1/XC470902.ogg,gallery
XC1000937,barant1,Thamnophilus doliatus,Barred Antshrike,Dante Buzzetti,4.0,-20.6828,-51.9023,data/BirdClef/train_audio/barant1/XC1000937.ogg,gallery
XC833933,barant1,Thamnophilus doliatus,Barred Antshrike,Dante Buzzetti,4.0,-20.5723,-51.8519,data/BirdClef/train_audio/barant1/XC833933.ogg,gallery
XC708676,barant1,Thamnophilus doliatus,Barred Antshrike,Fernando Igor de Godoy,5.0,-19.727,-50.1938,data/BirdClef/train_audio/barant1/XC708676.ogg,gallery
XC2620,barant1,Thamnophilus doliatus,Barred Antshrike,Sjoerd Mayer,4.5,-19.5501,-62.5623,data/BirdClef/train_audio/barant1/XC2620.ogg,gallery
XC241079,barant1,Thamnophilus doliatus,Barred Antshrike,Jeremy Minns,5.0,-19.2667,-57.0167,data/BirdClef/train_audio/barant1/XC241079.ogg,gallery
XC241075,barant1,Thamnophilus doliatus,Barred Antshrike,Jeremy Minns,4.5,-19.2667,-57.0167,data/BirdClef/train_audio/barant1/XC241075.ogg,gallery
XC80114,barant1,Thamnophilus doliatus,Barred Antshrike,Jeremy Minns,4.5,-19.2667,-57.0167,data/BirdClef/train_audio/barant1/XC80114.ogg,gallery
XC838412,barant1,Thamnophilus doliatus,Barred Antshrike,JAYRSON ARAUJO DE OLIVEIRA,4.0,-18.9287,-51.679,data/BirdClef/train_audio/barant1/XC838412.ogg,gallery
XC189526,barant1,Thamnophilus doliatus,Barred Antshrike,Luiz Gabriel Mazzoni,4.5,-18.4006,-47.1737,data/BirdClef/train_audio/barant1/XC189526.ogg,gallery
XC973711,barant1,Thamnophilus doliatus,Barred Antshrike,Dante Buzzetti,4.0,-18.2698,-52.7561,data/BirdClef/train_audio/barant1/XC973711.ogg,gallery
XC706097,barant1,Thamnophilus doliatus,Barred Antshrike,Fernando Igor de Godoy,4.0,-18.002,-40.381,data/BirdClef/train_audio/barant1/XC706097.ogg,gallery
XC2591,barant1,Thamnophilus doliatus,Barred Antshrike,Sjoerd Mayer,3.5,-17.468,-63.661,data/BirdClef/train_audio/barant1/XC2591.ogg,gallery
XC704567,barant1,Thamnophilus doliatus,Barred Antshrike,JAYRSON ARAUJO DE OLIVEIRA,3.5,-16.8082,-49.1719,data/BirdClef/train_audio/barant1/XC704567.ogg,gallery
XC124607,barant1,Thamnophilus doliatus,Barred Antshrike,Eric DeFonso,4.0,-16.7581,-56.8764,data/BirdClef/train_audio/barant1/XC124607.ogg,gallery
XC123670,barant1,Thamnophilus doliatus,Barred Antshrike,Eric DeFonso,3.5,-16.7581,-56.8764,data/BirdClef/train_audio/barant1/XC123670.ogg,gallery
XC872651,barant1,Thamnophilus doliatus,Barred Antshrike,JAYRSON ARAUJO DE OLIVEIRA,3.5,-16.6101,-50.2978,data/BirdClef/train_audio/barant1/XC872651.ogg,gallery
XC872645,barant1,Thamnophilus doliatus,Barred Antshrike,JAYRSON ARAUJO DE OLIVEIRA,3.5,-16.6101,-50.2978,data/BirdClef/train_audio/barant1/XC872645.ogg,gallery
XC413857,barant1,Thamnophilus doliatus,Barred Antshrike,JAYRSON ARAUJO DE OLIVEIRA,5.0,-16.5728,-49.3122,data/BirdClef/train_audio/barant1/XC413857.ogg,gallery
XC713779,barant1,Thamnophilus doliatus,Barred Antshrike,JAYRSON ARAUJO DE OLIVEIRA,3.5,-16.5728,-49.3122,data/BirdClef/train_audio/barant1/XC713779.ogg,gallery
XC599227,barant1,Thamnophilus doliatus,Barred Antshrike,JAYRSON ARAUJO DE OLIVEIRA,5.0,-16.5631,-49.285,data/BirdClef/train_audio/barant1/XC599227.ogg,gallery
XC413856,barant1,Thamnophilus doliatus,Barred Antshrike,JAYRSON ARAUJO DE OLIVEIRA,5.0,-16.5631,-49.285,data/BirdClef/train_audio/barant1/XC413856.ogg,gallery
XC704198,barant1,Thamnophilus doliatus,Barred Antshrike,JAYRSON ARAUJO DE OLIVEIRA,3.5,-16.5631,-49.285,data/BirdClef/train_audio/barant1/XC704198.ogg,gallery
XC913482,barant1,Thamnophilus doliatus,Barred Antshrike,JAYRSON ARAUJO DE OLIVEIRA,3.0,-16.5631,-49.285,data/BirdClef/train_audio/barant1/XC913482.ogg,gallery
XC743226,barant1,Thamnophilus doliatus,Barred Antshrike,JAYRSON ARAUJO DE OLIVEIRA,4.0,-16.5456,-49.1572,data/BirdClef/train_audio/barant1/XC743226.ogg,gallery
XC341069,barant1,Thamnophilus doliatus,Barred Antshrike,Jeremy Minns,5.0,-16.5167,-56.7167,data/BirdClef/train_audio/barant1/XC341069.ogg,gallery
XC80113,barant1,Thamnophilus doliatus,Barred Antshrike,Jeremy Minns,4.5,-16.5167,-56.7167,data/BirdClef/train_audio/barant1/XC80113.ogg,gallery
XC80112,barant1,Thamnophilus doliatus,Barred Antshrike,Jeremy Minns,4.5,-16.5167,-56.7167,data/BirdClef/train_audio/barant1/XC80112.ogg,gallery
XC971830,barant1,Thamnophilus doliatus,Barred Antshrike,JAYRSON ARAUJO DE OLIVEIRA,4.0,-16.5108,-49.2939,data/BirdClef/train_audio/barant1/XC971830.ogg,gallery
XC800348,barant1,Thamnophilus doliatus,Barred Antshrike,JAYRSON ARAUJO DE OLIVEIRA,4.5,-16.4727,-49.4959,data/BirdClef/train_audio/barant1/XC800348.ogg,gallery
XC953418,barant1,Thamnophilus doliatus,Barred Antshrike,Daniel Blamires,3.0,-16.4456,-51.1201,data/BirdClef/train_audio/barant1/XC953418.ogg,gallery
XC419562,barant1,Thamnophilus doliatus,Barred Antshrike,Fernando Igor de Godoy,4.0,-16.1408,-39.7502,data/BirdClef/train_audio/barant1/XC419562.ogg,gallery
XC419561,barant1,Thamnophilus doliatus,Barred Antshrike,Fernando Igor de Godoy,4.0,-16.1408,-39.7502,data/BirdClef/train_audio/barant1/XC419561.ogg,gallery
XC840171,barant1,Thamnophilus doliatus,Barred Antshrike,JAYRSON ARAUJO DE OLIVEIRA,4.5,-16.0538,-49.604,data/BirdClef/train_audio/barant1/XC840171.ogg,gallery
XC840165,barant1,Thamnophilus doliatus,Barred Antshrike,JAYRSON ARAUJO DE OLIVEIRA,3.5,-16.0538,-49.604,data/BirdClef/train_audio/barant1/XC840165.ogg,gallery
XC706965,barant1,Thamnophilus doliatus,Barred Antshrike,JAYRSON ARAUJO DE OLIVEIRA,4.0,-16.0538,-49.604,data/BirdClef/train_audio/barant1/XC706965.ogg,gallery
XC699610,barant1,Thamnophilus doliatus,Barred Antshrike,JAYRSON ARAUJO DE OLIVEIRA,3.5,-16.0538,-49.604,data/BirdClef/train_audio/barant1/XC699610.ogg,gallery
XC699615,barant1,Thamnophilus doliatus,Barred Antshrike,JAYRSON ARAUJO DE OLIVEIRA,3.0,-16.0538,-49.604,data/BirdClef/train_audio/barant1/XC699615.ogg,gallery
XC400262,barant1,Thamnophilus doliatus,Barred Antshrike,Breno Dias Vitorino,3.0,-15.6421,-57.1899,data/BirdClef/train_audio/barant1/XC400262.ogg,gallery
XC241081,barant1,Thamnophilus doliatus,Barred Antshrike,Jeremy Minns,5.0,-15.5999,-44.4103,data/BirdClef/train_audio/barant1/XC241081.ogg,gallery
XC829989,barant1,Thamnophilus doliatus,Barred Antshrike,Adam Sell,3.5,-15.5788,-56.1054,data/BirdClef/train_audio/barant1/XC829989.ogg,gallery
XC514674,barant1,Thamnophilus doliatus,Barred Antshrike,Dante Buzzetti,4.0,-15.1218,-44.2548,data/BirdClef/train_audio/barant1/XC514674.ogg,gallery
XC80109,barant1,Thamnophilus doliatus,Barred Antshrike,Jeremy Minns,5.0,-15.1,-55.6167,data/BirdClef/train_audio/barant1/XC80109.ogg,gallery
XC2760,barant1,Thamnophilus doliatus,Barred Antshrike,Sjoerd Mayer,4.5,-14.9001,-64.7167,data/BirdClef/train_audio/barant1/XC2760.ogg,gallery
XC174036,barant1,Thamnophilus doliatus,Barred Antshrike,João Antônio de B. Vitto,4.0,-14.8264,-56.4241,data/BirdClef/train_audio/barant1/XC174036.ogg,gallery
XC443367,barant1,Thamnophilus doliatus,Barred Antshrike,JAYRSON ARAUJO DE OLIVEIRA,5.0,-14.625,-49.0051,data/BirdClef/train_audio/barant1/XC443367.ogg,gallery
XC812923,barant1,Thamnophilus doliatus,Barred Antshrike,Mateus Gonçalves Santos ,4.5,-14.5688,-40.3242,data/BirdClef/train_audio/barant1/XC812923.ogg,gallery
XC378759,barant1,Thamnophilus doliatus,Barred Antshrike,Mateus G. Santos ,5.0,-14.5642,-40.3291,data/BirdClef/train_audio/barant1/XC378759.ogg,gallery
XC64256,barant1,Thamnophilus doliatus,Barred Antshrike,Joseph Tobias and Nathalie Seddon,4.0,-14.55,-60.93,data/BirdClef/train_audio/barant1/XC64256.ogg,gallery
XC949524,barant1,Thamnophilus doliatus,Barred Antshrike,JAYRSON ARAUJO DE OLIVEIRA,4.0,-14.4095,-50.9777,data/BirdClef/train_audio/barant1/XC949524.ogg,gallery
XC949482,barant1,Thamnophilus doliatus,Barred Antshrike,JAYRSON ARAUJO DE OLIVEIRA,3.5,-14.4095,-50.9777,data/BirdClef/train_audio/barant1/XC949482.ogg,gallery
XC949481,barant1,Thamnophilus doliatus,Barred Antshrike,JAYRSON ARAUJO DE OLIVEIRA,3.5,-14.4095,-50.9777,data/BirdClef/train_audio/barant1/XC949481.ogg,gallery
XC837975,barant1,Thamnophilus doliatus,Barred Antshrike,JAYRSON ARAUJO DE OLIVEIRA,3.5,-14.0858,-50.8244,data/BirdClef/train_audio/barant1/XC837975.ogg,gallery
XC80110,barant1,Thamnophilus doliatus,Barred Antshrike,Jeremy Minns,4.5,-13.7419,-46.8803,data/BirdClef/train_audio/barant1/XC80110.ogg,gallery
XC323953,barant1,Thamnophilus doliatus,Barred Antshrike,Jeremy Minns,3.5,-13.7419,-46.8803,data/BirdClef/train_audio/barant1/XC323953.ogg,gallery
XC64257,barant1,Thamnophilus doliatus,Barred Antshrike,Joseph Tobias and Nathalie Seddon,5.0,-13.5538,-61.0087,data/BirdClef/train_audio/barant1/XC64257.ogg,gallery
XC64258,barant1,Thamnophilus doliatus,Barred Antshrike,Joseph Tobias and Nathalie Seddon,4.0,-13.5538,-61.0087,data/BirdClef/train_audio/barant1/XC64258.ogg,gallery
XC296983,barant1,Thamnophilus doliatus,Barred Antshrike,Sebastian K. Herzog,4.5,-13.4895,-66.1027,data/BirdClef/train_audio/barant1/XC296983.ogg,gallery
XC788979,barant1,Thamnophilus doliatus,Barred Antshrike,JAYRSON ARAUJO DE OLIVEIRA,4.5,-13.3725,-47.327,data/BirdClef/train_audio/barant1/XC788979.ogg,gallery
XC257080,barant1,Thamnophilus doliatus,Barred Antshrike,Daniel F. Lane,4.5,-12.65,-69.3,data/BirdClef/train_audio/barant1/XC257080.ogg,gallery
XC257079,barant1,Thamnophilus doliatus,Barred Antshrike,Daniel F. Lane,5.0,-12.65,-69.3,data/BirdClef/train_audio/barant1/XC257079.ogg,gallery
XC163772,barant1,Thamnophilus doliatus,Barred Antshrike,Martin St-Michel,4.0,-12.6119,-69.1952,data/BirdClef/train_audio/barant1/XC163772.ogg,gallery
XC126246,barant1,Thamnophilus doliatus,Barred Antshrike,Martin St-Michel,4.0,-12.6119,-69.1952,data/BirdClef/train_audio/barant1/XC126246.ogg,gallery
XC453508,barant1,Thamnophilus doliatus,Barred Antshrike,Will Sweet,5.0,-12.5687,-70.0928,data/BirdClef/train_audio/barant1/XC453508.ogg,gallery
XC80111,barant1,Thamnophilus doliatus,Barred Antshrike,Jeremy Minns,5.0,-12.5304,-41.5757,data/BirdClef/train_audio/barant1/XC80111.ogg,gallery
XC80108,barant1,Thamnophilus doliatus,Barred Antshrike,Jeremy Minns,4.5,-12.5304,-41.5757,data/BirdClef/train_audio/barant1/XC80108.ogg,gallery
XC80107,barant1,Thamnophilus doliatus,Barred Antshrike,Jeremy Minns,4.5,-12.5304,-41.5757,data/BirdClef/train_audio/barant1/XC80107.ogg,gallery
XC782379,barant1,Thamnophilus doliatus,Barred Antshrike,JAYRSON ARAUJO DE OLIVEIRA,5.0,-12.3726,-54.9346,data/BirdClef/train_audio/barant1/XC782379.ogg,gallery
XC696973,barant1,Thamnophilus doliatus,Barred Antshrike,JAYRSON ARAUJO DE OLIVEIRA,3.5,-10.3508,-38.9426,data/BirdClef/train_audio/barant1/XC696973.ogg,gallery
XC808639,barant1,Thamnophilus doliatus,Barred Antshrike,Dante Buzzetti,4.0,-9.642,-50.1294,data/BirdClef/train_audio/barant1/XC808639.ogg,gallery
XC430732,barant1,Thamnophilus doliatus,Barred Antshrike,Jônatas Machado,5.0,-9.5936,-67.5411,data/BirdClef/train_audio/barant1/XC430732.ogg,gallery
XC437964,barant1,Thamnophilus doliatus,Barred Antshrike,Bobby Wilcox,4.0,-9.5627,-55.9207,data/BirdClef/train_audio/barant1/XC437964.ogg,gallery
XC569187,barant1,Thamnophilus doliatus,Barred Antshrike,Dante Buzzetti,4.0,-9.459,-70.4824,data/BirdClef/train_audio/barant1/XC569187.ogg,gallery
XC564692,barant1,Thamnophilus doliatus,Barred Antshrike,Dante Buzzetti,5.0,-9.4399,-70.4797,data/BirdClef/train_audio/barant1/XC564692.ogg,gallery
XC579129,barant1,Thamnophilus doliatus,Barred Antshrike,Guilherme Santos Toledo de Lima,3.0,-9.343,-37.8697,data/BirdClef/train_audio/barant1/XC579129.ogg,gallery
XC794831,barant1,Thamnophilus doliatus,Barred Antshrike,Dante Buzzetti,4.0,-9.2856,-50.0142,data/BirdClef/train_audio/barant1/XC794831.ogg,gallery
XC794814,barant1,Thamnophilus doliatus,Barred Antshrike,Dante Buzzetti,4.0,-9.2856,-50.0142,data/BirdClef/train_audio/barant1/XC794814.ogg,gallery
XC720797,barant1,Thamnophilus doliatus,Barred Antshrike,Dante Buzzetti,4.0,-9.2856,-50.0142,data/BirdClef/train_audio/barant1/XC720797.ogg,gallery
XC711048,barant1,Thamnophilus doliatus,Barred Antshrike,Dante Buzzetti,4.0,-9.2856,-50.0142,data/BirdClef/train_audio/barant1/XC711048.ogg,gallery
XC660096,barant1,Thamnophilus doliatus,Barred Antshrike,Dante Buzzetti,4.0,-9.2856,-50.0142,data/BirdClef/train_audio/barant1/XC660096.ogg,gallery
XC1030226,barant1,Thamnophilus doliatus,Barred Antshrike,Dante Buzzetti,3.0,-9.1601,-40.2982,data/BirdClef/train_audio/barant1/XC1030226.ogg,gallery
XC895842,barant1,Thamnophilus doliatus,Barred Antshrike,Dante Buzzetti,4.0,-8.7777,-39.8432,data/BirdClef/train_audio/barant1/XC895842.ogg,gallery
XC342820,barant1,Thamnophilus doliatus,Barred Antshrike,Tulio Dornas,4.0,-8.6204,-48.4106,data/BirdClef/train_audio/barant1/XC342820.ogg,gallery
XC156971,barant1,Thamnophilus doliatus,Barred Antshrike,Eduardo D. Schultz,3.0,-7.7687,-47.3684,data/BirdClef/train_audio/barant1/XC156971.ogg,gallery
XC524936,barant1,Thamnophilus doliatus,Barred Antshrike,Dante Buzzetti,4.0,-7.4577,-47.4918,data/BirdClef/train_audio/barant1/XC524936.ogg,gallery
XC712951,barant1,Thamnophilus doliatus,Barred Antshrike,Barry Edmonston,4.0,-7.2501,-39.5834,data/BirdClef/train_audio/barant1/XC712951.ogg,gallery
XC712950,barant1,Thamnophilus doliatus,Barred Antshrike,Barry Edmonston,4.0,-7.2501,-39.5834,data/BirdClef/train_audio/barant1/XC712950.ogg,gallery
XC712947,barant1,Thamnophilus doliatus,Barred Antshrike,Barry Edmonston,3.0,-7.2501,-39.5834,data/BirdClef/train_audio/barant1/XC712947.ogg,gallery
XC712946,barant1,Thamnophilus doliatus,Barred Antshrike,Barry Edmonston,3.0,-7.2501,-39.5834,data/BirdClef/train_audio/barant1/XC712946.ogg,gallery
XC451813,barant1,Thamnophilus doliatus,Barred Antshrike,JAYRSON ARAUJO DE OLIVEIRA,3.0,-7.0849,-40.0832,data/BirdClef/train_audio/barant1/XC451813.ogg,gallery
XC257078,barant1,Thamnophilus doliatus,Barred Antshrike,Daniel F. Lane,5.0,-6.733,-76.383,data/BirdClef/train_audio/barant1/XC257078.ogg,gallery
XC817233,barant1,Thamnophilus doliatus,Barred Antshrike,JAYRSON ARAUJO DE OLIVEIRA,4.0,-6.3776,-47.4047,data/BirdClef/train_audio/barant1/XC817233.ogg,gallery
XC446768,barant1,Thamnophilus doliatus,Barred Antshrike,Wilson Diaz,4.0,-6.0357,-77.0668,data/BirdClef/train_audio/barant1/XC446768.ogg,gallery
XC974565,barant1,Thamnophilus doliatus,Barred Antshrike,JAYRSON ARAUJO DE OLIVEIRA,5.0,-4.7958,-42.615,data/BirdClef/train_audio/barant1/XC974565.ogg,gallery
XC974564,barant1,Thamnophilus doliatus,Barred Antshrike,JAYRSON ARAUJO DE OLIVEIRA,4.0,-4.7958,-42.615,data/BirdClef/train_audio/barant1/XC974564.ogg,gallery
XC296590,barant1,Thamnophilus doliatus,Barred Antshrike,Ross Gallardy,5.0,-4.3025,-73.2867,data/BirdClef/train_audio/barant1/XC296590.ogg,gallery
XC338790,barant1,Thamnophilus doliatus,Barred Antshrike,Jeremy Minns,4.5,-4.2889,-70.2948,data/BirdClef/train_audio/barant1/XC338790.ogg,gallery
XC436775,barant1,Thamnophilus doliatus,Barred Antshrike,Jerome Fischer,5.0,-4.2889,-70.2948,data/BirdClef/train_audio/barant1/XC436775.ogg,gallery
XC436758,barant1,Thamnophilus doliatus,Barred Antshrike,Jerome Fischer,5.0,-4.2889,-70.2948,data/BirdClef/train_audio/barant1/XC436758.ogg,gallery
XC567783,barant1,Thamnophilus doliatus,Barred Antshrike,Michael Hurben,4.0,-3.4511,-72.8658,data/BirdClef/train_audio/barant1/XC567783.ogg,gallery
XC275012,barant1,Thamnophilus doliatus,Barred Antshrike,Robert S. Ridgely,4.5,-0.6,-75.383,data/BirdClef/train_audio/barant1/XC275012.ogg,gallery
XC258346,barant1,Thamnophilus doliatus,Barred Antshrike,John V. Moore,5.0,-0.504,-76.406,data/BirdClef/train_audio/barant1/XC258346.ogg,gallery
XC817561,barant1,Thamnophilus doliatus,Barred Antshrike,Barry Edmonston,5.0,-0.4373,-76.2804,data/BirdClef/train_audio/barant1/XC817561.ogg,gallery
XC258345,barant1,Thamnophilus doliatus,Barred Antshrike,John V. Moore,5.0,-0.398,-76.128,data/BirdClef/train_audio/barant1/XC258345.ogg,gallery
XC304275,barant1,Thamnophilus doliatus,Barred Antshrike,Brayan Coral Jaramillo,4.0,2.213,-73.823,data/BirdClef/train_audio/barant1/XC304275.ogg,gallery
XC622471,barant1,Thamnophilus doliatus,Barred Antshrike,Mauricio Cuellar Ramirez (@Birding.travel),5.0,2.2192,-75.6135,data/BirdClef/train_audio/barant1/XC622471.ogg,gallery
XC589663,barant1,Thamnophilus doliatus,Barred Antshrike,Mauricio Cuellar Ramirez (@Birding.travel),5.0,2.2192,-75.6135,data/BirdClef/train_audio/barant1/XC589663.ogg,gallery
XC589661,barant1,Thamnophilus doliatus,Barred Antshrike,Mauricio Cuellar Ramirez (@Birding.travel),5.0,2.2192,-75.6135,data/BirdClef/train_audio/barant1/XC589661.ogg,gallery
XC939048,barant1,Thamnophilus doliatus,Barred Antshrike,JAYRSON ARAUJO DE OLIVEIRA,5.0,2.8044,-60.6718,data/BirdClef/train_audio/barant1/XC939048.ogg,gallery
XC332324,barant1,Thamnophilus doliatus,Barred Antshrike,David Ricardo Rodríguez Villamil,4.0,3.3039,-73.3615,data/BirdClef/train_audio/barant1/XC332324.ogg,gallery
XC332325,barant1,Thamnophilus doliatus,Barred Antshrike,David Ricardo Rodríguez Villamil,3.0,3.3039,-73.3615,data/BirdClef/train_audio/barant1/XC332325.ogg,gallery
XC357244,barant1,Thamnophilus doliatus,Barred Antshrike,Guy Kirwan,4.0,3.8809,-67.8813,data/BirdClef/train_audio/barant1/XC357244.ogg,gallery
XC912202,barant1,Thamnophilus doliatus,Barred Antshrike,Delaitre guillaume,3.0,4.1129,-52.6198,data/BirdClef/train_audio/barant1/XC912202.ogg,gallery
XC912191,barant1,Thamnophilus doliatus,Barred Antshrike,Delaitre guillaume,3.0,4.1129,-52.6198,data/BirdClef/train_audio/barant1/XC912191.ogg,gallery
XC1054647,barant1,Thamnophilus doliatus,Barred Antshrike,Delaitre guillaume,3.0,4.2829,-52.2854,data/BirdClef/train_audio/barant1/XC1054647.ogg,gallery
XC1054418,barant1,Thamnophilus doliatus,Barred Antshrike,Delaitre guillaume,3.0,4.2829,-52.2854,data/BirdClef/train_audio/barant1/XC1054418.ogg,gallery
XC380822,barant1,Thamnophilus doliatus,Barred Antshrike,Andres Angulo ,3.0,4.2832,-74.7591,data/BirdClef/train_audio/barant1/XC380822.ogg,gallery
XC428300,barant1,Thamnophilus doliatus,Barred Antshrike,Jerome Fischer,5.0,4.351,-74.652,data/BirdClef/train_audio/barant1/XC428300.ogg,gallery
XC428314,barant1,Thamnophilus doliatus,Barred Antshrike,Jerome Fischer,4.0,4.351,-74.652,data/BirdClef/train_audio/barant1/XC428314.ogg,gallery
XC1048965,barant1,Thamnophilus doliatus,Barred Antshrike,Smily Varon,4.0,4.427,-72.6838,data/BirdClef/train_audio/barant1/XC1048965.ogg,gallery
XC1048970,barant1,Thamnophilus doliatus,Barred Antshrike,Smily Varon,3.0,4.427,-72.6838,data/BirdClef/train_audio/barant1/XC1048970.ogg,gallery
XC1046922,barant1,Thamnophilus doliatus,Barred Antshrike,Smily Varon,3.0,4.4386,-72.6958,data/BirdClef/train_audio/barant1/XC1046922.ogg,gallery
XC664435,barant1,Thamnophilus doliatus,Barred Antshrike,Yair Guillermo Molina Martínez.,4.0,4.4615,-75.0514,data/BirdClef/train_audio/barant1/XC664435.ogg,gallery
XC664434,barant1,Thamnophilus doliatus,Barred Antshrike,Yair Guillermo Molina Martínez.,4.0,4.4615,-75.0514,data/BirdClef/train_audio/barant1/XC664434.ogg,gallery
XC432959,barant1,Thamnophilus doliatus,Barred Antshrike,Victor Vanegas,3.0,4.4796,-74.6082,data/BirdClef/train_audio/barant1/XC432959.ogg,gallery
XC449432,barant1,Thamnophilus doliatus,Barred Antshrike,Brice de la Croix,4.0,4.8313,-52.2973,data/BirdClef/train_audio/barant1/XC449432.ogg,gallery
XC878609,barant1,Thamnophilus doliatus,Barred Antshrike,Alain Malengreau,5.0,5.019,-52.6928,data/BirdClef/train_audio/barant1/XC878609.ogg,gallery
XC825914,barant1,Thamnophilus doliatus,Barred Antshrike,Dante Buzzetti,4.0,5.0861,-74.7076,data/BirdClef/train_audio/barant1/XC825914.ogg,gallery
XC513248,barant1,Thamnophilus doliatus,Barred Antshrike,David Monroy Rengifo,5.0,5.2299,-74.8902,data/BirdClef/train_audio/barant1/XC513248.ogg,gallery
XC315196,barant1,Thamnophilus doliatus,Barred Antshrike,David Ricardo Rodríguez Villamil,4.5,5.3059,-74.5492,data/BirdClef/train_audio/barant1/XC315196.ogg,gallery
XC305361,barant1,Thamnophilus doliatus,Barred Antshrike,David Ricardo Rodríguez Villamil,5.0,5.3059,-74.5492,data/BirdClef/train_audio/barant1/XC305361.ogg,gallery
XC823952,barant1,Thamnophilus doliatus,Barred Antshrike,Alexandre GRAVE,4.0,5.7264,-53.917,data/BirdClef/train_audio/barant1/XC823952.ogg,gallery
XC245287,barant1,Thamnophilus doliatus,Barred Antshrike,Oscar Humberto Marín Gómez &amp; Luis Hernán Carrasco Guanay,4.0,5.76,-72.2,data/BirdClef/train_audio/barant1/XC245287.ogg,gallery
XC245316,barant1,Thamnophilus doliatus,Barred Antshrike,Oscar Humberto Marín Gómez &amp; Natalia Perez Amaya,4.0,5.76,-72.2,data/BirdClef/train_audio/barant1/XC245316.ogg,gallery
XC481622,barant1,Thamnophilus doliatus,Barred Antshrike,Arne Thelin,5.0,5.8543,-55.0773,data/BirdClef/train_audio/barant1/XC481622.ogg,gallery
XC245353,barant1,Thamnophilus doliatus,Barred Antshrike,Oscar Humberto Marín Gómez &amp; Natalia Perez Amaya,3.0,6.28,-71.77,data/BirdClef/train_audio/barant1/XC245353.ogg,gallery
XC561633,barant1,Thamnophilus doliatus,Barred Antshrike,Gualberto Becerra,3.0,8.6076,-80.1283,data/BirdClef/train_audio/barant1/XC561633.ogg,gallery
XC278659,barant1,Thamnophilus doliatus,Barred Antshrike,Oscar Campbell,5.0,9.4394,-84.1605,data/BirdClef/train_audio/barant1/XC278659.ogg,gallery
XC385153,barant1,Thamnophilus doliatus,Barred Antshrike,Albert Lastukhin,3.0,9.9039,-71.1039,data/BirdClef/train_audio/barant1/XC385153.ogg,gallery
XC154036,barant1,Thamnophilus doliatus,Barred Antshrike,Marcelo Araya-Salas,3.0,9.9144,-84.2648,data/BirdClef/train_audio/barant1/XC154036.ogg,gallery
XC376314,barant1,Thamnophilus doliatus,Barred Antshrike,Albert Lastukhin,5.0,10.471,-84.646,data/BirdClef/train_audio/barant1/XC376314.ogg,gallery
XC376312,barant1,Thamnophilus doliatus,Barred Antshrike,Albert Lastukhin,5.0,10.471,-84.646,data/BirdClef/train_audio/barant1/XC376312.ogg,gallery
XC838880,barant1,Thamnophilus doliatus,Barred Antshrike,Francisco contreras,4.0,10.8564,-68.3634,data/BirdClef/train_audio/barant1/XC838880.ogg,gallery
XC838748,barant1,Thamnophilus doliatus,Barred Antshrike,Francisco contreras,4.0,10.8564,-68.3634,data/BirdClef/train_audio/barant1/XC838748.ogg,gallery
XC308490,barant1,Thamnophilus doliatus,Barred Antshrike,Orlando Jarquín G.,4.5,12.6781,-87.0353,data/BirdClef/train_audio/barant1/XC308490.ogg,gallery
XC335882,barant1,Thamnophilus doliatus,Barred Antshrike,Orlando Jarquín G.,5.0,12.6902,-86.8053,data/BirdClef/train_audio/barant1/XC335882.ogg,gallery
XC335881,barant1,Thamnophilus doliatus,Barred Antshrike,Orlando Jarquín G.,4.0,12.6902,-86.8053,data/BirdClef/train_audio/barant1/XC335881.ogg,gallery
XC494583,barant1,Thamnophilus doliatus,Barred Antshrike,Mario Trejo,4.0,13.3552,-89.0348,data/BirdClef/train_audio/barant1/XC494583.ogg,gallery
XC198348,barant1,Thamnophilus doliatus,Barred Antshrike,Guillermo Funes,5.0,13.7672,-88.1889,data/BirdClef/train_audio/barant1/XC198348.ogg,gallery
XC197662,barant1,Thamnophilus doliatus,Barred Antshrike,Guillermo Funes,4.0,13.7672,-88.1889,data/BirdClef/train_audio/barant1/XC197662.ogg,gallery
XC198349,barant1,Thamnophilus doliatus,Barred Antshrike,Guillermo Funes,3.0,13.7672,-88.1889,data/BirdClef/train_audio/barant1/XC198349.ogg,gallery
XC379880,barant1,Thamnophilus doliatus,Barred Antshrike,Alfonso Auerbach,4.0,13.9641,-87.1881,data/BirdClef/train_audio/barant1/XC379880.ogg,gallery
XC284580,barant1,Thamnophilus doliatus,Barred Antshrike,Alfonso Auerbach,4.0,13.9641,-87.1881,data/BirdClef/train_audio/barant1/XC284580.ogg,gallery
XC278518,barant1,Thamnophilus doliatus,Barred Antshrike,Alfonso Auerbach,4.0,13.9641,-87.1881,data/BirdClef/train_audio/barant1/XC278518.ogg,gallery
XC370053,barant1,Thamnophilus doliatus,Barred Antshrike,Alfonso Auerbach,4.0,14.0068,-87.001,data/BirdClef/train_audio/barant1/XC370053.ogg,gallery
XC806514,barant1,Thamnophilus doliatus,Barred Antshrike,Isaí López,4.5,14.3572,-87.6545,data/BirdClef/train_audio/barant1/XC806514.ogg,gallery
XC806515,barant1,Thamnophilus doliatus,Barred Antshrike,Isaí López,3.5,14.3572,-87.6545,data/BirdClef/train_audio/barant1/XC806515.ogg,gallery
XC131551,barant1,Thamnophilus doliatus,Barred Antshrike,Mayron McKewy Mejía,4.0,15.0681,-88.4097,data/BirdClef/train_audio/barant1/XC131551.ogg,gallery
XC131600,barant1,Thamnophilus doliatus,Barred Antshrike,Mayron McKewy Mejía,3.5,15.3067,-88.3974,data/BirdClef/train_audio/barant1/XC131600.ogg,gallery
XC131599,barant1,Thamnophilus doliatus,Barred Antshrike,Mayron McKewy Mejía,4.0,15.3067,-88.3974,data/BirdClef/train_audio/barant1/XC131599.ogg,gallery
XC1067958,barant1,Thamnophilus doliatus,Barred Antshrike,Max Noack,4.0,15.4856,-90.3614,data/BirdClef/train_audio/barant1/XC1067958.ogg,gallery
XC1067957,barant1,Thamnophilus doliatus,Barred Antshrike,Max Noack,4.0,15.4856,-90.3614,data/BirdClef/train_audio/barant1/XC1067957.ogg,gallery
XC335508,barant1,Thamnophilus doliatus,Barred Antshrike,Richard E. Webster,4.0,16.9303,-93.4612,data/BirdClef/train_audio/barant1/XC335508.ogg,gallery
XC335506,barant1,Thamnophilus doliatus,Barred Antshrike,Richard E. Webster,4.0,16.9303,-93.4612,data/BirdClef/train_audio/barant1/XC335506.ogg,gallery
XC796795,barant1,Thamnophilus doliatus,Barred Antshrike,Paul Driver,4.5,17.1543,-88.8522,data/BirdClef/train_audio/barant1/XC796795.ogg,gallery
XC796792,barant1,Thamnophilus doliatus,Barred Antshrike,Paul Driver,5.0,17.1543,-88.8522,data/BirdClef/train_audio/barant1/XC796792.ogg,gallery
XC796789,barant1,Thamnophilus doliatus,Barred Antshrike,Paul Driver,5.0,17.1543,-88.8522,data/BirdClef/train_audio/barant1/XC796789.ogg,gallery
XC796788,barant1,Thamnophilus doliatus,Barred Antshrike,Paul Driver,5.0,17.1543,-88.8522,data/BirdClef/train_audio/barant1/XC796788.ogg,gallery
XC349736,barant1,Thamnophilus doliatus,Barred Antshrike,Max Noack,5.0,17.2273,-89.6081,data/BirdClef/train_audio/barant1/XC349736.ogg,gallery
XC436159,barant1,Thamnophilus doliatus,Barred Antshrike,Oscar Campbell,5.0,17.2273,-89.6081,data/BirdClef/train_audio/barant1/XC436159.ogg,gallery
XC797302,barant1,Thamnophilus doliatus,Barred Antshrike,Paul Driver,5.0,17.3138,-88.5573,data/BirdClef/train_audio/barant1/XC797302.ogg,gallery
XC28351,barant1,Thamnophilus doliatus,Barred Antshrike,Daniel Lane,5.0,17.777,-89.0114,data/BirdClef/train_audio/barant1/XC28351.ogg,gallery
XC28350,barant1,Thamnophilus doliatus,Barred Antshrike,Daniel Lane,5.0,17.777,-89.0114,data/BirdClef/train_audio/barant1/XC28350.ogg,gallery
XC304779,barant1,Thamnophilus doliatus,Barred Antshrike,Manuel Grosselet,5.0,18.0024,-94.5653,data/BirdClef/train_audio/barant1/XC304779.ogg,gallery
XC304780,barant1,Thamnophilus doliatus,Barred Antshrike,Manuel Grosselet,4.0,18.0024,-94.5653,data/BirdClef/train_audio/barant1/XC304780.ogg,gallery
XC257201,barant1,Thamnophilus doliatus,Barred Antshrike,Manuel Grosselet,5.0,18.0526,-94.4432,data/BirdClef/train_audio/barant1/XC257201.ogg,gallery
XC816093,barant1,Thamnophilus doliatus,Barred Antshrike,Manuel Grosselet,5.0,19.3959,-97.0388,data/BirdClef/train_audio/barant1/XC816093.ogg,gallery
XC332674,barant1,Thamnophilus doliatus,Barred Antshrike,Ross Gallardy,5.0,20.8566,-87.1217,data/BirdClef/train_audio/barant1/XC332674.ogg,gallery
XC332673,barant1,Thamnophilus doliatus,Barred Antshrike,Ross Gallardy,5.0,20.8566,-87.1217,data/BirdClef/train_audio/barant1/XC332673.ogg,gallery
XC909265,barant1,Thamnophilus doliatus,Barred Antshrike,Leonardo Guzman Hernandez,4.0,23.0522,-99.1817,data/BirdClef/train_audio/barant1/XC909265.ogg,gallery
XC28779,barant1,Thamnophilus doliatus,Barred Antshrike,Daniel Lane,4.0,23.1162,-99.1414,data/BirdClef/train_audio/barant1/XC28779.ogg,gallery
XC925738,bobfly1,Megarynchus pitangua,Boat-billed Flycatcher,Richard E. Webster,4.5,17.7523,-96.286,data/BirdClef/train_audio/bobfly1/XC925738.ogg,gallery
XC797570,bobfly1,Megarynchus pitangua,Boat-billed Flycatcher,Paul Driver,5.0,17.1011,-89.0494,data/BirdClef/train_audio/bobfly1/XC797570.ogg,gallery
XC148193,bobfly1,Megarynchus pitangua,Boat-billed Flycatcher,Gary Stiles (Colección de Sonidos Ambientales - Instituto Humboldt),4.0,3.9506,-73.9667,data/BirdClef/train_audio/bobfly1/XC148193.ogg,gallery
XC258985,bobfly1,Megarynchus pitangua,Boat-billed Flycatcher,John V. Moore,4.5,-0.472,-76.459,data/BirdClef/train_audio/bobfly1/XC258985.ogg,gallery
XC708038,bobfly1,Megarynchus pitangua,Boat-billed Flycatcher,JAYRSON ARAUJO DE OLIVEIRA,5.0,-16.631,-48.6674,data/BirdClef/train_audio/bobfly1/XC708038.ogg,gallery
XC82263,bobfly1,Megarynchus pitangua,Boat-billed Flycatcher,Jeremy Minns,3.5,-15.5999,-44.4103,data/BirdClef/train_audio/bobfly1/XC82263.ogg,gallery
XC859228,bobfly1,Megarynchus pitangua,Boat-billed Flycatcher,JAYRSON ARAUJO DE OLIVEIRA,4.5,-16.5631,-49.285,data/BirdClef/train_audio/bobfly1/XC859228.ogg,gallery
XC258991,bobfly1,Megarynchus pitangua,Boat-billed Flycatcher,John V. Moore,5.0,-1.673,-80.786,data/BirdClef/train_audio/bobfly1/XC258991.ogg,gallery
XC857531,bobfly1,Megarynchus pitangua,Boat-billed Flycatcher,JAYRSON ARAUJO DE OLIVEIRA,5.0,-16.0781,-50.218,data/BirdClef/train_audio/bobfly1/XC857531.ogg,gallery
XC258990,bobfly1,Megarynchus pitangua,Boat-billed Flycatcher,John V. Moore,5.0,-1.673,-80.786,data/BirdClef/train_audio/bobfly1/XC258990.ogg,gallery
XC737491,bobfly1,Megarynchus pitangua,Boat-billed Flycatcher,JAYRSON ARAUJO DE OLIVEIRA,5.0,-17.1888,-48.7335,data/BirdClef/train_audio/bobfly1/XC737491.ogg,gallery
XC2193,bobfly1,Megarynchus pitangua,Boat-billed Flycatcher,Sjoerd Mayer,4.0,-17.1667,-62.4167,data/BirdClef/train_audio/bobfly1/XC2193.ogg,gallery
XC186434,bobfly1,Megarynchus pitangua,Boat-billed Flycatcher,João Gava,4.0,-28.7306,-49.6204,data/BirdClef/train_audio/bobfly1/XC186434.ogg,gallery
XC286450,bobfly1,Megarynchus pitangua,Boat-billed Flycatcher,Francisco Dubon,4.5,14.936,-88.0252,data/BirdClef/train_audio/bobfly1/XC286450.ogg,gallery
XC307623,bobfly1,Megarynchus pitangua,Boat-billed Flycatcher,Leonardo Ordóñez-Delgado,5.0,-1.7103,-79.3876,data/BirdClef/train_audio/bobfly1/XC307623.ogg,gallery
XC766337,bobfly1,Megarynchus pitangua,Boat-billed Flycatcher,Guy Kirwan,5.0,-6.0745,-76.9755,data/BirdClef/train_audio/bobfly1/XC766337.ogg,gallery
XC746763,bobfly1,Megarynchus pitangua,Boat-billed Flycatcher,Dante Buzzetti,5.0,-23.2112,-47.0579,data/BirdClef/train_audio/bobfly1/XC746763.ogg,gallery
XC454424,bobfly1,Megarynchus pitangua,Boat-billed Flycatcher,Charlie Vogt,4.0,0.526,-79.212,data/BirdClef/train_audio/bobfly1/XC454424.ogg,gallery
XC331731,bobfly1,Megarynchus pitangua,Boat-billed Flycatcher,Manuel Grosselet,4.0,18.0357,-94.4722,data/BirdClef/train_audio/bobfly1/XC331731.ogg,gallery
XC309752,bobfly1,Megarynchus pitangua,Boat-billed Flycatcher,Jeremy Minns,4.0,-19.3001,-43.7001,data/BirdClef/train_audio/bobfly1/XC309752.ogg,gallery
XC777360,bobfly1,Megarynchus pitangua,Boat-billed Flycatcher,Paul Driver,4.0,10.2993,-84.8174,data/BirdClef/train_audio/bobfly1/XC777360.ogg,gallery
XC423177,bobfly1,Megarynchus pitangua,Boat-billed Flycatcher,Manuel Grosselet,4.0,20.3566,-87.3589,data/BirdClef/train_audio/bobfly1/XC423177.ogg,gallery
XC244835,bobfly1,Megarynchus pitangua,Boat-billed Flycatcher,Oscar Humberto Marín Gómez &amp; Juan Pablo López,4.5,5.145,-70.9575,data/BirdClef/train_audio/bobfly1/XC244835.ogg,gallery
XC956283,bobfly1,Megarynchus pitangua,Boat-billed Flycatcher,Étienne Leroy,4.0,16.0558,-97.1888,data/BirdClef/train_audio/bobfly1/XC956283.ogg,gallery
XC325777,bobfly1,Megarynchus pitangua,Boat-billed Flycatcher,Fernando Igor de Godoy,3.0,-24.2783,-50.5306,data/BirdClef/train_audio/bobfly1/XC325777.ogg,gallery
XC82261,bobfly1,Megarynchus pitangua,Boat-billed Flycatcher,Jeremy Minns,4.0,-14.1097,-38.9863,data/BirdClef/train_audio/bobfly1/XC82261.ogg,gallery
XC529087,bobfly1,Megarynchus pitangua,Boat-billed Flycatcher,Marcos Melo,4.0,-23.4426,-46.5539,data/BirdClef/train_audio/bobfly1/XC529087.ogg,gallery
XC664324,bobfly1,Megarynchus pitangua,Boat-billed Flycatcher,Yair Guillermo Molina Martínez.,3.5,4.4615,-75.0514,data/BirdClef/train_audio/bobfly1/XC664324.ogg,gallery
XC664262,bobfly1,Megarynchus pitangua,Boat-billed Flycatcher,Francisco contreras,4.0,11.4947,-69.5128,data/BirdClef/train_audio/bobfly1/XC664262.ogg,gallery
XC993160,bobfly1,Megarynchus pitangua,Boat-billed Flycatcher,Dante Buzzetti,4.0,-22.6153,-52.1825,data/BirdClef/train_audio/bobfly1/XC993160.ogg,gallery
XC56166,bobfly1,Megarynchus pitangua,Boat-billed Flycatcher,Daniel Lane,3.5,-3.8242,-80.2601,data/BirdClef/train_audio/bobfly1/XC56166.ogg,gallery
XC448163,bobfly1,Megarynchus pitangua,Boat-billed Flycatcher,Victor Antonelli,5.0,-22.8842,-48.4442,data/BirdClef/train_audio/bobfly1/XC448163.ogg,gallery
XC170439,bobfly1,Megarynchus pitangua,Boat-billed Flycatcher,Roney Assis Souza,4.0,-19.2204,-42.4832,data/BirdClef/train_audio/bobfly1/XC170439.ogg,gallery
XC175772,bobfly1,Megarynchus pitangua,Boat-billed Flycatcher,João Antônio de B. Vitto,4.0,-22.1171,-45.051,data/BirdClef/train_audio/bobfly1/XC175772.ogg,gallery
XC394273,bobfly1,Megarynchus pitangua,Boat-billed Flycatcher,Nick Komar,4.5,-20.4073,-54.6165,data/BirdClef/train_audio/bobfly1/XC394273.ogg,gallery
XC523950,bobfly1,Megarynchus pitangua,Boat-billed Flycatcher,Mauricio Álvarez-Rebolledo (Colección de Sonidos Ambientales - Instituto Humboldt),4.0,5.0667,-74.8008,data/BirdClef/train_audio/bobfly1/XC523950.ogg,gallery
XC304355,bobfly1,Megarynchus pitangua,Boat-billed Flycatcher,Amanda Monte,5.0,-19.9357,-40.5997,data/BirdClef/train_audio/bobfly1/XC304355.ogg,gallery
XC964069,bobfly1,Megarynchus pitangua,Boat-billed Flycatcher,JAYRSON ARAUJO DE OLIVEIRA,4.5,-15.7904,-49.3412,data/BirdClef/train_audio/bobfly1/XC964069.ogg,gallery
XC664323,bobfly1,Megarynchus pitangua,Boat-billed Flycatcher,Yair Guillermo Molina Martínez.,4.0,4.4615,-75.0514,data/BirdClef/train_audio/bobfly1/XC664323.ogg,gallery
XC388142,bobfly1,Megarynchus pitangua,Boat-billed Flycatcher,Bobby Wilcox,4.0,-22.4508,-42.7735,data/BirdClef/train_audio/bobfly1/XC388142.ogg,gallery
XC566735,bobfly1,Megarynchus pitangua,Boat-billed Flycatcher,Jerome Fischer,5.0,4.351,-74.652,data/BirdClef/train_audio/bobfly1/XC566735.ogg,gallery
XC210083,bobfly1,Megarynchus pitangua,Boat-billed Flycatcher,Jeremy Minns,4.5,-20.2209,-56.5751,data/BirdClef/train_audio/bobfly1/XC210083.ogg,gallery
XC236385,bobfly1,Megarynchus pitangua,Boat-billed Flycatcher,Charlie Vogt,5.0,-4.3667,-79.9001,data/BirdClef/train_audio/bobfly1/XC236385.ogg,gallery
XC383347,bobfly1,Megarynchus pitangua,Boat-billed Flycatcher,Albert Lastukhin,3.0,10.4527,-84.7214,data/BirdClef/train_audio/bobfly1/XC383347.ogg,gallery
XC743969,bobfly1,Megarynchus pitangua,Boat-billed Flycatcher,JAYRSON ARAUJO DE OLIVEIRA,4.5,-16.5631,-49.285,data/BirdClef/train_audio/bobfly1/XC743969.ogg,gallery
XC192192,bobfly1,Megarynchus pitangua,Boat-billed Flycatcher,Thore Noernberg,4.0,10.2114,-63.5695,data/BirdClef/train_audio/bobfly1/XC192192.ogg,gallery
XC521565,bobfly1,Megarynchus pitangua,Boat-billed Flycatcher,Jarrod Swackhamer,4.0,-9.5981,-55.932,data/BirdClef/train_audio/bobfly1/XC521565.ogg,gallery
XC282941,bobfly1,Megarynchus pitangua,Boat-billed Flycatcher,Mayron McKewy Mejía,5.0,14.8275,-85.8381,data/BirdClef/train_audio/bobfly1/XC282941.ogg,gallery
XC497669,bobfly1,Megarynchus pitangua,Boat-billed Flycatcher,Richard E. Webster,4.5,21.4616,-105.1549,data/BirdClef/train_audio/bobfly1/XC497669.ogg,gallery
XC542756,bobfly1,Megarynchus pitangua,Boat-billed Flycatcher,Jerome Fischer,5.0,4.351,-74.652,data/BirdClef/train_audio/bobfly1/XC542756.ogg,gallery
XC477070,bobfly1,Megarynchus pitangua,Boat-billed Flycatcher,Jerome Fischer,4.0,-0.4383,-76.2791,data/BirdClef/train_audio/bobfly1/XC477070.ogg,gallery
XC769448,bobfly1,Megarynchus pitangua,Boat-billed Flycatcher,JAYRSON ARAUJO DE OLIVEIRA,4.0,-6.3761,-47.1085,data/BirdClef/train_audio/bobfly1/XC769448.ogg,gallery
XC283753,bobfly1,Megarynchus pitangua,Boat-billed Flycatcher,Jerome Fischer,4.0,-22.4683,-42.7595,data/BirdClef/train_audio/bobfly1/XC283753.ogg,gallery
XC347869,bobfly1,Megarynchus pitangua,Boat-billed Flycatcher,Leonardo Ordóñez-Delgado,4.0,-4.272,-80.329,data/BirdClef/train_audio/bobfly1/XC347869.ogg,gallery
XC265381,bobfly1,Megarynchus pitangua,Boat-billed Flycatcher,Manuel Grosselet,4.0,18.0188,-94.4079,data/BirdClef/train_audio/bobfly1/XC265381.ogg,gallery
XC800346,bobfly1,Megarynchus pitangua,Boat-billed Flycatcher,JAYRSON ARAUJO DE OLIVEIRA,5.0,-16.4727,-49.4959,data/BirdClef/train_audio/bobfly1/XC800346.ogg,gallery
XC998283,bobfly1,Megarynchus pitangua,Boat-billed Flycatcher,Paul Driver,4.0,-0.0166,-78.9875,data/BirdClef/train_audio/bobfly1/XC998283.ogg,gallery
XC115300,bobfly1,Megarynchus pitangua,Boat-billed Flycatcher,Noé Eiterer,4.0,-20.6665,-42.5222,data/BirdClef/train_audio/bobfly1/XC115300.ogg,gallery
XC195412,bobfly1,Megarynchus pitangua,Boat-billed Flycatcher,Leonardo Ordóñez-Delgado,3.5,-1.7103,-79.3876,data/BirdClef/train_audio/bobfly1/XC195412.ogg,gallery
XC956763,bobfly1,Megarynchus pitangua,Boat-billed Flycatcher,Scott Olmstead,5.0,9.5501,-83.8076,data/BirdClef/train_audio/bobfly1/XC956763.ogg,gallery
XC552692,bobfly1,Megarynchus pitangua,Boat-billed Flycatcher,Jerome Fischer,5.0,4.351,-74.652,data/BirdClef/train_audio/bobfly1/XC552692.ogg,gallery
XC28878,bobfly1,Megarynchus pitangua,Boat-billed Flycatcher,Daniel Lane,4.0,23.1162,-99.1414,data/BirdClef/train_audio/bobfly1/XC28878.ogg,gallery
XC165473,bobfly1,Megarynchus pitangua,Boat-billed Flycatcher,Guillermo Funes,5.0,13.7333,-89.2167,data/BirdClef/train_audio/bobfly1/XC165473.ogg,gallery
XC742771,bobfly1,Megarynchus pitangua,Boat-billed Flycatcher,Paul Bourdin,5.0,-0.4383,-76.2791,data/BirdClef/train_audio/bobfly1/XC742771.ogg,gallery
XC258986,bobfly1,Megarynchus pitangua,Boat-billed Flycatcher,John V. Moore,5.0,-0.472,-76.459,data/BirdClef/train_audio/bobfly1/XC258986.ogg,gallery
XC769626,bobfly1,Megarynchus pitangua,Boat-billed Flycatcher,JAYRSON ARAUJO DE OLIVEIRA,5.0,-6.3761,-47.1085,data/BirdClef/train_audio/bobfly1/XC769626.ogg,gallery
XC618012,bobfly1,Megarynchus pitangua,Boat-billed Flycatcher,Isain Contreras Rodríguez,4.0,18.3654,-95.0258,data/BirdClef/train_audio/bobfly1/XC618012.ogg,gallery
XC646005,bobfly1,Megarynchus pitangua,Boat-billed Flycatcher,JAYRSON ARAUJO DE OLIVEIRA,4.5,-16.5631,-49.285,data/BirdClef/train_audio/bobfly1/XC646005.ogg,gallery
XC817231,bobfly1,Megarynchus pitangua,Boat-billed Flycatcher,JAYRSON ARAUJO DE OLIVEIRA,5.0,-6.3776,-47.4047,data/BirdClef/train_audio/bobfly1/XC817231.ogg,gallery
XC394268,bobfly1,Megarynchus pitangua,Boat-billed Flycatcher,Nick Komar,4.5,-20.4073,-54.6165,data/BirdClef/train_audio/bobfly1/XC394268.ogg,gallery
XC31454,bobfly1,Megarynchus pitangua,Boat-billed Flycatcher,Daniel Lane,4.0,20.8042,-86.947,data/BirdClef/train_audio/bobfly1/XC31454.ogg,gallery
XC706821,bobfly1,Megarynchus pitangua,Boat-billed Flycatcher,JAYRSON ARAUJO DE OLIVEIRA,4.5,-16.5631,-49.285,data/BirdClef/train_audio/bobfly1/XC706821.ogg,gallery
XC332270,bobfly1,Megarynchus pitangua,Boat-billed Flycatcher,Bobby Wilcox,4.0,10.3066,-84.8133,data/BirdClef/train_audio/bobfly1/XC332270.ogg,gallery
XC211151,bobfly1,Megarynchus pitangua,Boat-billed Flycatcher,Fernando Igor de Godoy,4.0,-9.3164,-35.4423,data/BirdClef/train_audio/bobfly1/XC211151.ogg,gallery
XC445705,bobfly1,Megarynchus pitangua,Boat-billed Flycatcher,Jerome Fischer,5.0,11.1428,-74.1073,data/BirdClef/train_audio/bobfly1/XC445705.ogg,gallery
XC523949,bobfly1,Megarynchus pitangua,Boat-billed Flycatcher,Mauricio Álvarez-Rebolledo (Colección de Sonidos Ambientales - Instituto Humboldt),4.0,5.0667,-74.8008,data/BirdClef/train_audio/bobfly1/XC523949.ogg,gallery
XC305840,bobfly1,Megarynchus pitangua,Boat-billed Flycatcher,James Bradley,5.0,19.0608,-96.8912,data/BirdClef/train_audio/bobfly1/XC305840.ogg,gallery
XC278373,bobfly1,Megarynchus pitangua,Boat-billed Flycatcher,Orlando Jarquín G.,3.5,12.9904,-87.4971,data/BirdClef/train_audio/bobfly1/XC278373.ogg,gallery
XC115301,bobfly1,Megarynchus pitangua,Boat-billed Flycatcher,Noé Eiterer,4.0,-21.765,-43.3488,data/BirdClef/train_audio/bobfly1/XC115301.ogg,gallery
XC1031644,bobfly1,Megarynchus pitangua,Boat-billed Flycatcher,Richard E. Webster,3.5,3.3069,-59.6515,data/BirdClef/train_audio/bobfly1/XC1031644.ogg,gallery
XC29655,bobfly1,Megarynchus pitangua,Boat-billed Flycatcher,Daniel Lane,4.0,23.1162,-99.1414,data/BirdClef/train_audio/bobfly1/XC29655.ogg,gallery
XC228605,bobfly1,Megarynchus pitangua,Boat-billed Flycatcher,Antonio de Almeida Correia Junior,5.0,-26.4895,-52.2009,data/BirdClef/train_audio/bobfly1/XC228605.ogg,gallery
XC82260,bobfly1,Megarynchus pitangua,Boat-billed Flycatcher,Jeremy Minns,4.0,-13.9267,-38.9654,data/BirdClef/train_audio/bobfly1/XC82260.ogg,gallery
XC575986,bobfly1,Megarynchus pitangua,Boat-billed Flycatcher,Okamoto Keita Sin,5.0,10.4295,-84.0095,data/BirdClef/train_audio/bobfly1/XC575986.ogg,gallery
XC1035146,bobfly1,Megarynchus pitangua,Boat-billed Flycatcher,Bobby Wilcox,5.0,-25.6177,-54.5485,data/BirdClef/train_audio/bobfly1/XC1035146.ogg,gallery
XC525048,bobfly1,Megarynchus pitangua,Boat-billed Flycatcher,Mauricio Álvarez-Rebolledo,4.0,11.2947,-74.1042,data/BirdClef/train_audio/bobfly1/XC525048.ogg,gallery
XC56162,bobfly1,Megarynchus pitangua,Boat-billed Flycatcher,Daniel Lane,4.5,-2.4239,-79.6031,data/BirdClef/train_audio/bobfly1/XC56162.ogg,gallery
XC306518,bobfly1,Megarynchus pitangua,Boat-billed Flycatcher,James Bradley,4.0,18.927,-96.8776,data/BirdClef/train_audio/bobfly1/XC306518.ogg,gallery
XC82266,bobfly1,Megarynchus pitangua,Boat-billed Flycatcher,Jeremy Minns,3.5,-20.1213,-55.9297,data/BirdClef/train_audio/bobfly1/XC82266.ogg,gallery
XC560206,bobfly1,Megarynchus pitangua,Boat-billed Flycatcher,Jerome Fischer,5.0,4.351,-74.652,data/BirdClef/train_audio/bobfly1/XC560206.ogg,gallery
XC926633,bobfly1,Megarynchus pitangua,Boat-billed Flycatcher,Manuel Grosselet,3.5,13.8055,-90.2622,data/BirdClef/train_audio/bobfly1/XC926633.ogg,gallery
XC82264,bobfly1,Megarynchus pitangua,Boat-billed Flycatcher,Jeremy Minns,3.5,-17.3986,-44.8068,data/BirdClef/train_audio/bobfly1/XC82264.ogg,gallery
XC444197,bobfly1,Megarynchus pitangua,Boat-billed Flycatcher,Rosendo Manuel Fraga,3.0,-24.9334,-57.7001,data/BirdClef/train_audio/bobfly1/XC444197.ogg,gallery
XC833075,bobfly1,Megarynchus pitangua,Boat-billed Flycatcher,José María Loaiza B.,5.0,0.0797,-78.6838,data/BirdClef/train_audio/bobfly1/XC833075.ogg,gallery
XC349992,bobfly1,Megarynchus pitangua,Boat-billed Flycatcher,Nick Komar,4.0,13.7028,-89.2773,data/BirdClef/train_audio/bobfly1/XC349992.ogg,gallery
XC366208,bobfly1,Megarynchus pitangua,Boat-billed Flycatcher,Bobby Wilcox,3.0,-26.519,-53.991,data/BirdClef/train_audio/bobfly1/XC366208.ogg,gallery
XC258982,bobfly1,Megarynchus pitangua,Boat-billed Flycatcher,John V. Moore,5.0,-0.498,-76.373,data/BirdClef/train_audio/bobfly1/XC258982.ogg,gallery
XC497675,bobfly1,Megarynchus pitangua,Boat-billed Flycatcher,Richard E. Webster,4.5,21.4616,-105.1549,data/BirdClef/train_audio/bobfly1/XC497675.ogg,gallery
XC303715,bobfly1,Megarynchus pitangua,Boat-billed Flycatcher,Jeremy Minns,4.0,-15.3851,-39.5709,data/BirdClef/train_audio/bobfly1/XC303715.ogg,gallery
XC415867,bobfly1,Megarynchus pitangua,Boat-billed Flycatcher,JAYRSON ARAUJO DE OLIVEIRA,5.0,-16.5631,-49.285,data/BirdClef/train_audio/bobfly1/XC415867.ogg,gallery
XC56165,bobfly1,Megarynchus pitangua,Boat-billed Flycatcher,Daniel Lane,4.0,-3.8242,-80.2601,data/BirdClef/train_audio/bobfly1/XC56165.ogg,gallery
XC720691,bobfly1,Megarynchus pitangua,Boat-billed Flycatcher,Dante Buzzetti,5.0,-16.7573,-56.8764,data/BirdClef/train_audio/bobfly1/XC720691.ogg,gallery
XC71427,bobfly1,Megarynchus pitangua,Boat-billed Flycatcher,Daniel Lane,4.0,1.0909,-78.6906,data/BirdClef/train_audio/bobfly1/XC71427.ogg,gallery
XC478221,bobfly1,Megarynchus pitangua,Boat-billed Flycatcher,Jerome Fischer,5.0,-0.4383,-76.2791,data/BirdClef/train_audio/bobfly1/XC478221.ogg,gallery
XC308813,bobfly1,Megarynchus pitangua,Boat-billed Flycatcher,Fernando Jacobs,3.0,-27.3218,-53.7958,data/BirdClef/train_audio/bobfly1/XC308813.ogg,gallery
XC779553,bobfly1,Megarynchus pitangua,Boat-billed Flycatcher,Sebastian Otero,4.0,-25.5985,-54.5476,data/BirdClef/train_audio/bobfly1/XC779553.ogg,gallery
XC391881,bobfly1,Megarynchus pitangua,Boat-billed Flycatcher,Nick Komar,5.0,16.8077,-93.475,data/BirdClef/train_audio/bobfly1/XC391881.ogg,gallery
XC789523,bobfly1,Megarynchus pitangua,Boat-billed Flycatcher,JAYRSON ARAUJO DE OLIVEIRA,5.0,-13.3558,-47.2809,data/BirdClef/train_audio/bobfly1/XC789523.ogg,gallery
XC82265,bobfly1,Megarynchus pitangua,Boat-billed Flycatcher,Jeremy Minns,4.0,-12.5167,-41.4334,data/BirdClef/train_audio/bobfly1/XC82265.ogg,gallery
XC128435,bobfly1,Megarynchus pitangua,Boat-billed Flycatcher,Helberth J. C. Peixoto,4.0,-19.9386,-44.0529,data/BirdClef/train_audio/bobfly1/XC128435.ogg,gallery
XC210084,bobfly1,Megarynchus pitangua,Boat-billed Flycatcher,Jeremy Minns,4.5,-9.4112,-72.7154,data/BirdClef/train_audio/bobfly1/XC210084.ogg,gallery
XC737492,bobfly1,Megarynchus pitangua,Boat-billed Flycatcher,JAYRSON ARAUJO DE OLIVEIRA,5.0,-17.1888,-48.7335,data/BirdClef/train_audio/bobfly1/XC737492.ogg,gallery
XC208133,bobfly1,Megarynchus pitangua,Boat-billed Flycatcher,Francisco Dubon,5.0,14.8371,-89.1431,data/BirdClef/train_audio/bobfly1/XC208133.ogg,gallery
XC533968,bobfly1,Megarynchus pitangua,Boat-billed Flycatcher,Jerome Fischer,5.0,4.351,-74.652,data/BirdClef/train_audio/bobfly1/XC533968.ogg,gallery
XC1053923,bobfly1,Megarynchus pitangua,Boat-billed Flycatcher,Charlie Vogt,4.0,-0.0166,-78.9875,data/BirdClef/train_audio/bobfly1/XC1053923.ogg,gallery
XC247450,bobfly1,Megarynchus pitangua,Boat-billed Flycatcher,Daniel Blamires,3.5,-16.4456,-51.1201,data/BirdClef/train_audio/bobfly1/XC247450.ogg,gallery
XC351267,bobfly1,Megarynchus pitangua,Boat-billed Flycatcher,Jeremy Minns,4.5,-20.2209,-56.5751,data/BirdClef/train_audio/bobfly1/XC351267.ogg,gallery
XC334066,bobfly1,Megarynchus pitangua,Boat-billed Flycatcher,Alfonso Auerbach,4.0,13.9641,-87.1881,data/BirdClef/train_audio/bobfly1/XC334066.ogg,gallery
XC694413,bobfly1,Megarynchus pitangua,Boat-billed Flycatcher,Alán Palacios,5.0,17.1573,-94.7761,data/BirdClef/train_audio/bobfly1/XC694413.ogg,gallery
XC777363,bobfly1,Megarynchus pitangua,Boat-billed Flycatcher,Paul Driver,3.5,10.2993,-84.8174,data/BirdClef/train_audio/bobfly1/XC777363.ogg,gallery
XC388081,bobfly1,Megarynchus pitangua,Boat-billed Flycatcher,Bobby Wilcox,4.0,-22.4508,-42.7735,data/BirdClef/train_audio/bobfly1/XC388081.ogg,gallery
XC412072,bobfly1,Megarynchus pitangua,Boat-billed Flycatcher,Pedro Luis Castillo,4.0,8.9161,-79.532,data/BirdClef/train_audio/bobfly1/XC412072.ogg,gallery
XC934132,bobfly1,Megarynchus pitangua,Boat-billed Flycatcher,Fernanda Fernandex,3.0,-15.6552,-47.8588,data/BirdClef/train_audio/bobfly1/XC934132.ogg,gallery
XC450807,bobfly1,Megarynchus pitangua,Boat-billed Flycatcher,Brice de la Croix,4.0,4.8313,-52.2973,data/BirdClef/train_audio/bobfly1/XC450807.ogg,gallery
XC335636,bobfly1,Megarynchus pitangua,Boat-billed Flycatcher,Richard E. Webster,5.0,16.87,-93.12,data/BirdClef/train_audio/bobfly1/XC335636.ogg,gallery
XC476144,bobfly1,Megarynchus pitangua,Boat-billed Flycatcher,Jerome Fischer,5.0,-0.4383,-76.2791,data/BirdClef/train_audio/bobfly1/XC476144.ogg,gallery
XC295771,bobfly1,Megarynchus pitangua,Boat-billed Flycatcher,Fernando Igor de Godoy,5.0,-24.2783,-50.5306,data/BirdClef/train_audio/bobfly1/XC295771.ogg,gallery
XC335637,bobfly1,Megarynchus pitangua,Boat-billed Flycatcher,Richard E. Webster,5.0,16.87,-93.12,data/BirdClef/train_audio/bobfly1/XC335637.ogg,gallery
XC974392,bobfly1,Megarynchus pitangua,Boat-billed Flycatcher,JAYRSON ARAUJO DE OLIVEIRA,5.0,-4.0588,-41.6864,data/BirdClef/train_audio/bobfly1/XC974392.ogg,gallery
XC827024,bobfly1,Megarynchus pitangua,Boat-billed Flycatcher,rudy gelis,5.0,-0.4776,-77.2936,data/BirdClef/train_audio/bobfly1/XC827024.ogg,gallery
XC56164,bobfly1,Megarynchus pitangua,Boat-billed Flycatcher,Daniel Lane,3.0,-3.8242,-80.2601,data/BirdClef/train_audio/bobfly1/XC56164.ogg,gallery
XC264737,bobfly1,Megarynchus pitangua,Boat-billed Flycatcher,Paul Coopmans,4.0,-0.395,-76.617,data/BirdClef/train_audio/bobfly1/XC264737.ogg,gallery
XC737038,bobfly1,Megarynchus pitangua,Boat-billed Flycatcher,JAYRSON ARAUJO DE OLIVEIRA,4.5,-16.1605,-49.5395,data/BirdClef/train_audio/bobfly1/XC737038.ogg,gallery
XC165084,bobfly1,Megarynchus pitangua,Boat-billed Flycatcher,Manuel Grosselet,5.0,18.8334,-96.9167,data/BirdClef/train_audio/bobfly1/XC165084.ogg,gallery
XC393684,bobfly1,Megarynchus pitangua,Boat-billed Flycatcher,Nick Komar,4.0,-20.4463,-54.5617,data/BirdClef/train_audio/bobfly1/XC393684.ogg,gallery
XC549946,bobfly1,Megarynchus pitangua,Boat-billed Flycatcher,Mauricio Cuellar Ramirez (@Birding.travel),5.0,1.4898,-75.6801,data/BirdClef/train_audio/bobfly1/XC549946.ogg,gallery
XC269765,bobfly1,Megarynchus pitangua,Boat-billed Flycatcher,Jerome Fischer,5.0,-22.4508,-42.7735,data/BirdClef/train_audio/bobfly1/XC269765.ogg,gallery
XC605704,bobfly1,Megarynchus pitangua,Boat-billed Flycatcher,Dante Buzzetti,4.0,-9.1992,-35.8871,data/BirdClef/train_audio/bobfly1/XC605704.ogg,gallery
XC586388,bobfly1,Megarynchus pitangua,Boat-billed Flycatcher,Arthur Gomes,4.0,-22.9403,-46.955,data/BirdClef/train_audio/bobfly1/XC586388.ogg,gallery
XC624694,bobfly1,Megarynchus pitangua,Boat-billed Flycatcher,Mauricio Cuellar Ramirez (@Birding.travel),5.0,1.4898,-75.6801,data/BirdClef/train_audio/bobfly1/XC624694.ogg,gallery
XC693007,bobfly1,Megarynchus pitangua,Boat-billed Flycatcher,Bobby Wilcox,4.0,-1.6779,-80.7952,data/BirdClef/train_audio/bobfly1/XC693007.ogg,gallery
XC258988,bobfly1,Megarynchus pitangua,Boat-billed Flycatcher,John V. Moore,5.0,-0.593,-79.363,data/BirdClef/train_audio/bobfly1/XC258988.ogg,gallery
XC497673,bobfly1,Megarynchus pitangua,Boat-billed Flycatcher,Richard E. Webster,4.5,21.4616,-105.1549,data/BirdClef/train_audio/bobfly1/XC497673.ogg,gallery
XC291556,bobfly1,Megarynchus pitangua,Boat-billed Flycatcher,Jerome Fischer,5.0,-22.4508,-42.7735,data/BirdClef/train_audio/bobfly1/XC291556.ogg,gallery
XC745584,bobfly1,Megarynchus pitangua,Boat-billed Flycatcher,JAYRSON ARAUJO DE OLIVEIRA,4.5,-16.5631,-49.285,data/BirdClef/train_audio/bobfly1/XC745584.ogg,gallery
XC2347,bobfly1,Megarynchus pitangua,Boat-billed Flycatcher,Sjoerd Mayer,4.5,-15.9903,-62.1334,data/BirdClef/train_audio/bobfly1/XC2347.ogg,gallery
XC690982,bobfly1,Megarynchus pitangua,Boat-billed Flycatcher,Mauricio Cuellar Ramirez (@Birding.travel),5.0,1.4898,-75.6801,data/BirdClef/train_audio/bobfly1/XC690982.ogg,gallery
XC769535,bobfly1,Megarynchus pitangua,Boat-billed Flycatcher,JAYRSON ARAUJO DE OLIVEIRA,4.5,-6.3761,-47.1085,data/BirdClef/train_audio/bobfly1/XC769535.ogg,gallery
XC349995,bobfly1,Megarynchus pitangua,Boat-billed Flycatcher,Nick Komar,4.0,13.7028,-89.2773,data/BirdClef/train_audio/bobfly1/XC349995.ogg,gallery
XC497927,bobfly1,Megarynchus pitangua,Boat-billed Flycatcher,Guy Kirwan,5.0,10.4295,-84.0095,data/BirdClef/train_audio/bobfly1/XC497927.ogg,gallery
XC437657,bobfly1,Megarynchus pitangua,Boat-billed Flycatcher,Victor Vanegas,3.0,4.4796,-74.6082,data/BirdClef/train_audio/bobfly1/XC437657.ogg,gallery
XC837862,bobfly1,Megarynchus pitangua,Boat-billed Flycatcher,JAYRSON ARAUJO DE OLIVEIRA,4.5,-14.0858,-50.8244,data/BirdClef/train_audio/bobfly1/XC837862.ogg,gallery
XC525047,bobfly1,Megarynchus pitangua,Boat-billed Flycatcher,Mauricio Álvarez-Rebolledo,3.0,11.2947,-74.1042,data/BirdClef/train_audio/bobfly1/XC525047.ogg,gallery
XC258983,bobfly1,Megarynchus pitangua,Boat-billed Flycatcher,John V. Moore,5.0,-0.548,-76.041,data/BirdClef/train_audio/bobfly1/XC258983.ogg,gallery
XC517729,bobfly1,Megarynchus pitangua,Boat-billed Flycatcher,JAYRSON ARAUJO DE OLIVEIRA,3.5,-16.7628,-49.6954,data/BirdClef/train_audio/bobfly1/XC517729.ogg,gallery
XC661050,bobfly1,Megarynchus pitangua,Boat-billed Flycatcher,Francisco contreras,4.0,11.4947,-69.5128,data/BirdClef/train_audio/bobfly1/XC661050.ogg,gallery
XC317718,bobfly1,Megarynchus pitangua,Boat-billed Flycatcher,Nick Komar,4.5,8.8667,-75.7859,data/BirdClef/train_audio/bobfly1/XC317718.ogg,gallery
XC691677,bobfly1,Megarynchus pitangua,Boat-billed Flycatcher,Dante Buzzetti,5.0,0.2029,-51.0869,data/BirdClef/train_audio/bobfly1/XC691677.ogg,gallery
XC500233,bobfly1,Megarynchus pitangua,Boat-billed Flycatcher,Dante Buzzetti,3.5,-20.2438,-46.3683,data/BirdClef/train_audio/bobfly1/XC500233.ogg,gallery
XC435637,bobfly1,Megarynchus pitangua,Boat-billed Flycatcher,Guy Kirwan,4.0,-11.0192,-66.0987,data/BirdClef/train_audio/bobfly1/XC435637.ogg,gallery
XC742769,bobfly1,Megarynchus pitangua,Boat-billed Flycatcher,Paul Bourdin,5.0,-0.4383,-76.2791,data/BirdClef/train_audio/bobfly1/XC742769.ogg,gallery
XC278619,bobfly1,Megarynchus pitangua,Boat-billed Flycatcher,Oscar Campbell,4.0,10.43,-84.0,data/BirdClef/train_audio/bobfly1/XC278619.ogg,gallery
XC82259,bobfly1,Megarynchus pitangua,Boat-billed Flycatcher,Jeremy Minns,4.0,-19.3001,-43.7001,data/BirdClef/train_audio/bobfly1/XC82259.ogg,gallery
XC1009426,bobfly1,Megarynchus pitangua,Boat-billed Flycatcher,Ricardo José Mitidieri,5.0,-22.327,-43.1693,data/BirdClef/train_audio/bobfly1/XC1009426.ogg,gallery
XC325464,bobfly1,Megarynchus pitangua,Boat-billed Flycatcher,Fernando Igor de Godoy,4.0,-16.2891,-39.335,data/BirdClef/train_audio/bobfly1/XC325464.ogg,gallery
XC232862,bobfly1,Megarynchus pitangua,Boat-billed Flycatcher,Leonardo Ordóñez-Delgado,4.5,-4.272,-80.329,data/BirdClef/train_audio/bobfly1/XC232862.ogg,gallery
XC754090,bobfly1,Megarynchus pitangua,Boat-billed Flycatcher,JAYRSON ARAUJO DE OLIVEIRA,4.5,-11.7734,-55.3891,data/BirdClef/train_audio/bobfly1/XC754090.ogg,gallery
XC253135,bobfly1,Megarynchus pitangua,Boat-billed Flycatcher,Eric DeFonso,4.5,-22.4508,-42.7735,data/BirdClef/train_audio/bobfly1/XC253135.ogg,gallery
XC154843,bobfly1,Megarynchus pitangua,Boat-billed Flycatcher,Carlos Alexander Alberto,4.0,14.936,-88.0252,data/BirdClef/train_audio/bobfly1/XC154843.ogg,gallery
XC380719,bobfly1,Megarynchus pitangua,Boat-billed Flycatcher,Andres Angulo ,5.0,11.2643,-74.1833,data/BirdClef/train_audio/bobfly1/XC380719.ogg,gallery
XC705703,bobfly1,Megarynchus pitangua,Boat-billed Flycatcher,Fernando Igor de Godoy,5.0,-18.1573,-39.7343,data/BirdClef/train_audio/bobfly1/XC705703.ogg,gallery
XC699784,bobfly1,Megarynchus pitangua,Boat-billed Flycatcher,JAYRSON ARAUJO DE OLIVEIRA,4.5,-16.5631,-49.285,data/BirdClef/train_audio/bobfly1/XC699784.ogg,gallery
XC335635,bobfly1,Megarynchus pitangua,Boat-billed Flycatcher,Richard E. Webster,4.5,16.87,-93.12,data/BirdClef/train_audio/bobfly1/XC335635.ogg,gallery
XC570672,bobfly1,Megarynchus pitangua,Boat-billed Flycatcher,Dante Buzzetti,4.0,-9.4215,-70.4894,data/BirdClef/train_audio/bobfly1/XC570672.ogg,gallery
XC334068,bobfly1,Megarynchus pitangua,Boat-billed Flycatcher,Alfonso Auerbach,3.0,13.9641,-87.1881,data/BirdClef/train_audio/bobfly1/XC334068.ogg,gallery
XC494704,bobfly1,Megarynchus pitangua,Boat-billed Flycatcher,Dante Buzzetti,4.0,-9.1992,-35.8871,data/BirdClef/train_audio/bobfly1/XC494704.ogg,gallery
XC183940,bobfly1,Megarynchus pitangua,Boat-billed Flycatcher,Carlos Alexander Alberto,5.0,15.5077,-88.0561,data/BirdClef/train_audio/bobfly1/XC183940.ogg,gallery
XC811733,bobfly1,Megarynchus pitangua,Boat-billed Flycatcher,JAYRSON ARAUJO DE OLIVEIRA,5.0,-16.9039,-49.2218,data/BirdClef/train_audio/bobfly1/XC811733.ogg,gallery
XC1035155,bobfly1,Megarynchus pitangua,Boat-billed Flycatcher,Bobby Wilcox,5.0,-25.6177,-54.5485,data/BirdClef/train_audio/bobfly1/XC1035155.ogg,gallery
XC934845,bobfly1,Megarynchus pitangua,Boat-billed Flycatcher,Fernanda Fernandex,4.0,-15.6552,-47.8588,data/BirdClef/train_audio/bobfly1/XC934845.ogg,gallery
XC258989,bobfly1,Megarynchus pitangua,Boat-billed Flycatcher,John V. Moore,5.0,-1.673,-80.786,data/BirdClef/train_audio/bobfly1/XC258989.ogg,gallery
XC244952,bobfly1,Megarynchus pitangua,Boat-billed Flycatcher,Oscar Humberto Marín Gómez &amp; Juan Pablo López,4.0,5.3131,-71.3681,data/BirdClef/train_audio/bobfly1/XC244952.ogg,gallery
XC258987,bobfly1,Megarynchus pitangua,Boat-billed Flycatcher,John V. Moore,5.0,-4.367,-79.917,data/BirdClef/train_audio/bobfly1/XC258987.ogg,gallery
XC1920,bobfly1,Megarynchus pitangua,Boat-billed Flycatcher,Sjoerd Mayer,4.5,-14.6112,-61.1928,data/BirdClef/train_audio/bobfly1/XC1920.ogg,gallery
XC465739,bobfly1,Megarynchus pitangua,Boat-billed Flycatcher,Charlie Vogt,4.0,-4.3667,-79.9001,data/BirdClef/train_audio/bobfly1/XC465739.ogg,gallery
XC389179,bobfly1,Megarynchus pitangua,Boat-billed Flycatcher,Andres Angulo ,4.0,11.2643,-74.1833,data/BirdClef/train_audio/bobfly1/XC389179.ogg,gallery
XC499722,bobfly1,Megarynchus pitangua,Boat-billed Flycatcher,Nunes-de-Almeida,3.5,-22.9033,-47.1031,data/BirdClef/train_audio/bobfly1/XC499722.ogg,gallery
XC257117,bobfly1,Megarynchus pitangua,Boat-billed Flycatcher,Daniel F. Lane,5.0,-12.65,-69.3,data/BirdClef/train_audio/bobfly1/XC257117.ogg,gallery
XC482446,bobfly1,Megarynchus pitangua,Boat-billed Flycatcher,JAYRSON ARAUJO DE OLIVEIRA,4.5,-14.625,-49.0051,data/BirdClef/train_audio/bobfly1/XC482446.ogg,gallery
XC325776,bobfly1,Megarynchus pitangua,Boat-billed Flycatcher,Fernando Igor de Godoy,3.0,-24.2783,-50.5306,data/BirdClef/train_audio/bobfly1/XC325776.ogg,gallery
XC998043,bobfly1,Megarynchus pitangua,Boat-billed Flycatcher,Paul Driver,4.0,10.2993,-84.8174,data/BirdClef/train_audio/bobfly1/XC998043.ogg,gallery
XC624971,bobfly1,Megarynchus pitangua,Boat-billed Flycatcher,Rafael Gianni,4.0,10.469,-66.8362,data/BirdClef/train_audio/bobfly1/XC624971.ogg,gallery
XC56163,bobfly1,Megarynchus pitangua,Boat-billed Flycatcher,Daniel Lane,3.0,-3.8242,-80.2601,data/BirdClef/train_audio/bobfly1/XC56163.ogg,gallery
XC1031649,bobfly1,Megarynchus pitangua,Boat-billed Flycatcher,Richard E. Webster,5.0,2.9904,-59.5248,data/BirdClef/train_audio/bobfly1/XC1031649.ogg,gallery
XC857534,bobfly1,Megarynchus pitangua,Boat-billed Flycatcher,JAYRSON ARAUJO DE OLIVEIRA,4.0,-16.0781,-50.218,data/BirdClef/train_audio/bobfly1/XC857534.ogg,gallery
XC113720,bobfly1,Megarynchus pitangua,Boat-billed Flycatcher,Fabricio Gorleri,3.0,-26.3398,-58.2103,data/BirdClef/train_audio/bobfly1/XC113720.ogg,gallery
XC797569,bobfly1,Megarynchus pitangua,Boat-billed Flycatcher,Paul Driver,5.0,17.1011,-89.0494,data/BirdClef/train_audio/bobfly1/XC797569.ogg,gallery
XC127640,bobfly1,Megarynchus pitangua,Boat-billed Flycatcher,Martin St-Michel,4.0,-12.2292,-69.3256,data/BirdClef/train_audio/bobfly1/XC127640.ogg,gallery
XC206014,bobfly1,Megarynchus pitangua,Boat-billed Flycatcher,Jerome Fischer,5.0,-4.2553,-79.2173,data/BirdClef/train_audio/bobfly1/XC206014.ogg,gallery
XC204846,bobfly1,Megarynchus pitangua,Boat-billed Flycatcher,Roger Ahlman,4.0,-1.36,-79.9,data/BirdClef/train_audio/bobfly1/XC204846.ogg,gallery
XC624957,bobfly1,Megarynchus pitangua,Boat-billed Flycatcher,Rafael Gianni,4.0,10.469,-66.8362,data/BirdClef/train_audio/bobfly1/XC624957.ogg,gallery
XC1017638,bobfly1,Megarynchus pitangua,Boat-billed Flycatcher,Dante Buzzetti,4.0,-19.3432,-43.5731,data/BirdClef/train_audio/bobfly1/XC1017638.ogg,gallery
XC523951,bobfly1,Megarynchus pitangua,Boat-billed Flycatcher,Mauricio Álvarez-Rebolledo (Colección de Sonidos Ambientales - Instituto Humboldt),4.0,9.9,-75.1167,data/BirdClef/train_audio/bobfly1/XC523951.ogg,gallery
XC925739,bobfly1,Megarynchus pitangua,Boat-billed Flycatcher,Richard E. Webster,4.0,15.9143,-96.417,data/BirdClef/train_audio/bobfly1/XC925739.ogg,gallery
XC586367,coffal1,Micrastur semitorquatus,Collared Forest-Falcon,Arthur Gomes,5.0,-22.9403,-46.955,data/BirdClef/train_audio/coffal1/XC586367.ogg,gallery
XC534117,coffal1,Micrastur semitorquatus,Collared Forest-Falcon,Dante Buzzetti,4.0,-9.2119,-35.8731,data/BirdClef/train_audio/coffal1/XC534117.ogg,gallery
XC612212,coffal1,Micrastur semitorquatus,Collared Forest-Falcon,Ricardo José Mitidieri,3.5,-22.3926,-42.3662,data/BirdClef/train_audio/coffal1/XC612212.ogg,gallery
XC1050925,coffal1,Micrastur semitorquatus,Collared Forest-Falcon,Mauricio Cuéllar-Ramírez,5.0,1.7135,-75.7326,data/BirdClef/train_audio/coffal1/XC1050925.ogg,gallery
XC142680,coffal1,Micrastur semitorquatus,Collared Forest-Falcon,rob,4.0,14.9321,-88.0392,data/BirdClef/train_audio/coffal1/XC142680.ogg,gallery
XC951733,coffal1,Micrastur semitorquatus,Collared Forest-Falcon,Ricardo José Mitidieri,3.5,-15.47,-55.7169,data/BirdClef/train_audio/coffal1/XC951733.ogg,gallery
XC174526,coffal1,Micrastur semitorquatus,Collared Forest-Falcon,João Antônio de B. Vitto,3.0,-29.4391,-51.5082,data/BirdClef/train_audio/coffal1/XC174526.ogg,gallery
XC978337,coffal1,Micrastur semitorquatus,Collared Forest-Falcon,Matthew L. Brady,5.0,17.5608,-99.7137,data/BirdClef/train_audio/coffal1/XC978337.ogg,gallery
XC452374,coffal1,Micrastur semitorquatus,Collared Forest-Falcon,Rafael Lima,4.0,-8.6286,-35.1828,data/BirdClef/train_audio/coffal1/XC452374.ogg,gallery
XC926780,coffal1,Micrastur semitorquatus,Collared Forest-Falcon,Manuel Grosselet,4.0,14.5384,-90.7096,data/BirdClef/train_audio/coffal1/XC926780.ogg,gallery
XC962976,coffal1,Micrastur semitorquatus,Collared Forest-Falcon,Richard E. Webster,4.0,-12.8754,-69.4096,data/BirdClef/train_audio/coffal1/XC962976.ogg,gallery
XC582990,coffal1,Micrastur semitorquatus,Collared Forest-Falcon,José María Loaiza B.,4.0,0.0797,-78.6838,data/BirdClef/train_audio/coffal1/XC582990.ogg,gallery
XC586364,coffal1,Micrastur semitorquatus,Collared Forest-Falcon,Arthur Gomes,4.0,-22.9403,-46.955,data/BirdClef/train_audio/coffal1/XC586364.ogg,gallery
XC472018,coffal1,Micrastur semitorquatus,Collared Forest-Falcon,Ricardo Gagliardi,4.0,-22.8407,-42.4648,data/BirdClef/train_audio/coffal1/XC472018.ogg,gallery
XC567713,coffal1,Micrastur semitorquatus,Collared Forest-Falcon,JAYRSON ARAUJO DE OLIVEIRA,3.0,-16.4314,-49.1459,data/BirdClef/train_audio/coffal1/XC567713.ogg,gallery
XC305305,coffal1,Micrastur semitorquatus,Collared Forest-Falcon,Rodrigo Dela Rosa,3.5,-23.07,-45.939,data/BirdClef/train_audio/coffal1/XC305305.ogg,gallery
XC741986,coffal1,Micrastur semitorquatus,Collared Forest-Falcon,Gonzalo Martinez,4.0,-27.9988,-65.6197,data/BirdClef/train_audio/coffal1/XC741986.ogg,gallery
XC737827,coffal1,Micrastur semitorquatus,Collared Forest-Falcon,Dante Buzzetti,3.0,-23.2381,-47.8403,data/BirdClef/train_audio/coffal1/XC737827.ogg,gallery
XC125741,coffal1,Micrastur semitorquatus,Collared Forest-Falcon,Christian B. Andretti,3.0,-1.095,-52.653,data/BirdClef/train_audio/coffal1/XC125741.ogg,gallery
XC65603,coffal1,Micrastur semitorquatus,Collared Forest-Falcon,Daniel Lane,4.0,19.143,-104.507,data/BirdClef/train_audio/coffal1/XC65603.ogg,gallery
XC973612,coffal1,Micrastur semitorquatus,Collared Forest-Falcon,Rodrigo Dela Rosa,4.0,-23.0235,-45.9726,data/BirdClef/train_audio/coffal1/XC973612.ogg,gallery
XC144163,coffal1,Micrastur semitorquatus,Collared Forest-Falcon,Thiago Bicudo,4.0,-2.9578,-58.348,data/BirdClef/train_audio/coffal1/XC144163.ogg,gallery
XC589726,coffal1,Micrastur semitorquatus,Collared Forest-Falcon,Marcos Melo,4.0,-23.2513,-47.4076,data/BirdClef/train_audio/coffal1/XC589726.ogg,gallery
XC823958,coffal1,Micrastur semitorquatus,Collared Forest-Falcon,Alexandre GRAVE,4.0,4.0737,-52.1585,data/BirdClef/train_audio/coffal1/XC823958.ogg,gallery
XC383050,coffal1,Micrastur semitorquatus,Collared Forest-Falcon,Leonardo Guzman Hernandez,3.0,25.555,-100.2624,data/BirdClef/train_audio/coffal1/XC383050.ogg,gallery
XC607313,coffal1,Micrastur semitorquatus,Collared Forest-Falcon,Rodrigo Dela Rosa,4.0,-23.0496,-46.0322,data/BirdClef/train_audio/coffal1/XC607313.ogg,gallery
XC154084,coffal1,Micrastur semitorquatus,Collared Forest-Falcon,Marcelo Araya-Salas,3.0,10.4305,-84.0063,data/BirdClef/train_audio/coffal1/XC154084.ogg,gallery
XC191912,coffal1,Micrastur semitorquatus,Collared Forest-Falcon,Mayron McKewy Mejía,4.0,14.0255,-86.524,data/BirdClef/train_audio/coffal1/XC191912.ogg,gallery
XC582177,coffal1,Micrastur semitorquatus,Collared Forest-Falcon,Ricardo Gagliardi,4.0,-22.9511,-43.0384,data/BirdClef/train_audio/coffal1/XC582177.ogg,gallery
XC704396,coffal1,Micrastur semitorquatus,Collared Forest-Falcon,Paulo Sillig,4.0,-26.7783,-49.0308,data/BirdClef/train_audio/coffal1/XC704396.ogg,gallery
XC1032406,coffal1,Micrastur semitorquatus,Collared Forest-Falcon,Dante Buzzetti,4.0,-9.4478,-50.0186,data/BirdClef/train_audio/coffal1/XC1032406.ogg,gallery
XC484100,coffal1,Micrastur semitorquatus,Collared Forest-Falcon,Dante Buzzetti,4.0,-9.84,-70.14,data/BirdClef/train_audio/coffal1/XC484100.ogg,gallery
XC801287,coffal1,Micrastur semitorquatus,Collared Forest-Falcon,José María Loaiza B.,5.0,0.0797,-78.6838,data/BirdClef/train_audio/coffal1/XC801287.ogg,gallery
XC909256,coffal1,Micrastur semitorquatus,Collared Forest-Falcon,Leonardo Guzman Hernandez,4.0,23.0644,-99.1681,data/BirdClef/train_audio/coffal1/XC909256.ogg,gallery
XC187593,coffal1,Micrastur semitorquatus,Collared Forest-Falcon,Marcos Melo,3.0,-23.9557,-46.6503,data/BirdClef/train_audio/coffal1/XC187593.ogg,gallery
XC495915,coffal1,Micrastur semitorquatus,Collared Forest-Falcon,Dante Buzzetti,4.0,-15.2641,-39.0922,data/BirdClef/train_audio/coffal1/XC495915.ogg,gallery
XC817259,coffal1,Micrastur semitorquatus,Collared Forest-Falcon,JAYRSON ARAUJO DE OLIVEIRA,4.5,-6.3761,-47.1085,data/BirdClef/train_audio/coffal1/XC817259.ogg,gallery
XC498122,coffal1,Micrastur semitorquatus,Collared Forest-Falcon,Richard E. Webster,4.5,21.4616,-105.1549,data/BirdClef/train_audio/coffal1/XC498122.ogg,gallery
XC544486,coffal1,Micrastur semitorquatus,Collared Forest-Falcon,Nunes-de-Almeida,4.0,-0.0266,-78.7423,data/BirdClef/train_audio/coffal1/XC544486.ogg,gallery
XC901536,coffal1,Micrastur semitorquatus,Collared Forest-Falcon,JAYRSON ARAUJO DE OLIVEIRA,3.5,-13.8891,-50.1832,data/BirdClef/train_audio/coffal1/XC901536.ogg,gallery
XC1051801,coffal1,Micrastur semitorquatus,Collared Forest-Falcon,Max Noack,4.0,15.4856,-90.3614,data/BirdClef/train_audio/coffal1/XC1051801.ogg,gallery
XC766377,coffal1,Micrastur semitorquatus,Collared Forest-Falcon,Fabio Agudelo Zapata,4.0,5.1141,-75.9287,data/BirdClef/train_audio/coffal1/XC766377.ogg,gallery
XC498123,coffal1,Micrastur semitorquatus,Collared Forest-Falcon,Richard E. Webster,4.0,21.4616,-105.1549,data/BirdClef/train_audio/coffal1/XC498123.ogg,gallery
XC113626,coffal1,Micrastur semitorquatus,Collared Forest-Falcon,Fabricio Gorleri,3.5,-26.3398,-58.2103,data/BirdClef/train_audio/coffal1/XC113626.ogg,gallery
XC957244,coffal1,Micrastur semitorquatus,Collared Forest-Falcon,Scott Olmstead,4.0,8.311,-77.7992,data/BirdClef/train_audio/coffal1/XC957244.ogg,gallery
XC299688,coffal1,Micrastur semitorquatus,Collared Forest-Falcon,Fernando Igor de Godoy,3.0,-24.2783,-50.5306,data/BirdClef/train_audio/coffal1/XC299688.ogg,gallery
XC561198,coffal1,Micrastur semitorquatus,Collared Forest-Falcon,Jerome Fischer,4.0,11.1009,-74.0723,data/BirdClef/train_audio/coffal1/XC561198.ogg,gallery
XC474545,coffal1,Micrastur semitorquatus,Collared Forest-Falcon,Rolf A. de By,4.0,10.3834,-85.3343,data/BirdClef/train_audio/coffal1/XC474545.ogg,gallery
XC653582,coffal1,Micrastur semitorquatus,Collared Forest-Falcon,Dante Buzzetti,3.0,-18.1152,-63.7996,data/BirdClef/train_audio/coffal1/XC653582.ogg,gallery
XC486483,coffal1,Micrastur semitorquatus,Collared Forest-Falcon,Matt Wistrand,3.0,14.8873,-87.9186,data/BirdClef/train_audio/coffal1/XC486483.ogg,gallery
XC829183,coffal1,Micrastur semitorquatus,Collared Forest-Falcon,rudy gelis,4.5,0.0263,-78.7182,data/BirdClef/train_audio/coffal1/XC829183.ogg,gallery
XC257398,coffal1,Micrastur semitorquatus,Collared Forest-Falcon,John V. Moore,4.0,-0.498,-76.373,data/BirdClef/train_audio/coffal1/XC257398.ogg,gallery
XC475414,coffal1,Micrastur semitorquatus,Collared Forest-Falcon,Dante Buzzetti,4.0,-9.366,-69.934,data/BirdClef/train_audio/coffal1/XC475414.ogg,gallery
XC474413,coffal1,Micrastur semitorquatus,Collared Forest-Falcon,Dante Buzzetti,3.5,-9.3657,-69.934,data/BirdClef/train_audio/coffal1/XC474413.ogg,gallery
XC176293,coffal1,Micrastur semitorquatus,Collared Forest-Falcon,João Antônio de B. Vitto,3.0,-28.5186,-49.3243,data/BirdClef/train_audio/coffal1/XC176293.ogg,gallery
XC113951,coffal1,Micrastur semitorquatus,Collared Forest-Falcon,Noé Eiterer,3.0,-20.79,-42.8882,data/BirdClef/train_audio/coffal1/XC113951.ogg,gallery
XC4325,coffal1,Micrastur semitorquatus,Collared Forest-Falcon,Bob Planqué,4.0,-24.0171,-47.8104,data/BirdClef/train_audio/coffal1/XC4325.ogg,gallery
XC186426,coffal1,Micrastur semitorquatus,Collared Forest-Falcon,João Gava,4.0,-28.6431,-49.471,data/BirdClef/train_audio/coffal1/XC186426.ogg,gallery
XC465389,coffal1,Micrastur semitorquatus,Collared Forest-Falcon,Charlie Vogt,4.0,-0.577,-77.8739,data/BirdClef/train_audio/coffal1/XC465389.ogg,gallery
XC303296,coffal1,Micrastur semitorquatus,Collared Forest-Falcon,Rodrigo Dela Rosa,4.0,-5.8667,-50.4834,data/BirdClef/train_audio/coffal1/XC303296.ogg,gallery
XC962975,coffal1,Micrastur semitorquatus,Collared Forest-Falcon,Richard E. Webster,5.0,-12.8754,-69.4096,data/BirdClef/train_audio/coffal1/XC962975.ogg,gallery
XC990770,coffal1,Micrastur semitorquatus,Collared Forest-Falcon,Fabrício Grigolin,3.5,-20.2566,-50.2133,data/BirdClef/train_audio/coffal1/XC990770.ogg,gallery
XC905059,coffal1,Micrastur semitorquatus,Collared Forest-Falcon,Thiago Bicudo,3.0,-3.5204,-64.9822,data/BirdClef/train_audio/coffal1/XC905059.ogg,gallery
XC704831,coffal1,Micrastur semitorquatus,Collared Forest-Falcon,Dante Buzzetti,4.0,-9.5035,-50.0924,data/BirdClef/train_audio/coffal1/XC704831.ogg,gallery
XC400213,coffal1,Micrastur semitorquatus,Collared Forest-Falcon,Breno Dias Vitorino,3.0,-15.6421,-57.1899,data/BirdClef/train_audio/coffal1/XC400213.ogg,gallery
XC817255,coffal1,Micrastur semitorquatus,Collared Forest-Falcon,JAYRSON ARAUJO DE OLIVEIRA,4.5,-6.3761,-47.1085,data/BirdClef/train_audio/coffal1/XC817255.ogg,gallery
XC691913,coffal1,Micrastur semitorquatus,Collared Forest-Falcon,Manuel Grosselet,5.0,15.8146,-96.0784,data/BirdClef/train_audio/coffal1/XC691913.ogg,gallery
XC978081,coffal1,Micrastur semitorquatus,Collared Forest-Falcon,Matthew L. Brady,4.0,17.5597,-99.6907,data/BirdClef/train_audio/coffal1/XC978081.ogg,gallery
XC577973,coffal1,Micrastur semitorquatus,Collared Forest-Falcon,José María Loaiza B.,3.0,0.0797,-78.6838,data/BirdClef/train_audio/coffal1/XC577973.ogg,gallery
XC299430,coffal1,Micrastur semitorquatus,Collared Forest-Falcon,James Bradley,3.0,4.727,-75.577,data/BirdClef/train_audio/coffal1/XC299430.ogg,gallery
XC777927,coffal1,Micrastur semitorquatus,Collared Forest-Falcon,JAYRSON ARAUJO DE OLIVEIRA,5.0,-16.0538,-49.604,data/BirdClef/train_audio/coffal1/XC777927.ogg,gallery
XC117979,coffal1,Micrastur semitorquatus,Collared Forest-Falcon,Mauricio Álvarez Rebolledo (Colección de Sonidos Ambientales - Instituto Humboldt),4.0,9.5775,-75.4611,data/BirdClef/train_audio/coffal1/XC117979.ogg,gallery
XC817256,coffal1,Micrastur semitorquatus,Collared Forest-Falcon,JAYRSON ARAUJO DE OLIVEIRA,5.0,-6.3761,-47.1085,data/BirdClef/train_audio/coffal1/XC817256.ogg,gallery
XC710857,coffal1,Micrastur semitorquatus,Collared Forest-Falcon,Ricardo José Mitidieri,5.0,-22.9516,-43.0472,data/BirdClef/train_audio/coffal1/XC710857.ogg,gallery
XC1720,coffal1,Micrastur semitorquatus,Collared Forest-Falcon,Sjoerd Mayer,3.5,-22.1001,-64.4334,data/BirdClef/train_audio/coffal1/XC1720.ogg,gallery
XC957243,coffal1,Micrastur semitorquatus,Collared Forest-Falcon,Scott Olmstead,4.0,8.311,-77.7992,data/BirdClef/train_audio/coffal1/XC957243.ogg,gallery
XC979701,coffal1,Micrastur semitorquatus,Collared Forest-Falcon,Fernanda Fernandex,3.0,-15.5661,-47.7656,data/BirdClef/train_audio/coffal1/XC979701.ogg,gallery
XC580453,coffal1,Micrastur semitorquatus,Collared Forest-Falcon,JAYRSON ARAUJO DE OLIVEIRA,3.5,-14.625,-49.0051,data/BirdClef/train_audio/coffal1/XC580453.ogg,gallery
XC771588,coffal1,Micrastur semitorquatus,Collared Forest-Falcon,David Monroy Rengifo,4.0,4.843,-75.8187,data/BirdClef/train_audio/coffal1/XC771588.ogg,gallery
XC585347,coffal1,Micrastur semitorquatus,Collared Forest-Falcon,Manuel Grosselet,3.0,19.0462,-96.0139,data/BirdClef/train_audio/coffal1/XC585347.ogg,gallery
XC548516,coffal1,Micrastur semitorquatus,Collared Forest-Falcon,Rodrigo Dela Rosa,3.0,-22.9444,-45.6751,data/BirdClef/train_audio/coffal1/XC548516.ogg,gallery
XC241791,coffal1,Micrastur semitorquatus,Collared Forest-Falcon,Eric DeFonso,4.0,-22.4508,-42.7735,data/BirdClef/train_audio/coffal1/XC241791.ogg,gallery
XC587750,coffal1,Micrastur semitorquatus,Collared Forest-Falcon,Rosendo Manuel Fraga,4.0,-11.5833,-72.95,data/BirdClef/train_audio/coffal1/XC587750.ogg,gallery
XC601747,coffal1,Micrastur semitorquatus,Collared Forest-Falcon,Diego Restrepo,3.0,6.2373,-75.4879,data/BirdClef/train_audio/coffal1/XC601747.ogg,gallery
XC990769,coffal1,Micrastur semitorquatus,Collared Forest-Falcon,Fabrício Grigolin,3.5,-20.2566,-50.2133,data/BirdClef/train_audio/coffal1/XC990769.ogg,gallery
XC978122,coffal1,Micrastur semitorquatus,Collared Forest-Falcon,Matthew L. Brady,4.0,17.5608,-99.7137,data/BirdClef/train_audio/coffal1/XC978122.ogg,gallery
XC665508,coffal1,Micrastur semitorquatus,Collared Forest-Falcon,Alexis Bukowski,5.0,9.7932,-84.6019,data/BirdClef/train_audio/coffal1/XC665508.ogg,gallery
XC834086,coffal1,Micrastur semitorquatus,Collared Forest-Falcon,Bobby Wilcox,4.0,-16.3792,-56.6223,data/BirdClef/train_audio/coffal1/XC834086.ogg,gallery
XC28795,coffal1,Micrastur semitorquatus,Collared Forest-Falcon,Daniel Lane,3.0,23.1162,-99.1414,data/BirdClef/train_audio/coffal1/XC28795.ogg,gallery
XC389015,coffal1,Micrastur semitorquatus,Collared Forest-Falcon,ANDREA LARISSA BOESING,3.0,-21.9158,-46.7287,data/BirdClef/train_audio/coffal1/XC389015.ogg,gallery
XC799782,coffal1,Micrastur semitorquatus,Collared Forest-Falcon,Dante Buzzetti,3.0,5.0861,-74.7076,data/BirdClef/train_audio/coffal1/XC799782.ogg,gallery
XC174043,coffal1,Micrastur semitorquatus,Collared Forest-Falcon,João Antônio de B. Vitto,4.0,-14.8264,-56.4241,data/BirdClef/train_audio/coffal1/XC174043.ogg,gallery
XC823925,coffal1,Micrastur semitorquatus,Collared Forest-Falcon,Alexandre GRAVE,3.0,5.2648,-53.4869,data/BirdClef/train_audio/coffal1/XC823925.ogg,gallery
XC977920,coffal1,Micrastur semitorquatus,Collared Forest-Falcon,Matthew L. Brady,4.0,17.5597,-99.6907,data/BirdClef/train_audio/coffal1/XC977920.ogg,gallery
XC705220,coffal1,Micrastur semitorquatus,Collared Forest-Falcon,Fernando Igor de Godoy,4.0,-4.954,-47.5036,data/BirdClef/train_audio/coffal1/XC705220.ogg,gallery
XC127194,coffal1,Micrastur semitorquatus,Collared Forest-Falcon,Thore Noernberg,3.0,9.0245,-79.5528,data/BirdClef/train_audio/coffal1/XC127194.ogg,gallery
XC922795,coffal1,Micrastur semitorquatus,Collared Forest-Falcon,Fernanda Fernandex,5.0,-15.5598,-47.7522,data/BirdClef/train_audio/coffal1/XC922795.ogg,gallery
XC213522,coffal1,Micrastur semitorquatus,Collared Forest-Falcon,Oscar Ballesteors,3.0,25.5201,-100.2857,data/BirdClef/train_audio/coffal1/XC213522.ogg,gallery
XC972702,coffal1,Micrastur semitorquatus,Collared Forest-Falcon,Fernanda Fernandex,4.0,-15.5581,-47.7775,data/BirdClef/train_audio/coffal1/XC972702.ogg,gallery
XC279746,coffal1,Micrastur semitorquatus,Collared Forest-Falcon,Phil Arneson,4.0,13.9609,-86.869,data/BirdClef/train_audio/coffal1/XC279746.ogg,gallery
XC137619,coffal1,Micrastur semitorquatus,Collared Forest-Falcon,Walter Elías Méndez Rivera,3.0,13.559,-89.2594,data/BirdClef/train_audio/coffal1/XC137619.ogg,gallery
XC706863,coffal1,Micrastur semitorquatus,Collared Forest-Falcon,JAYRSON ARAUJO DE OLIVEIRA,3.0,-16.0538,-49.604,data/BirdClef/train_audio/coffal1/XC706863.ogg,gallery
XC520327,coffal1,Micrastur semitorquatus,Collared Forest-Falcon,Dante Buzzetti,4.0,-8.7167,-35.8442,data/BirdClef/train_audio/coffal1/XC520327.ogg,gallery
XC905061,coffal1,Micrastur semitorquatus,Collared Forest-Falcon,Thiago Bicudo,3.0,-3.5204,-64.9822,data/BirdClef/train_audio/coffal1/XC905061.ogg,gallery
XC771391,coffal1,Micrastur semitorquatus,Collared Forest-Falcon,Mario Trejo,5.0,13.8564,-89.7328,data/BirdClef/train_audio/coffal1/XC771391.ogg,gallery
XC507889,coffal1,Micrastur semitorquatus,Collared Forest-Falcon,JAYRSON ARAUJO DE OLIVEIRA,3.0,-18.3949,-52.6654,data/BirdClef/train_audio/coffal1/XC507889.ogg,gallery
XC465379,coffal1,Micrastur semitorquatus,Collared Forest-Falcon,Charlie Vogt,4.0,-0.577,-77.8739,data/BirdClef/train_audio/coffal1/XC465379.ogg,gallery
XC2231,coffal1,Micrastur semitorquatus,Collared Forest-Falcon,Sjoerd Mayer,3.5,-17.1667,-62.4167,data/BirdClef/train_audio/coffal1/XC2231.ogg,gallery
XC299136,coffal1,Micrastur semitorquatus,Collared Forest-Falcon,Fernando Igor de Godoy,3.0,-21.831,-48.0445,data/BirdClef/train_audio/coffal1/XC299136.ogg,gallery
XC474416,coffal1,Micrastur semitorquatus,Collared Forest-Falcon,Dante Buzzetti,3.5,-9.3657,-69.934,data/BirdClef/train_audio/coffal1/XC474416.ogg,gallery
XC213678,coffal1,Micrastur semitorquatus,Collared Forest-Falcon,John van Dort,3.0,15.0294,-86.7951,data/BirdClef/train_audio/coffal1/XC213678.ogg,gallery
XC580450,coffal1,Micrastur semitorquatus,Collared Forest-Falcon,JAYRSON ARAUJO DE OLIVEIRA,4.5,-14.625,-49.0051,data/BirdClef/train_audio/coffal1/XC580450.ogg,gallery
XC965378,coffal1,Micrastur semitorquatus,Collared Forest-Falcon,JAYRSON ARAUJO DE OLIVEIRA,5.0,-16.5108,-49.2939,data/BirdClef/train_audio/coffal1/XC965378.ogg,gallery
XC1035098,coffal1,Micrastur semitorquatus,Collared Forest-Falcon,JAYRSON ARAUJO DE OLIVEIRA,3.0,-5.7717,-47.4806,data/BirdClef/train_audio/coffal1/XC1035098.ogg,gallery
XC703023,coffal1,Micrastur semitorquatus,Collared Forest-Falcon,David Monroy Rengifo,3.0,4.843,-75.8187,data/BirdClef/train_audio/coffal1/XC703023.ogg,gallery
XC217482,coffal1,Micrastur semitorquatus,Collared Forest-Falcon,Jerome Fischer,3.0,0.1228,-78.9942,data/BirdClef/train_audio/coffal1/XC217482.ogg,gallery
XC990768,coffal1,Micrastur semitorquatus,Collared Forest-Falcon,Fabrício Grigolin,3.5,-20.2566,-50.2133,data/BirdClef/train_audio/coffal1/XC990768.ogg,gallery
XC768344,coffal1,Micrastur semitorquatus,Collared Forest-Falcon,Nick Komar,3.0,15.749,-96.1424,data/BirdClef/train_audio/coffal1/XC768344.ogg,gallery
XC216861,coffal1,Micrastur semitorquatus,Collared Forest-Falcon,Max Noack,4.0,15.6124,-90.3781,data/BirdClef/train_audio/coffal1/XC216861.ogg,gallery
XC366781,coffal1,Micrastur semitorquatus,Collared Forest-Falcon,J Alfonso Valdez C,4.0,19.5589,-105.0832,data/BirdClef/train_audio/coffal1/XC366781.ogg,gallery
XC808569,coffal1,Micrastur semitorquatus,Collared Forest-Falcon,Ricardo José Mitidieri,4.0,-22.3076,-42.0005,data/BirdClef/train_audio/coffal1/XC808569.ogg,gallery
XC691922,coffal1,Micrastur semitorquatus,Collared Forest-Falcon,Manuel Grosselet,4.0,15.8146,-96.0784,data/BirdClef/train_audio/coffal1/XC691922.ogg,gallery
XC680228,coffal1,Micrastur semitorquatus,Collared Forest-Falcon,Luiz C.  Silva,5.0,-24.1029,-52.3171,data/BirdClef/train_audio/coffal1/XC680228.ogg,gallery
XC586366,coffal1,Micrastur semitorquatus,Collared Forest-Falcon,Arthur Gomes,4.0,-22.9403,-46.955,data/BirdClef/train_audio/coffal1/XC586366.ogg,gallery
XC122697,coffal1,Micrastur semitorquatus,Collared Forest-Falcon,Jon King,4.0,3.473,-60.8972,data/BirdClef/train_audio/coffal1/XC122697.ogg,gallery
XC342748,coffal1,Micrastur semitorquatus,Collared Forest-Falcon,Tulio Dornas,4.0,-8.6204,-48.4106,data/BirdClef/train_audio/coffal1/XC342748.ogg,gallery
XC185,coffal1,Micrastur semitorquatus,Collared Forest-Falcon,Bob Planqué,4.0,-12.856,-69.362,data/BirdClef/train_audio/coffal1/XC185.ogg,gallery
XC1012428,coffal1,Micrastur semitorquatus,Collared Forest-Falcon,Marcos E. Sosa,5.0,-27.3999,-55.6383,data/BirdClef/train_audio/coffal1/XC1012428.ogg,gallery
XC777926,coffal1,Micrastur semitorquatus,Collared Forest-Falcon,JAYRSON ARAUJO DE OLIVEIRA,4.5,-16.0538,-49.604,data/BirdClef/train_audio/coffal1/XC777926.ogg,gallery
XC85222,coffal1,Micrastur semitorquatus,Collared Forest-Falcon,Jeremy Minns,4.0,3.2001,-60.5667,data/BirdClef/train_audio/coffal1/XC85222.ogg,gallery
XC327482,coffal1,Micrastur semitorquatus,Collared Forest-Falcon,Moises Rodriguez,4.0,14.5262,-91.1667,data/BirdClef/train_audio/coffal1/XC327482.ogg,gallery
XC474417,coffal1,Micrastur semitorquatus,Collared Forest-Falcon,Dante Buzzetti,3.5,-9.3657,-69.934,data/BirdClef/train_audio/coffal1/XC474417.ogg,gallery
XC254468,coffal1,Micrastur semitorquatus,Collared Forest-Falcon,Francisco Dubon,4.0,14.936,-88.0252,data/BirdClef/train_audio/coffal1/XC254468.ogg,gallery
XC771607,coffal1,Micrastur semitorquatus,Collared Forest-Falcon,David Monroy Rengifo,5.0,4.7175,-75.6242,data/BirdClef/train_audio/coffal1/XC771607.ogg,gallery
XC190574,coffal1,Micrastur semitorquatus,Collared Forest-Falcon,João Gava Just,3.0,-28.6155,-49.5164,data/BirdClef/train_audio/coffal1/XC190574.ogg,gallery
XC607081,coffal1,Micrastur semitorquatus,Collared Forest-Falcon,Brice de la Croix,4.0,4.7962,-52.4577,data/BirdClef/train_audio/coffal1/XC607081.ogg,gallery
XC181307,coffal1,Micrastur semitorquatus,Collared Forest-Falcon,André J. PIeri,3.0,-25.6934,-53.8521,data/BirdClef/train_audio/coffal1/XC181307.ogg,gallery
XC516393,coffal1,Micrastur semitorquatus,Collared Forest-Falcon,Rolf A. de By,4.0,5.8644,-55.2066,data/BirdClef/train_audio/coffal1/XC516393.ogg,gallery
XC198345,coffal1,Micrastur semitorquatus,Collared Forest-Falcon,Guillermo Funes,3.0,13.7672,-88.1889,data/BirdClef/train_audio/coffal1/XC198345.ogg,gallery
XC521899,coffal1,Micrastur semitorquatus,Collared Forest-Falcon,Guilherme Willrich,4.0,-26.1925,-48.7312,data/BirdClef/train_audio/coffal1/XC521899.ogg,gallery
XC582984,coffal1,Micrastur semitorquatus,Collared Forest-Falcon,José María Loaiza B.,4.0,0.0797,-78.6838,data/BirdClef/train_audio/coffal1/XC582984.ogg,gallery
XC453544,coffal1,Micrastur semitorquatus,Collared Forest-Falcon,Will Sweet,4.0,-12.5687,-70.0928,data/BirdClef/train_audio/coffal1/XC453544.ogg,gallery
XC834087,coffal1,Micrastur semitorquatus,Collared Forest-Falcon,Bobby Wilcox,4.0,-16.3792,-56.6223,data/BirdClef/train_audio/coffal1/XC834087.ogg,gallery
XC965381,coffal1,Micrastur semitorquatus,Collared Forest-Falcon,JAYRSON ARAUJO DE OLIVEIRA,4.5,-16.5108,-49.2939,data/BirdClef/train_audio/coffal1/XC965381.ogg,gallery
XC909255,coffal1,Micrastur semitorquatus,Collared Forest-Falcon,Leonardo Guzman Hernandez,4.0,23.0644,-99.1681,data/BirdClef/train_audio/coffal1/XC909255.ogg,gallery
XC734585,coffal1,Micrastur semitorquatus,Collared Forest-Falcon,Giovanna Sarti,3.0,-23.5915,-48.4771,data/BirdClef/train_audio/coffal1/XC734585.ogg,gallery
XC712945,coffal1,Micrastur semitorquatus,Collared Forest-Falcon,Miguel Angelo Biz,4.0,-27.2374,-49.7565,data/BirdClef/train_audio/coffal1/XC712945.ogg,gallery
XC541728,coffal1,Micrastur semitorquatus,Collared Forest-Falcon,Lia Nahomi Kajiki,3.5,-13.4815,-39.7603,data/BirdClef/train_audio/coffal1/XC541728.ogg,gallery
XC420558,coffal1,Micrastur semitorquatus,Collared Forest-Falcon,Yair Guillermo Molina Martínez.,3.0,1.0765,-76.7317,data/BirdClef/train_audio/coffal1/XC420558.ogg,gallery
XC983466,coffal1,Micrastur semitorquatus,Collared Forest-Falcon,Juan Freile,3.5,-2.1366,-80.0891,data/BirdClef/train_audio/coffal1/XC983466.ogg,gallery
XC328937,coffal1,Micrastur semitorquatus,Collared Forest-Falcon,Jorge Gabriel Campos ,3.0,9.7269,-85.0386,data/BirdClef/train_audio/coffal1/XC328937.ogg,gallery
XC811852,coffal1,Micrastur semitorquatus,Collared Forest-Falcon,Scott Olmstead,3.0,14.5239,-91.1392,data/BirdClef/train_audio/coffal1/XC811852.ogg,gallery
XC122314,coffal1,Micrastur semitorquatus,Collared Forest-Falcon,Eric DeFonso,3.0,-12.7945,-71.3979,data/BirdClef/train_audio/coffal1/XC122314.ogg,gallery
XC465391,coffal1,Micrastur semitorquatus,Collared Forest-Falcon,Charlie Vogt,4.0,-0.577,-77.8739,data/BirdClef/train_audio/coffal1/XC465391.ogg,gallery
XC742303,coffal1,Micrastur semitorquatus,Collared Forest-Falcon,Cicero Simão Lima Santos,4.0,-7.395,-39.2958,data/BirdClef/train_audio/coffal1/XC742303.ogg,gallery
XC357446,coffal1,Micrastur semitorquatus,Collared Forest-Falcon,Corey Lange,3.0,17.7756,-88.5453,data/BirdClef/train_audio/coffal1/XC357446.ogg,gallery
XC777380,coffal1,Micrastur semitorquatus,Collared Forest-Falcon,Geoffrey Monchaux,5.0,5.0879,-52.5632,data/BirdClef/train_audio/coffal1/XC777380.ogg,gallery
XC333864,coffal1,Micrastur semitorquatus,Collared Forest-Falcon,Richard E. Webster,3.0,15.5927,-92.8492,data/BirdClef/train_audio/coffal1/XC333864.ogg,gallery
XC191914,coffal1,Micrastur semitorquatus,Collared Forest-Falcon,Mayron McKewy Mejía,5.0,14.0255,-86.524,data/BirdClef/train_audio/coffal1/XC191914.ogg,gallery
XC498118,coffal1,Micrastur semitorquatus,Collared Forest-Falcon,Richard E. Webster,3.5,21.5755,-105.2317,data/BirdClef/train_audio/coffal1/XC498118.ogg,gallery
XC165194,coffal1,Micrastur semitorquatus,Collared Forest-Falcon,Mayron McKewy Mejía,4.0,14.239,-87.089,data/BirdClef/train_audio/coffal1/XC165194.ogg,gallery
XC85223,coffal1,Micrastur semitorquatus,Collared Forest-Falcon,Jeremy Minns,4.0,3.4239,-60.3512,data/BirdClef/train_audio/coffal1/XC85223.ogg,gallery
XC413777,coffal1,Micrastur semitorquatus,Collared Forest-Falcon,Victor Antonelli,3.0,-22.8842,-48.4442,data/BirdClef/train_audio/coffal1/XC413777.ogg,gallery
XC957242,coffal1,Micrastur semitorquatus,Collared Forest-Falcon,Scott Olmstead,5.0,8.311,-77.7992,data/BirdClef/train_audio/coffal1/XC957242.ogg,gallery
XC655938,coffal1,Micrastur semitorquatus,Collared Forest-Falcon,Leonardo Guzman Hernandez,4.0,25.5592,-100.2622,data/BirdClef/train_audio/coffal1/XC655938.ogg,gallery
XC710911,coffal1,Micrastur semitorquatus,Collared Forest-Falcon,JAYRSON ARAUJO DE OLIVEIRA,3.5,-16.5849,-49.1211,data/BirdClef/train_audio/coffal1/XC710911.ogg,gallery
XC498112,coffal1,Micrastur semitorquatus,Collared Forest-Falcon,Richard E. Webster,3.0,23.4067,-105.9352,data/BirdClef/train_audio/coffal1/XC498112.ogg,gallery
XC388220,coffal1,Micrastur semitorquatus,Collared Forest-Falcon,Étienne Leroy,4.0,3.6167,-53.2001,data/BirdClef/train_audio/coffal1/XC388220.ogg,gallery
XC420105,coffal1,Micrastur semitorquatus,Collared Forest-Falcon,rodrigo y castro,4.0,-23.6633,-46.9605,data/BirdClef/train_audio/coffal1/XC420105.ogg,gallery
XC164970,coffal1,Micrastur semitorquatus,Collared Forest-Falcon,Carlos Alexander Alberto,4.0,15.5391,-87.9933,data/BirdClef/train_audio/coffal1/XC164970.ogg,gallery
XC491706,coffal1,Micrastur semitorquatus,Collared Forest-Falcon,Dante Buzzetti,4.0,-9.545,-70.089,data/BirdClef/train_audio/coffal1/XC491706.ogg,gallery
XC247996,compau,Nyctidromus albicollis,Pauraque,Mayron McKewy Mejía,5.0,12.8245,-87.4136,data/BirdClef/train_audio/compau/XC247996.ogg,gallery
XC525625,compau,Nyctidromus albicollis,Pauraque,Mauricio Álvarez-Rebolledo (Colección de Sonidos Ambientales - Instituto Humboldt),5.0,0.2131,-72.4236,data/BirdClef/train_audio/compau/XC525625.ogg,gallery
XC748993,compau,Nyctidromus albicollis,Pauraque,Ricardo José Mitidieri,3.0,-21.4748,-44.6372,data/BirdClef/train_audio/compau/XC748993.ogg,gallery
XC537498,compau,Nyctidromus albicollis,Pauraque,Fernando Igor de Godoy,4.0,-8.7512,-68.9938,data/BirdClef/train_audio/compau/XC537498.ogg,gallery
XC1034697,compau,Nyctidromus albicollis,Pauraque,JAYRSON ARAUJO DE OLIVEIRA,4.0,-5.7717,-47.4806,data/BirdClef/train_audio/compau/XC1034697.ogg,gallery
XC837459,compau,Nyctidromus albicollis,Pauraque,Fernanda Fernandex,3.5,-15.5661,-47.7656,data/BirdClef/train_audio/compau/XC837459.ogg,gallery
XC837940,compau,Nyctidromus albicollis,Pauraque,JAYRSON ARAUJO DE OLIVEIRA,3.0,-14.0858,-50.8244,data/BirdClef/train_audio/compau/XC837940.ogg,gallery
XC121700,compau,Nyctidromus albicollis,Pauraque,Tomaz Nascimento de Melo,3.0,-23.07,-45.939,data/BirdClef/train_audio/compau/XC121700.ogg,gallery
XC123378,compau,Nyctidromus albicollis,Pauraque,Noé Eiterer,5.0,-20.79,-42.8882,data/BirdClef/train_audio/compau/XC123378.ogg,gallery
XC532316,compau,Nyctidromus albicollis,Pauraque,Sergio Córdoba-Córdoba (Colección de Sonidos Ambientales - Instituto Humboldt),4.0,5.2461,-75.6853,data/BirdClef/train_audio/compau/XC532316.ogg,gallery
XC1009656,compau,Nyctidromus albicollis,Pauraque,JAYRSON ARAUJO DE OLIVEIRA,5.0,-16.0538,-49.604,data/BirdClef/train_audio/compau/XC1009656.ogg,gallery
XC196078,compau,Nyctidromus albicollis,Pauraque,Leonardo Ordóñez-Delgado,4.0,-4.2094,-78.6397,data/BirdClef/train_audio/compau/XC196078.ogg,gallery
XC674622,compau,Nyctidromus albicollis,Pauraque,Felipe Arantes,5.0,-5.9642,-50.3653,data/BirdClef/train_audio/compau/XC674622.ogg,gallery
XC1035712,compau,Nyctidromus albicollis,Pauraque,JAYRSON ARAUJO DE OLIVEIRA,4.5,-7.1545,-48.6915,data/BirdClef/train_audio/compau/XC1035712.ogg,gallery
XC512361,compau,Nyctidromus albicollis,Pauraque,Dante Buzzetti,4.0,-9.2093,-35.8681,data/BirdClef/train_audio/compau/XC512361.ogg,gallery
XC389662,compau,Nyctidromus albicollis,Pauraque,Andres Angulo ,4.0,4.0706,-73.679,data/BirdClef/train_audio/compau/XC389662.ogg,gallery
XC252005,compau,Nyctidromus albicollis,Pauraque,Alfonso Auerbach,5.0,15.7391,-87.4536,data/BirdClef/train_audio/compau/XC252005.ogg,gallery
XC291882,compau,Nyctidromus albicollis,Pauraque,Lance A. M. Benner,3.0,-9.6,-55.93,data/BirdClef/train_audio/compau/XC291882.ogg,gallery
XC213429,compau,Nyctidromus albicollis,Pauraque,Oscar Ballesteors,4.0,24.3667,-97.9984,data/BirdClef/train_audio/compau/XC213429.ogg,gallery
XC816881,compau,Nyctidromus albicollis,Pauraque,JAYRSON ARAUJO DE OLIVEIRA,5.0,-7.3499,-48.2929,data/BirdClef/train_audio/compau/XC816881.ogg,gallery
XC387953,compau,Nyctidromus albicollis,Pauraque,Breno Dias Vitorino,5.0,-15.6421,-57.1899,data/BirdClef/train_audio/compau/XC387953.ogg,gallery
XC134695,compau,Nyctidromus albicollis,Pauraque,Mayron McKewy Mejía,5.0,13.2546,-87.3372,data/BirdClef/train_audio/compau/XC134695.ogg,gallery
XC669686,compau,Nyctidromus albicollis,Pauraque,Paulo Sillig,4.0,-26.745,-49.0663,data/BirdClef/train_audio/compau/XC669686.ogg,gallery
XC694952,compau,Nyctidromus albicollis,Pauraque,Scott Olmstead,5.0,9.8222,-83.0629,data/BirdClef/train_audio/compau/XC694952.ogg,gallery
XC493218,compau,Nyctidromus albicollis,Pauraque,JAYRSON ARAUJO DE OLIVEIRA,4.5,-6.7455,-46.9907,data/BirdClef/train_audio/compau/XC493218.ogg,gallery
XC500944,compau,Nyctidromus albicollis,Pauraque,Dante Buzzetti,4.0,-9.2594,-35.8457,data/BirdClef/train_audio/compau/XC500944.ogg,gallery
XC812859,compau,Nyctidromus albicollis,Pauraque,Guillermo Menéndez (gmmv80),5.0,-24.9571,-57.2959,data/BirdClef/train_audio/compau/XC812859.ogg,gallery
XC1034705,compau,Nyctidromus albicollis,Pauraque,JAYRSON ARAUJO DE OLIVEIRA,4.0,-5.7717,-47.4806,data/BirdClef/train_audio/compau/XC1034705.ogg,gallery
XC196103,compau,Nyctidromus albicollis,Pauraque,Leonardo Ordóñez-Delgado,5.0,-4.2094,-78.6397,data/BirdClef/train_audio/compau/XC196103.ogg,gallery
XC417320,compau,Nyctidromus albicollis,Pauraque,Tulio Dornas,4.0,-9.956,-47.6969,data/BirdClef/train_audio/compau/XC417320.ogg,gallery
XC688762,compau,Nyctidromus albicollis,Pauraque,Alán Palacios,5.0,18.6906,-100.3324,data/BirdClef/train_audio/compau/XC688762.ogg,gallery
XC737382,compau,Nyctidromus albicollis,Pauraque,JAYRSON ARAUJO DE OLIVEIRA,4.0,-17.1888,-48.7335,data/BirdClef/train_audio/compau/XC737382.ogg,gallery
XC112630,compau,Nyctidromus albicollis,Pauraque,Chris Harrison,5.0,29.0511,-98.7779,data/BirdClef/train_audio/compau/XC112630.ogg,gallery
XC743970,compau,Nyctidromus albicollis,Pauraque,JAYRSON ARAUJO DE OLIVEIRA,5.0,-16.5456,-49.1572,data/BirdClef/train_audio/compau/XC743970.ogg,gallery
XC900266,compau,Nyctidromus albicollis,Pauraque,David Tattersley,4.0,26.4876,-98.8222,data/BirdClef/train_audio/compau/XC900266.ogg,gallery
XC573801,compau,Nyctidromus albicollis,Pauraque,Mauricio Cuéllar-Ramírez,5.0,1.4898,-75.6801,data/BirdClef/train_audio/compau/XC573801.ogg,gallery
XC291984,compau,Nyctidromus albicollis,Pauraque,Lance A. M. Benner,4.0,-9.6,-55.93,data/BirdClef/train_audio/compau/XC291984.ogg,gallery
XC697033,compau,Nyctidromus albicollis,Pauraque,A. Bennett Hennessey,5.0,-13.7656,-66.1005,data/BirdClef/train_audio/compau/XC697033.ogg,gallery
XC1032426,compau,Nyctidromus albicollis,Pauraque,Richard E. Webster,3.0,4.1616,-59.0616,data/BirdClef/train_audio/compau/XC1032426.ogg,gallery
XC431830,compau,Nyctidromus albicollis,Pauraque,Bobby Wilcox,4.0,-9.5975,-55.9325,data/BirdClef/train_audio/compau/XC431830.ogg,gallery
XC687806,compau,Nyctidromus albicollis,Pauraque,Bruce McCulloch,5.0,-23.6521,-46.6919,data/BirdClef/train_audio/compau/XC687806.ogg,gallery
XC450508,compau,Nyctidromus albicollis,Pauraque,Rosendo Manuel Fraga,4.0,-26.5389,-55.7397,data/BirdClef/train_audio/compau/XC450508.ogg,gallery
XC607373,compau,Nyctidromus albicollis,Pauraque,Martin St-Michel,4.0,-12.4384,-70.6803,data/BirdClef/train_audio/compau/XC607373.ogg,gallery
XC122296,compau,Nyctidromus albicollis,Pauraque,Eric DeFonso,4.0,-12.7945,-71.3979,data/BirdClef/train_audio/compau/XC122296.ogg,gallery
XC520546,compau,Nyctidromus albicollis,Pauraque,Yair Guillermo Molina Martínez.,3.0,4.5646,-74.9392,data/BirdClef/train_audio/compau/XC520546.ogg,gallery
XC493435,compau,Nyctidromus albicollis,Pauraque,JAYRSON ARAUJO DE OLIVEIRA,5.0,-6.3761,-47.1085,data/BirdClef/train_audio/compau/XC493435.ogg,gallery
XC956287,compau,Nyctidromus albicollis,Pauraque,Étienne Leroy,5.0,15.7307,-96.1671,data/BirdClef/train_audio/compau/XC956287.ogg,gallery
XC816878,compau,Nyctidromus albicollis,Pauraque,JAYRSON ARAUJO DE OLIVEIRA,5.0,-7.3499,-48.2929,data/BirdClef/train_audio/compau/XC816878.ogg,gallery
XC455589,compau,Nyctidromus albicollis,Pauraque,David Monroy Rengifo,5.0,4.843,-75.8187,data/BirdClef/train_audio/compau/XC455589.ogg,gallery
XC857626,compau,Nyctidromus albicollis,Pauraque,Sven Kransel,5.0,5.0791,-75.6852,data/BirdClef/train_audio/compau/XC857626.ogg,gallery
XC638835,compau,Nyctidromus albicollis,Pauraque,Dante Buzzetti,5.0,-10.1904,-61.5721,data/BirdClef/train_audio/compau/XC638835.ogg,gallery
XC742722,compau,Nyctidromus albicollis,Pauraque,Eduardo Vieira 1301,4.0,-9.6013,-35.711,data/BirdClef/train_audio/compau/XC742722.ogg,gallery
XC1069976,compau,Nyctidromus albicollis,Pauraque,Max Noack,5.0,15.4856,-90.3614,data/BirdClef/train_audio/compau/XC1069976.ogg,gallery
XC331185,compau,Nyctidromus albicollis,Pauraque,Manuel Grosselet,4.0,18.5818,-98.7087,data/BirdClef/train_audio/compau/XC331185.ogg,gallery
XC810428,compau,Nyctidromus albicollis,Pauraque,JAYRSON ARAUJO DE OLIVEIRA,5.0,-16.0538,-49.604,data/BirdClef/train_audio/compau/XC810428.ogg,gallery
XC234121,compau,Nyctidromus albicollis,Pauraque,Jerome Fischer,5.0,0.1228,-78.9942,data/BirdClef/train_audio/compau/XC234121.ogg,gallery
XC190039,compau,Nyctidromus albicollis,Pauraque,Leonardo Ordóñez-Delgado,5.0,-3.749,-78.8706,data/BirdClef/train_audio/compau/XC190039.ogg,gallery
XC861438,compau,Nyctidromus albicollis,Pauraque,Leonardo Guzman Hernandez,4.0,25.3559,-99.4773,data/BirdClef/train_audio/compau/XC861438.ogg,gallery
XC1006052,compau,Nyctidromus albicollis,Pauraque,Dante Buzzetti,3.5,-20.6381,-51.8071,data/BirdClef/train_audio/compau/XC1006052.ogg,gallery
XC839381,compau,Nyctidromus albicollis,Pauraque,Francisco contreras,5.0,11.1783,-69.5624,data/BirdClef/train_audio/compau/XC839381.ogg,gallery
XC197668,compau,Nyctidromus albicollis,Pauraque,Guillermo Funes,5.0,13.8976,-88.0599,data/BirdClef/train_audio/compau/XC197668.ogg,gallery
XC127688,compau,Nyctidromus albicollis,Pauraque,Martin St-Michel,5.0,-12.2292,-69.3256,data/BirdClef/train_audio/compau/XC127688.ogg,gallery
XC913409,compau,Nyctidromus albicollis,Pauraque,Manuel Grosselet,5.0,16.8999,-93.2289,data/BirdClef/train_audio/compau/XC913409.ogg,gallery
XC257197,compau,Nyctidromus albicollis,Pauraque,Manuel Grosselet,5.0,17.9833,-94.55,data/BirdClef/train_audio/compau/XC257197.ogg,gallery
XC522870,compau,Nyctidromus albicollis,Pauraque,Paul Driver,5.0,17.539,-89.1111,data/BirdClef/train_audio/compau/XC522870.ogg,gallery
XC861509,compau,Nyctidromus albicollis,Pauraque,Richard E. Webster,3.5,-14.4259,-67.9167,data/BirdClef/train_audio/compau/XC861509.ogg,gallery
XC421913,compau,Nyctidromus albicollis,Pauraque,Fernando Igor de Godoy,5.0,-16.3458,-39.1395,data/BirdClef/train_audio/compau/XC421913.ogg,gallery
XC85241,compau,Nyctidromus albicollis,Pauraque,Jeremy Minns,3.5,-23.4727,-45.1892,data/BirdClef/train_audio/compau/XC85241.ogg,gallery
XC257770,compau,Nyctidromus albicollis,Pauraque,John V. Moore,5.0,-0.398,-76.128,data/BirdClef/train_audio/compau/XC257770.ogg,gallery
XC756789,compau,Nyctidromus albicollis,Pauraque,Eduardo Vieira 1301,5.0,-9.5617,-35.6989,data/BirdClef/train_audio/compau/XC756789.ogg,gallery
XC977275,compau,Nyctidromus albicollis,Pauraque,Matthew L. Brady,4.0,-0.6759,-77.5976,data/BirdClef/train_audio/compau/XC977275.ogg,gallery
XC127613,compau,Nyctidromus albicollis,Pauraque,Martin St-Michel,5.0,-12.2292,-69.3256,data/BirdClef/train_audio/compau/XC127613.ogg,gallery
XC264113,compau,Nyctidromus albicollis,Pauraque,Sebastian K. Herzog,4.5,-13.7656,-66.1005,data/BirdClef/train_audio/compau/XC264113.ogg,gallery
XC920202,compau,Nyctidromus albicollis,Pauraque,Fernanda Fernandex,3.0,-15.5661,-47.7656,data/BirdClef/train_audio/compau/XC920202.ogg,gallery
XC560641,compau,Nyctidromus albicollis,Pauraque,Jerome Fischer,5.0,4.351,-74.652,data/BirdClef/train_audio/compau/XC560641.ogg,gallery
XC604849,compau,Nyctidromus albicollis,Pauraque,Miguel Angel Muñoz-Amaya,3.0,4.6429,-75.9658,data/BirdClef/train_audio/compau/XC604849.ogg,gallery
XC456499,compau,Nyctidromus albicollis,Pauraque,Andrew Orgill,4.0,27.6415,-97.3197,data/BirdClef/train_audio/compau/XC456499.ogg,gallery
XC164865,compau,Nyctidromus albicollis,Pauraque,Christian Regis da Silva,5.0,-18.8939,-43.3248,data/BirdClef/train_audio/compau/XC164865.ogg,gallery
XC389667,compau,Nyctidromus albicollis,Pauraque,Andres Angulo ,3.0,4.0706,-73.679,data/BirdClef/train_audio/compau/XC389667.ogg,gallery
XC812658,compau,Nyctidromus albicollis,Pauraque,Hans Groot,4.0,4.4058,-57.2308,data/BirdClef/train_audio/compau/XC812658.ogg,gallery
XC330470,compau,Nyctidromus albicollis,Pauraque,Roney Souza,5.0,-19.2204,-42.4832,data/BirdClef/train_audio/compau/XC330470.ogg,gallery
XC307201,compau,Nyctidromus albicollis,Pauraque,Martin Overy,5.0,10.4295,-84.0095,data/BirdClef/train_audio/compau/XC307201.ogg,gallery
XC315234,compau,Nyctidromus albicollis,Pauraque,David Ricardo Rodríguez Villamil,4.0,5.5278,-74.6061,data/BirdClef/train_audio/compau/XC315234.ogg,gallery
XC212371,compau,Nyctidromus albicollis,Pauraque,Manuel Espejo,4.0,5.0791,-75.6852,data/BirdClef/train_audio/compau/XC212371.ogg,gallery
XC953707,compau,Nyctidromus albicollis,Pauraque,Luciano Buck,5.0,-32.1378,-53.758,data/BirdClef/train_audio/compau/XC953707.ogg,gallery
XC28517,compau,Nyctidromus albicollis,Pauraque,Daniel Lane,4.0,16.7812,-88.4587,data/BirdClef/train_audio/compau/XC28517.ogg,gallery
XC317814,compau,Nyctidromus albicollis,Pauraque,Nick Komar,3.0,8.8667,-75.7859,data/BirdClef/train_audio/compau/XC317814.ogg,gallery
XC573313,compau,Nyctidromus albicollis,Pauraque,Luis Eduardo Vidal Salgado,3.0,4.8005,-75.6892,data/BirdClef/train_audio/compau/XC573313.ogg,gallery
XC113477,compau,Nyctidromus albicollis,Pauraque,Paulo Affonso Fonseca Pires Neto,4.0,-16.7692,-56.1712,data/BirdClef/train_audio/compau/XC113477.ogg,gallery
XC827132,compau,Nyctidromus albicollis,Pauraque,rudy gelis,4.0,-0.4776,-77.2936,data/BirdClef/train_audio/compau/XC827132.ogg,gallery
XC541160,compau,Nyctidromus albicollis,Pauraque,JAYRSON ARAUJO DE OLIVEIRA,4.5,-16.5631,-49.285,data/BirdClef/train_audio/compau/XC541160.ogg,gallery
XC130849,compau,Nyctidromus albicollis,Pauraque,Eric DeFonso,5.0,-22.4508,-42.7735,data/BirdClef/train_audio/compau/XC130849.ogg,gallery
XC1035441,compau,Nyctidromus albicollis,Pauraque,JAYRSON ARAUJO DE OLIVEIRA,4.5,-7.1545,-48.6915,data/BirdClef/train_audio/compau/XC1035441.ogg,gallery
XC825541,compau,Nyctidromus albicollis,Pauraque,Mauricio Cuéllar-Ramírez,5.0,1.4898,-75.6801,data/BirdClef/train_audio/compau/XC825541.ogg,gallery
XC256078,compau,Nyctidromus albicollis,Pauraque,James Leão de Araujo,3.0,-4.2222,-56.0015,data/BirdClef/train_audio/compau/XC256078.ogg,gallery
XC128433,compau,Nyctidromus albicollis,Pauraque,Helberth J. C. Peixoto,4.0,-19.9386,-44.0529,data/BirdClef/train_audio/compau/XC128433.ogg,gallery
XC589904,compau,Nyctidromus albicollis,Pauraque,Mauricio Cuellar Ramirez (@Birding.travel),5.0,1.4898,-75.6801,data/BirdClef/train_audio/compau/XC589904.ogg,gallery
XC186385,compau,Nyctidromus albicollis,Pauraque,Fernando Igor de Godoy,5.0,-22.1978,-49.6457,data/BirdClef/train_audio/compau/XC186385.ogg,gallery
XC534541,compau,Nyctidromus albicollis,Pauraque,Jerome Fischer,5.0,4.351,-74.652,data/BirdClef/train_audio/compau/XC534541.ogg,gallery
XC1577,compau,Nyctidromus albicollis,Pauraque,Sjoerd Mayer,4.5,-17.4667,-63.6501,data/BirdClef/train_audio/compau/XC1577.ogg,gallery
XC421914,compau,Nyctidromus albicollis,Pauraque,Fernando Igor de Godoy,4.0,-16.3458,-39.1395,data/BirdClef/train_audio/compau/XC421914.ogg,gallery
XC257773,compau,Nyctidromus albicollis,Pauraque,John V. Moore,5.0,-0.548,-76.041,data/BirdClef/train_audio/compau/XC257773.ogg,gallery
XC811731,compau,Nyctidromus albicollis,Pauraque,JAYRSON ARAUJO DE OLIVEIRA,5.0,-16.9039,-49.2218,data/BirdClef/train_audio/compau/XC811731.ogg,gallery
XC28561,compau,Nyctidromus albicollis,Pauraque,Daniel Lane,4.0,16.7812,-88.4587,data/BirdClef/train_audio/compau/XC28561.ogg,gallery
XC1006053,compau,Nyctidromus albicollis,Pauraque,Dante Buzzetti,5.0,-20.6381,-51.8071,data/BirdClef/train_audio/compau/XC1006053.ogg,gallery
XC128797,compau,Nyctidromus albicollis,Pauraque,Eric DeFonso,4.5,-16.7581,-56.8764,data/BirdClef/train_audio/compau/XC128797.ogg,gallery
XC455591,compau,Nyctidromus albicollis,Pauraque,David Monroy Rengifo,5.0,4.843,-75.8187,data/BirdClef/train_audio/compau/XC455591.ogg,gallery
XC624919,compau,Nyctidromus albicollis,Pauraque,Bruce McCulloch,5.0,-23.649,-46.6888,data/BirdClef/train_audio/compau/XC624919.ogg,gallery
XC707148,compau,Nyctidromus albicollis,Pauraque,Richard E. Webster,4.0,-13.7656,-66.1005,data/BirdClef/train_audio/compau/XC707148.ogg,gallery
XC837943,compau,Nyctidromus albicollis,Pauraque,JAYRSON ARAUJO DE OLIVEIRA,5.0,-14.0858,-50.8244,data/BirdClef/train_audio/compau/XC837943.ogg,gallery
XC532315,compau,Nyctidromus albicollis,Pauraque,Sergio Córdoba-Córdoba (Colección de Sonidos Ambientales - Instituto Humboldt),4.0,5.2461,-75.6853,data/BirdClef/train_audio/compau/XC532315.ogg,gallery
XC965379,compau,Nyctidromus albicollis,Pauraque,JAYRSON ARAUJO DE OLIVEIRA,5.0,-16.5108,-49.2939,data/BirdClef/train_audio/compau/XC965379.ogg,gallery
XC121382,compau,Nyctidromus albicollis,Pauraque,Alexandre Bianco,5.0,-27.8655,-48.6185,data/BirdClef/train_audio/compau/XC121382.ogg,gallery
XC768349,compau,Nyctidromus albicollis,Pauraque,Nick Komar,4.0,15.7688,-96.1151,data/BirdClef/train_audio/compau/XC768349.ogg,gallery
XC172387,compau,Nyctidromus albicollis,Pauraque,tony henneberg,4.0,5.5834,-55.1667,data/BirdClef/train_audio/compau/XC172387.ogg,gallery
XC432407,compau,Nyctidromus albicollis,Pauraque,Bobby Wilcox,5.0,-9.5975,-55.9325,data/BirdClef/train_audio/compau/XC432407.ogg,gallery
XC796934,compau,Nyctidromus albicollis,Pauraque,Paul Driver,4.0,17.1543,-88.8522,data/BirdClef/train_audio/compau/XC796934.ogg,gallery
XC234356,compau,Nyctidromus albicollis,Pauraque,Max Noack,5.0,15.4856,-90.3614,data/BirdClef/train_audio/compau/XC234356.ogg,gallery
XC85242,compau,Nyctidromus albicollis,Pauraque,Jeremy Minns,3.5,-23.4727,-45.1892,data/BirdClef/train_audio/compau/XC85242.ogg,gallery
XC955147,compau,Nyctidromus albicollis,Pauraque,Étienne Leroy,4.0,16.0558,-97.1888,data/BirdClef/train_audio/compau/XC955147.ogg,gallery
XC186383,compau,Nyctidromus albicollis,Pauraque,Fernando Igor de Godoy,4.0,-9.3164,-35.4423,data/BirdClef/train_audio/compau/XC186383.ogg,gallery
XC148609,compau,Nyctidromus albicollis,Pauraque,Thiago Bicudo,5.0,-2.9578,-58.348,data/BirdClef/train_audio/compau/XC148609.ogg,gallery
XC664411,compau,Nyctidromus albicollis,Pauraque,Yair Guillermo Molina Martínez.,4.0,4.4615,-75.0514,data/BirdClef/train_audio/compau/XC664411.ogg,gallery
XC217758,compau,Nyctidromus albicollis,Pauraque,Alexandre Bianco,4.0,-28.524,-49.3418,data/BirdClef/train_audio/compau/XC217758.ogg,gallery
XC436502,compau,Nyctidromus albicollis,Pauraque,JAYRSON ARAUJO DE OLIVEIRA,5.0,-16.5631,-49.285,data/BirdClef/train_audio/compau/XC436502.ogg,gallery
XC741147,compau,Nyctidromus albicollis,Pauraque,JAYRSON ARAUJO DE OLIVEIRA,5.0,-14.625,-49.0051,data/BirdClef/train_audio/compau/XC741147.ogg,gallery
XC1059417,compau,Nyctidromus albicollis,Pauraque,Arturo Liñan,3.5,18.992,-99.2509,data/BirdClef/train_audio/compau/XC1059417.ogg,gallery
XC500061,compau,Nyctidromus albicollis,Pauraque,JAYRSON ARAUJO DE OLIVEIRA,5.0,-16.6003,-49.2802,data/BirdClef/train_audio/compau/XC500061.ogg,gallery
XC1576,compau,Nyctidromus albicollis,Pauraque,Sjoerd Mayer,5.0,-17.467,-63.65,data/BirdClef/train_audio/compau/XC1576.ogg,gallery
XC607371,compau,Nyctidromus albicollis,Pauraque,Martin St-Michel,3.0,-12.4384,-70.6803,data/BirdClef/train_audio/compau/XC607371.ogg,gallery
XC525626,compau,Nyctidromus albicollis,Pauraque,Mauricio Álvarez-Rebolledo (Colección de Sonidos Ambientales - Instituto Humboldt),4.0,0.2131,-72.4236,data/BirdClef/train_audio/compau/XC525626.ogg,gallery
XC500143,compau,Nyctidromus albicollis,Pauraque,MiriamEaglemon,5.0,9.4032,-83.6708,data/BirdClef/train_audio/compau/XC500143.ogg,gallery
XC257771,compau,Nyctidromus albicollis,Pauraque,John V. Moore,5.0,-0.523,-76.438,data/BirdClef/train_audio/compau/XC257771.ogg,gallery
XC502220,compau,Nyctidromus albicollis,Pauraque,Ricardo José Mitidieri,5.0,-22.9511,-43.0384,data/BirdClef/train_audio/compau/XC502220.ogg,gallery
XC525401,compau,Nyctidromus albicollis,Pauraque,Mauricio Álvarez-Rebolledo (Colección de Sonidos Ambientales - Instituto Humboldt),5.0,0.2119,-72.4175,data/BirdClef/train_audio/compau/XC525401.ogg,gallery
XC973328,compau,Nyctidromus albicollis,Pauraque,Luciano Buck,4.0,-28.5379,-57.1865,data/BirdClef/train_audio/compau/XC973328.ogg,gallery
XC737384,compau,Nyctidromus albicollis,Pauraque,JAYRSON ARAUJO DE OLIVEIRA,5.0,-17.1888,-48.7335,data/BirdClef/train_audio/compau/XC737384.ogg,gallery
XC334335,compau,Nyctidromus albicollis,Pauraque,Rodrigo Dela Rosa,5.0,-23.07,-45.939,data/BirdClef/train_audio/compau/XC334335.ogg,gallery
XC148342,compau,Nyctidromus albicollis,Pauraque,Gary Stiles (Colección de Sonidos Ambientales - Instituto Humboldt),4.0,1.8888,-76.2888,data/BirdClef/train_audio/compau/XC148342.ogg,gallery
XC465140,compau,Nyctidromus albicollis,Pauraque,JAYRSON ARAUJO DE OLIVEIRA,5.0,-16.6003,-49.2802,data/BirdClef/train_audio/compau/XC465140.ogg,gallery
XC1032427,compau,Nyctidromus albicollis,Pauraque,Richard E. Webster,4.0,4.1616,-59.0616,data/BirdClef/train_audio/compau/XC1032427.ogg,gallery
XC1067292,compau,Nyctidromus albicollis,Pauraque,Dante Buzzetti,4.0,0.7024,-51.4726,data/BirdClef/train_audio/compau/XC1067292.ogg,gallery
XC563297,greant1,Taraba major,Great Antshrike,Rosendo Manuel Fraga,4.0,-32.1266,-60.6687,data/BirdClef/train_audio/greant1/XC563297.ogg,gallery
XC822837,greant1,Taraba major,Great Antshrike,Bernard BOUSQUET,5.0,-31.8168,-64.4233,data/BirdClef/train_audio/greant1/XC822837.ogg,gallery
XC898536,greant1,Taraba major,Great Antshrike,Guillermo Treboux,3.0,-30.9573,-62.7146,data/BirdClef/train_audio/greant1/XC898536.ogg,gallery
XC823578,greant1,Taraba major,Great Antshrike,Bernard BOUSQUET,3.0,-30.9217,-62.6667,data/BirdClef/train_audio/greant1/XC823578.ogg,gallery
XC829646,greant1,Taraba major,Great Antshrike,Bernard BOUSQUET,3.0,-30.9028,-62.4265,data/BirdClef/train_audio/greant1/XC829646.ogg,gallery
XC993758,greant1,Taraba major,Great Antshrike,Guillermo Treboux,4.0,-28.5077,-59.2649,data/BirdClef/train_audio/greant1/XC993758.ogg,gallery
XC469651,greant1,Taraba major,Great Antshrike,Rosendo Manuel Fraga,5.0,-27.1453,-58.8418,data/BirdClef/train_audio/greant1/XC469651.ogg,gallery
XC364643,greant1,Taraba major,Great Antshrike,Bobby Wilcox,4.0,-26.8109,-59.597,data/BirdClef/train_audio/greant1/XC364643.ogg,gallery
XC365407,greant1,Taraba major,Great Antshrike,Bobby Wilcox,4.0,-26.7966,-59.6056,data/BirdClef/train_audio/greant1/XC365407.ogg,gallery
XC946329,greant1,Taraba major,Great Antshrike,Viviana Fuentes,3.0,-26.6139,-65.206,data/BirdClef/train_audio/greant1/XC946329.ogg,gallery
XC419910,greant1,Taraba major,Great Antshrike,Victor Antonelli,4.0,-22.8842,-48.4442,data/BirdClef/train_audio/greant1/XC419910.ogg,gallery
XC419761,greant1,Taraba major,Great Antshrike,Victor Antonelli,3.0,-22.8842,-48.4442,data/BirdClef/train_audio/greant1/XC419761.ogg,gallery
XC212393,greant1,Taraba major,Great Antshrike,Fernando Igor de Godoy,5.0,-22.6997,-47.6297,data/BirdClef/train_audio/greant1/XC212393.ogg,gallery
XC720975,greant1,Taraba major,Great Antshrike,Luiz C.  Silva,4.0,-22.6778,-52.1924,data/BirdClef/train_audio/greant1/XC720975.ogg,gallery
XC504809,greant1,Taraba major,Great Antshrike,Fernando Igor de Godoy,4.0,-22.473,-48.5638,data/BirdClef/train_audio/greant1/XC504809.ogg,gallery
XC513019,greant1,Taraba major,Great Antshrike,Arthur Gomes,4.0,-22.2995,-47.5725,data/BirdClef/train_audio/greant1/XC513019.ogg,gallery
XC212394,greant1,Taraba major,Great Antshrike,Fernando Igor de Godoy,4.0,-22.1978,-49.6457,data/BirdClef/train_audio/greant1/XC212394.ogg,gallery
XC212392,greant1,Taraba major,Great Antshrike,Fernando Igor de Godoy,4.0,-22.1978,-49.6457,data/BirdClef/train_audio/greant1/XC212392.ogg,gallery
XC325738,greant1,Taraba major,Great Antshrike,Fernando Igor de Godoy,4.0,-21.7848,-48.1786,data/BirdClef/train_audio/greant1/XC325738.ogg,gallery
XC325594,greant1,Taraba major,Great Antshrike,Fernando Igor de Godoy,5.0,-20.7882,-51.703,data/BirdClef/train_audio/greant1/XC325594.ogg,gallery
XC140004,greant1,Taraba major,Great Antshrike,Noé Eiterer,5.0,-20.6665,-42.5222,data/BirdClef/train_audio/greant1/XC140004.ogg,gallery
XC707637,greant1,Taraba major,Great Antshrike,Fernando Igor de Godoy,5.0,-20.4593,-55.7819,data/BirdClef/train_audio/greant1/XC707637.ogg,gallery
XC243947,greant1,Taraba major,Great Antshrike,Jeremy Minns,4.5,-20.2209,-56.5751,data/BirdClef/train_audio/greant1/XC243947.ogg,gallery
XC2621,greant1,Taraba major,Great Antshrike,Sjoerd Mayer,4.5,-19.5501,-62.5623,data/BirdClef/train_audio/greant1/XC2621.ogg,gallery
XC119761,greant1,Taraba major,Great Antshrike,David Edwards,5.0,-19.4938,-56.9576,data/BirdClef/train_audio/greant1/XC119761.ogg,gallery
XC119760,greant1,Taraba major,Great Antshrike,David Edwards,5.0,-19.4938,-56.9576,data/BirdClef/train_audio/greant1/XC119760.ogg,gallery
XC336370,greant1,Taraba major,Great Antshrike,Jerome Fischer,4.5,-19.2988,-43.6506,data/BirdClef/train_audio/greant1/XC336370.ogg,gallery
XC749117,greant1,Taraba major,Great Antshrike,Ricardo José Mitidieri,3.5,-19.2237,-45.0057,data/BirdClef/train_audio/greant1/XC749117.ogg,gallery
XC170031,greant1,Taraba major,Great Antshrike,Roney Assis Souza,5.0,-19.2204,-42.4832,data/BirdClef/train_audio/greant1/XC170031.ogg,gallery
XC169835,greant1,Taraba major,Great Antshrike,Roney Assis Souza,5.0,-19.2204,-42.4832,data/BirdClef/train_audio/greant1/XC169835.ogg,gallery
XC170033,greant1,Taraba major,Great Antshrike,Roney Assis Souza,4.0,-19.2204,-42.4832,data/BirdClef/train_audio/greant1/XC170033.ogg,gallery
XC170032,greant1,Taraba major,Great Antshrike,Roney Assis Souza,4.0,-19.2204,-42.4832,data/BirdClef/train_audio/greant1/XC170032.ogg,gallery
XC247305,greant1,Taraba major,Great Antshrike,Roney Souza,3.5,-19.2204,-42.4832,data/BirdClef/train_audio/greant1/XC247305.ogg,gallery
XC863855,greant1,Taraba major,Great Antshrike,JAYRSON ARAUJO DE OLIVEIRA,3.5,-18.9287,-51.679,data/BirdClef/train_audio/greant1/XC863855.ogg,gallery
XC860760,greant1,Taraba major,Great Antshrike,LUCIO DOS REIS OLIVEIRA,4.0,-18.8309,-46.8265,data/BirdClef/train_audio/greant1/XC860760.ogg,gallery
XC860757,greant1,Taraba major,Great Antshrike,LUCIO DOS REIS OLIVEIRA,3.5,-18.8307,-46.8266,data/BirdClef/train_audio/greant1/XC860757.ogg,gallery
XC706096,greant1,Taraba major,Great Antshrike,Fernando Igor de Godoy,5.0,-18.002,-40.381,data/BirdClef/train_audio/greant1/XC706096.ogg,gallery
XC705738,greant1,Taraba major,Great Antshrike,Fernando Igor de Godoy,5.0,-17.8443,-40.3426,data/BirdClef/train_audio/greant1/XC705738.ogg,gallery
XC296323,greant1,Taraba major,Great Antshrike,Ross Gallardy,4.0,-17.7833,-63.0666,data/BirdClef/train_audio/greant1/XC296323.ogg,gallery
XC2642,greant1,Taraba major,Great Antshrike,Sjoerd Mayer,4.0,-17.7751,-63.0667,data/BirdClef/train_audio/greant1/XC2642.ogg,gallery
XC745518,greant1,Taraba major,Great Antshrike,JAYRSON ARAUJO DE OLIVEIRA,4.0,-17.7396,-48.6279,data/BirdClef/train_audio/greant1/XC745518.ogg,gallery
XC745500,greant1,Taraba major,Great Antshrike,JAYRSON ARAUJO DE OLIVEIRA,3.5,-17.7396,-48.6279,data/BirdClef/train_audio/greant1/XC745500.ogg,gallery
XC288556,greant1,Taraba major,Great Antshrike,Marcelo Villegas,5.0,-17.4386,-51.3134,data/BirdClef/train_audio/greant1/XC288556.ogg,gallery
XC324950,greant1,Taraba major,Great Antshrike,Jeremy Minns,3.5,-17.3986,-44.8068,data/BirdClef/train_audio/greant1/XC324950.ogg,gallery
XC737389,greant1,Taraba major,Great Antshrike,JAYRSON ARAUJO DE OLIVEIRA,3.5,-17.1888,-48.7335,data/BirdClef/train_audio/greant1/XC737389.ogg,gallery
XC2233,greant1,Taraba major,Great Antshrike,Sjoerd Mayer,5.0,-17.1667,-62.4167,data/BirdClef/train_audio/greant1/XC2233.ogg,gallery
XC2201,greant1,Taraba major,Great Antshrike,Sjoerd Mayer,4.5,-17.1667,-62.4167,data/BirdClef/train_audio/greant1/XC2201.ogg,gallery
XC711254,greant1,Taraba major,Great Antshrike,JAYRSON ARAUJO DE OLIVEIRA,3.5,-16.8082,-49.1719,data/BirdClef/train_audio/greant1/XC711254.ogg,gallery
XC654340,greant1,Taraba major,Great Antshrike,Dante Buzzetti,4.0,-16.7546,-56.8813,data/BirdClef/train_audio/greant1/XC654340.ogg,gallery
XC872646,greant1,Taraba major,Great Antshrike,JAYRSON ARAUJO DE OLIVEIRA,3.0,-16.6101,-50.2978,data/BirdClef/train_audio/greant1/XC872646.ogg,gallery
XC556782,greant1,Taraba major,Great Antshrike,JAYRSON ARAUJO DE OLIVEIRA,4.0,-16.6003,-49.2802,data/BirdClef/train_audio/greant1/XC556782.ogg,gallery
XC518785,greant1,Taraba major,Great Antshrike,JAYRSON ARAUJO DE OLIVEIRA,3.5,-16.6003,-49.2802,data/BirdClef/train_audio/greant1/XC518785.ogg,gallery
XC872678,greant1,Taraba major,Great Antshrike,JAYRSON ARAUJO DE OLIVEIRA,4.0,-16.5861,-50.3034,data/BirdClef/train_audio/greant1/XC872678.ogg,gallery
XC443337,greant1,Taraba major,Great Antshrike,JAYRSON ARAUJO DE OLIVEIRA,3.5,-16.5728,-49.3122,data/BirdClef/train_audio/greant1/XC443337.ogg,gallery
XC441310,greant1,Taraba major,Great Antshrike,JAYRSON ARAUJO DE OLIVEIRA,3.0,-16.5728,-49.3122,data/BirdClef/train_audio/greant1/XC441310.ogg,gallery
XC880846,greant1,Taraba major,Great Antshrike,JAYRSON ARAUJO DE OLIVEIRA,4.5,-16.5631,-49.285,data/BirdClef/train_audio/greant1/XC880846.ogg,gallery
XC880845,greant1,Taraba major,Great Antshrike,JAYRSON ARAUJO DE OLIVEIRA,4.0,-16.5631,-49.285,data/BirdClef/train_audio/greant1/XC880845.ogg,gallery
XC113464,greant1,Taraba major,Great Antshrike,Paulo Affonso Fonseca Pires Neto,4.0,-16.5617,-56.6984,data/BirdClef/train_audio/greant1/XC113464.ogg,gallery
XC743213,greant1,Taraba major,Great Antshrike,JAYRSON ARAUJO DE OLIVEIRA,3.5,-16.5456,-49.1572,data/BirdClef/train_audio/greant1/XC743213.ogg,gallery
XC800277,greant1,Taraba major,Great Antshrike,JAYRSON ARAUJO DE OLIVEIRA,4.5,-16.4727,-49.4959,data/BirdClef/train_audio/greant1/XC800277.ogg,gallery
XC419604,greant1,Taraba major,Great Antshrike,Fernando Igor de Godoy,4.0,-16.4525,-39.2554,data/BirdClef/train_audio/greant1/XC419604.ogg,gallery
XC216996,greant1,Taraba major,Great Antshrike,Daniel Blamires,4.0,-16.4456,-51.1201,data/BirdClef/train_audio/greant1/XC216996.ogg,gallery
XC216995,greant1,Taraba major,Great Antshrike,Daniel Blamires,4.0,-16.4456,-51.1201,data/BirdClef/train_audio/greant1/XC216995.ogg,gallery
XC928605,greant1,Taraba major,Great Antshrike,JAYRSON ARAUJO DE OLIVEIRA,4.5,-16.4353,-49.3948,data/BirdClef/train_audio/greant1/XC928605.ogg,gallery
XC928601,greant1,Taraba major,Great Antshrike,JAYRSON ARAUJO DE OLIVEIRA,4.5,-16.4353,-49.3948,data/BirdClef/train_audio/greant1/XC928601.ogg,gallery
XC565165,greant1,Taraba major,Great Antshrike,JAYRSON ARAUJO DE OLIVEIRA,3.5,-16.4314,-49.1459,data/BirdClef/train_audio/greant1/XC565165.ogg,gallery
XC419070,greant1,Taraba major,Great Antshrike,JAYRSON ARAUJO DE OLIVEIRA,3.0,-16.4314,-49.1459,data/BirdClef/train_audio/greant1/XC419070.ogg,gallery
XC414059,greant1,Taraba major,Great Antshrike,JAYRSON ARAUJO DE OLIVEIRA,4.5,-16.3834,-56.6167,data/BirdClef/train_audio/greant1/XC414059.ogg,gallery
XC414058,greant1,Taraba major,Great Antshrike,JAYRSON ARAUJO DE OLIVEIRA,4.5,-16.3834,-56.6167,data/BirdClef/train_audio/greant1/XC414058.ogg,gallery
XC316887,greant1,Taraba major,Great Antshrike,Daniel Blamires,5.0,-16.3198,-50.9076,data/BirdClef/train_audio/greant1/XC316887.ogg,gallery
XC419265,greant1,Taraba major,Great Antshrike,Fernando Igor de Godoy,4.0,-16.2794,-39.6105,data/BirdClef/train_audio/greant1/XC419265.ogg,gallery
XC737042,greant1,Taraba major,Great Antshrike,JAYRSON ARAUJO DE OLIVEIRA,4.0,-16.1605,-49.5395,data/BirdClef/train_audio/greant1/XC737042.ogg,gallery
XC840153,greant1,Taraba major,Great Antshrike,JAYRSON ARAUJO DE OLIVEIRA,3.5,-16.0538,-49.604,data/BirdClef/train_audio/greant1/XC840153.ogg,gallery
XC934069,greant1,Taraba major,Great Antshrike,Fernanda Fernandex,4.0,-15.5499,-47.7538,data/BirdClef/train_audio/greant1/XC934069.ogg,gallery
XC381705,greant1,Taraba major,Great Antshrike,Ricardo José Mitidieri,5.0,-15.4756,-55.721,data/BirdClef/train_audio/greant1/XC381705.ogg,gallery
XC80094,greant1,Taraba major,Great Antshrike,Jeremy Minns,5.0,-15.0178,-59.8826,data/BirdClef/train_audio/greant1/XC80094.ogg,gallery
XC174039,greant1,Taraba major,Great Antshrike,João Antônio de B. Vitto,4.0,-14.8264,-56.4241,data/BirdClef/train_audio/greant1/XC174039.ogg,gallery
XC702211,greant1,Taraba major,Great Antshrike,Richard E. Webster,4.5,-14.7949,-64.9745,data/BirdClef/train_audio/greant1/XC702211.ogg,gallery
XC702209,greant1,Taraba major,Great Antshrike,Richard E. Webster,4.5,-14.7949,-64.9745,data/BirdClef/train_audio/greant1/XC702209.ogg,gallery
XC702203,greant1,Taraba major,Great Antshrike,Richard E. Webster,3.5,-14.7306,-64.947,data/BirdClef/train_audio/greant1/XC702203.ogg,gallery
XC443368,greant1,Taraba major,Great Antshrike,JAYRSON ARAUJO DE OLIVEIRA,4.0,-14.625,-49.0051,data/BirdClef/train_audio/greant1/XC443368.ogg,gallery
XC340982,greant1,Taraba major,Great Antshrike,Mateus G. Santos ,5.0,-14.5541,-40.2689,data/BirdClef/train_audio/greant1/XC340982.ogg,gallery
XC313944,greant1,Taraba major,Great Antshrike,Ken Burton,3.0,-14.4356,-67.5235,data/BirdClef/train_audio/greant1/XC313944.ogg,gallery
XC901352,greant1,Taraba major,Great Antshrike,JAYRSON ARAUJO DE OLIVEIRA,5.0,-13.8891,-50.1832,data/BirdClef/train_audio/greant1/XC901352.ogg,gallery
XC901350,greant1,Taraba major,Great Antshrike,JAYRSON ARAUJO DE OLIVEIRA,5.0,-13.8891,-50.1832,data/BirdClef/train_audio/greant1/XC901350.ogg,gallery
XC901347,greant1,Taraba major,Great Antshrike,JAYRSON ARAUJO DE OLIVEIRA,4.0,-13.8891,-50.1832,data/BirdClef/train_audio/greant1/XC901347.ogg,gallery
XC898260,greant1,Taraba major,Great Antshrike,JAYRSON ARAUJO DE OLIVEIRA,4.5,-13.7317,-46.3549,data/BirdClef/train_audio/greant1/XC898260.ogg,gallery
XC898245,greant1,Taraba major,Great Antshrike,JAYRSON ARAUJO DE OLIVEIRA,4.5,-13.7317,-46.3549,data/BirdClef/train_audio/greant1/XC898245.ogg,gallery
XC64234,greant1,Taraba major,Great Antshrike,Joseph Tobias and Nathalie Seddon,4.0,-13.5538,-61.0087,data/BirdClef/train_audio/greant1/XC64234.ogg,gallery
XC793140,greant1,Taraba major,Great Antshrike,JAYRSON ARAUJO DE OLIVEIRA,4.5,-13.3725,-47.327,data/BirdClef/train_audio/greant1/XC793140.ogg,gallery
XC789004,greant1,Taraba major,Great Antshrike,JAYRSON ARAUJO DE OLIVEIRA,5.0,-13.3725,-47.327,data/BirdClef/train_audio/greant1/XC789004.ogg,gallery
XC789003,greant1,Taraba major,Great Antshrike,JAYRSON ARAUJO DE OLIVEIRA,5.0,-13.3725,-47.327,data/BirdClef/train_audio/greant1/XC789003.ogg,gallery
XC961860,greant1,Taraba major,Great Antshrike,Richard E. Webster,3.0,-13.1381,-69.6118,data/BirdClef/train_audio/greant1/XC961860.ogg,gallery
XC202318,greant1,Taraba major,Great Antshrike,Richard Hoyer,4.0,-12.889,-71.399,data/BirdClef/train_audio/greant1/XC202318.ogg,gallery
XC682204,greant1,Taraba major,Great Antshrike,Dries Van de Loock,4.0,-12.8633,-71.3789,data/BirdClef/train_audio/greant1/XC682204.ogg,gallery
XC78,greant1,Taraba major,Great Antshrike,Bob Planqué,3.0,-12.856,-69.362,data/BirdClef/train_audio/greant1/XC78.ogg,gallery
XC122581,greant1,Taraba major,Great Antshrike,Eric DeFonso,5.0,-12.7945,-71.3979,data/BirdClef/train_audio/greant1/XC122581.ogg,gallery
XC122579,greant1,Taraba major,Great Antshrike,Eric DeFonso,5.0,-12.7945,-71.3979,data/BirdClef/train_audio/greant1/XC122579.ogg,gallery
XC122578,greant1,Taraba major,Great Antshrike,Eric DeFonso,5.0,-12.7945,-71.3979,data/BirdClef/train_audio/greant1/XC122578.ogg,gallery
XC122577,greant1,Taraba major,Great Antshrike,Eric DeFonso,5.0,-12.7945,-71.3979,data/BirdClef/train_audio/greant1/XC122577.ogg,gallery
XC122576,greant1,Taraba major,Great Antshrike,Eric DeFonso,5.0,-12.7945,-71.3979,data/BirdClef/train_audio/greant1/XC122576.ogg,gallery
XC961858,greant1,Taraba major,Great Antshrike,Richard E. Webster,5.0,-12.6516,-69.1803,data/BirdClef/train_audio/greant1/XC961858.ogg,gallery
XC961857,greant1,Taraba major,Great Antshrike,Richard E. Webster,4.0,-12.6516,-69.1803,data/BirdClef/train_audio/greant1/XC961857.ogg,gallery
XC321901,greant1,Taraba major,Great Antshrike,Jeremy Minns,5.0,-12.5834,-41.3667,data/BirdClef/train_audio/greant1/XC321901.ogg,gallery
XC243946,greant1,Taraba major,Great Antshrike,Jeremy Minns,4.5,-12.5834,-41.3667,data/BirdClef/train_audio/greant1/XC243946.ogg,gallery
XC243945,greant1,Taraba major,Great Antshrike,Jeremy Minns,4.5,-12.5834,-41.3667,data/BirdClef/train_audio/greant1/XC243945.ogg,gallery
XC80095,greant1,Taraba major,Great Antshrike,Jeremy Minns,5.0,-12.5834,-41.3667,data/BirdClef/train_audio/greant1/XC80095.ogg,gallery
XC607374,greant1,Taraba major,Great Antshrike,Martin St-Michel,4.0,-12.4384,-70.6803,data/BirdClef/train_audio/greant1/XC607374.ogg,gallery
XC243943,greant1,Taraba major,Great Antshrike,Jeremy Minns,5.0,-11.9501,-41.2834,data/BirdClef/train_audio/greant1/XC243943.ogg,gallery
XC64233,greant1,Taraba major,Great Antshrike,Joseph Tobias and Nathalie Seddon,4.0,-11.8667,-71.3667,data/BirdClef/train_audio/greant1/XC64233.ogg,gallery
XC64232,greant1,Taraba major,Great Antshrike,Joseph Tobias and Nathalie Seddon,4.0,-11.8667,-71.3667,data/BirdClef/train_audio/greant1/XC64232.ogg,gallery
XC64231,greant1,Taraba major,Great Antshrike,Joseph Tobias and Nathalie Seddon,3.0,-11.8667,-71.3667,data/BirdClef/train_audio/greant1/XC64231.ogg,gallery
XC435483,greant1,Taraba major,Great Antshrike,Guy Kirwan,5.0,-11.0192,-66.0987,data/BirdClef/train_audio/greant1/XC435483.ogg,gallery
XC435484,greant1,Taraba major,Great Antshrike,Guy Kirwan,4.0,-11.0192,-66.0987,data/BirdClef/train_audio/greant1/XC435484.ogg,gallery
XC858769,greant1,Taraba major,Great Antshrike,Richard E. Webster,4.0,-11.0192,-66.0987,data/BirdClef/train_audio/greant1/XC858769.ogg,gallery
XC74207,greant1,Taraba major,Great Antshrike,Joseph Tobias and Nathalie Seddon,5.0,-10.9833,-67.1002,data/BirdClef/train_audio/greant1/XC74207.ogg,gallery
XC355163,greant1,Taraba major,Great Antshrike,Fernando Igor de Godoy,3.0,-10.8954,-68.3632,data/BirdClef/train_audio/greant1/XC355163.ogg,gallery
XC387379,greant1,Taraba major,Great Antshrike,Tulio Dornas,4.0,-10.8786,-49.9548,data/BirdClef/train_audio/greant1/XC387379.ogg,gallery
XC141641,greant1,Taraba major,Great Antshrike,Marcos Melo,4.5,-10.7427,-68.2818,data/BirdClef/train_audio/greant1/XC141641.ogg,gallery
XC437452,greant1,Taraba major,Great Antshrike,Guy Kirwan,4.0,-9.9963,-68.2054,data/BirdClef/train_audio/greant1/XC437452.ogg,gallery
XC479432,greant1,Taraba major,Great Antshrike,Dante Buzzetti,3.5,-9.642,-70.037,data/BirdClef/train_audio/greant1/XC479432.ogg,gallery
XC243948,greant1,Taraba major,Great Antshrike,Jeremy Minns,4.0,-9.5981,-55.932,data/BirdClef/train_audio/greant1/XC243948.ogg,gallery
XC491705,greant1,Taraba major,Great Antshrike,Dante Buzzetti,4.0,-9.545,-70.089,data/BirdClef/train_audio/greant1/XC491705.ogg,gallery
XC572309,greant1,Taraba major,Great Antshrike,Dante Buzzetti,4.0,-9.4382,-70.427,data/BirdClef/train_audio/greant1/XC572309.ogg,gallery
XC682518,greant1,Taraba major,Great Antshrike,Eduardo Vieira 1301,5.0,-9.4234,-35.5037,data/BirdClef/train_audio/greant1/XC682518.ogg,gallery
XC536645,greant1,Taraba major,Great Antshrike,Fernando Igor de Godoy,4.0,-8.7512,-68.9938,data/BirdClef/train_audio/greant1/XC536645.ogg,gallery
XC536644,greant1,Taraba major,Great Antshrike,Fernando Igor de Godoy,4.0,-8.7512,-68.9938,data/BirdClef/train_audio/greant1/XC536644.ogg,gallery
XC342818,greant1,Taraba major,Great Antshrike,Tulio Dornas,4.0,-8.6204,-48.4106,data/BirdClef/train_audio/greant1/XC342818.ogg,gallery
XC1017648,greant1,Taraba major,Great Antshrike,Dante Buzzetti,4.0,-8.2222,-39.3065,data/BirdClef/train_audio/greant1/XC1017648.ogg,gallery
XC698630,greant1,Taraba major,Great Antshrike,Tulio Dornas,5.0,-7.6777,-47.5324,data/BirdClef/train_audio/greant1/XC698630.ogg,gallery
XC742261,greant1,Taraba major,Great Antshrike,Cicero Simão Lima Santos,3.0,-7.4763,-39.6529,data/BirdClef/train_audio/greant1/XC742261.ogg,gallery
XC402907,greant1,Taraba major,Great Antshrike,Tulio Dornas,4.0,-7.2196,-48.6388,data/BirdClef/train_audio/greant1/XC402907.ogg,gallery
XC1035724,greant1,Taraba major,Great Antshrike,JAYRSON ARAUJO DE OLIVEIRA,5.0,-7.1545,-48.6915,data/BirdClef/train_audio/greant1/XC1035724.ogg,gallery
XC1035721,greant1,Taraba major,Great Antshrike,JAYRSON ARAUJO DE OLIVEIRA,5.0,-7.1545,-48.6915,data/BirdClef/train_audio/greant1/XC1035721.ogg,gallery
XC816987,greant1,Taraba major,Great Antshrike,JAYRSON ARAUJO DE OLIVEIRA,4.0,-6.7131,-47.017,data/BirdClef/train_audio/greant1/XC816987.ogg,gallery
XC643350,greant1,Taraba major,Great Antshrike,Dante Buzzetti,4.0,-6.5142,-47.3442,data/BirdClef/train_audio/greant1/XC643350.ogg,gallery
XC1009354,greant1,Taraba major,Great Antshrike,Dante Buzzetti,4.0,-6.2292,-35.0701,data/BirdClef/train_audio/greant1/XC1009354.ogg,gallery
XC983838,greant1,Taraba major,Great Antshrike,Dante Buzzetti,4.0,-6.2292,-35.0701,data/BirdClef/train_audio/greant1/XC983838.ogg,gallery
XC366780,greant1,Taraba major,Great Antshrike,Rafael Lima,3.5,-6.0887,-37.9083,data/BirdClef/train_audio/greant1/XC366780.ogg,gallery
XC430050,greant1,Taraba major,Great Antshrike,François N. Sagot-Martin,4.0,-5.978,-35.1731,data/BirdClef/train_audio/greant1/XC430050.ogg,gallery
XC764395,greant1,Taraba major,Great Antshrike,Mateus Gonçalves Santos ,4.5,-5.9223,-49.9141,data/BirdClef/train_audio/greant1/XC764395.ogg,gallery
XC388590,greant1,Taraba major,Great Antshrike,Rafael Lima,3.5,-5.0555,-37.5383,data/BirdClef/train_audio/greant1/XC388590.ogg,gallery
XC209777,greant1,Taraba major,Great Antshrike,Jerome Fischer,5.0,-4.8788,-79.1318,data/BirdClef/train_audio/greant1/XC209777.ogg,gallery
XC171113,greant1,Taraba major,Great Antshrike,Bruno Lima,5.0,-4.7656,-48.137,data/BirdClef/train_audio/greant1/XC171113.ogg,gallery
XC193651,greant1,Taraba major,Great Antshrike,Leonardo Ordóñez-Delgado,5.0,-3.8464,-79.6748,data/BirdClef/train_audio/greant1/XC193651.ogg,gallery
XC471979,greant1,Taraba major,Great Antshrike,Ricardo Gagliardi,4.0,-3.8299,-38.4696,data/BirdClef/train_audio/greant1/XC471979.ogg,gallery
XC471975,greant1,Taraba major,Great Antshrike,Ricardo Gagliardi,4.0,-3.8299,-38.4696,data/BirdClef/train_audio/greant1/XC471975.ogg,gallery
XC167897,greant1,Taraba major,Great Antshrike,Leonardo Ordóñez-Delgado,4.5,-3.0936,-78.3951,data/BirdClef/train_audio/greant1/XC167897.ogg,gallery
XC602226,greant1,Taraba major,Great Antshrike,Peter de Rouw,5.0,-2.4204,-79.6502,data/BirdClef/train_audio/greant1/XC602226.ogg,gallery
XC602225,greant1,Taraba major,Great Antshrike,Peter de Rouw,5.0,-2.4204,-79.6502,data/BirdClef/train_audio/greant1/XC602225.ogg,gallery
XC345459,greant1,Taraba major,Great Antshrike,Charlie Vogt,3.0,-2.167,-80.011,data/BirdClef/train_audio/greant1/XC345459.ogg,gallery
XC697760,greant1,Taraba major,Great Antshrike,Bobby Wilcox,5.0,-1.6779,-80.7952,data/BirdClef/train_audio/greant1/XC697760.ogg,gallery
XC407633,greant1,Taraba major,Great Antshrike,Bobby Wilcox,5.0,-1.6779,-80.7952,data/BirdClef/train_audio/greant1/XC407633.ogg,gallery
XC407501,greant1,Taraba major,Great Antshrike,Bobby Wilcox,5.0,-1.6779,-80.7952,data/BirdClef/train_audio/greant1/XC407501.ogg,gallery
XC410325,greant1,Taraba major,Great Antshrike,Guy Kirwan,4.0,-1.6757,-80.803,data/BirdClef/train_audio/greant1/XC410325.ogg,gallery
XC329359,greant1,Taraba major,Great Antshrike,Alex Thomas,4.0,-1.673,-80.786,data/BirdClef/train_audio/greant1/XC329359.ogg,gallery
XC777722,greant1,Taraba major,Great Antshrike,Jerome Fischer,4.0,-1.6666,-80.75,data/BirdClef/train_audio/greant1/XC777722.ogg,gallery
XC236827,greant1,Taraba major,Great Antshrike,Tulio Dornas,4.0,-1.2011,-48.2959,data/BirdClef/train_audio/greant1/XC236827.ogg,gallery
XC264578,greant1,Taraba major,Great Antshrike,Paul Coopmans,5.0,-0.933,-77.817,data/BirdClef/train_audio/greant1/XC264578.ogg,gallery
XC706385,greant1,Taraba major,Great Antshrike,Mauricio Cuéllar Ramírez,5.0,-0.6112,-72.3832,data/BirdClef/train_audio/greant1/XC706385.ogg,gallery
XC191772,greant1,Taraba major,Great Antshrike,Adrian Naveda-Rodriguez,4.0,-0.5985,-75.8247,data/BirdClef/train_audio/greant1/XC191772.ogg,gallery
XC191770,greant1,Taraba major,Great Antshrike,Adrian Naveda-Rodriguez,3.0,-0.5985,-75.8247,data/BirdClef/train_audio/greant1/XC191770.ogg,gallery
XC258334,greant1,Taraba major,Great Antshrike,John V. Moore,5.0,-0.523,-76.438,data/BirdClef/train_audio/greant1/XC258334.ogg,gallery
XC258335,greant1,Taraba major,Great Antshrike,John V. Moore,4.5,-0.498,-76.373,data/BirdClef/train_audio/greant1/XC258335.ogg,gallery
XC827155,greant1,Taraba major,Great Antshrike,rudy gelis,4.5,-0.4776,-77.2936,data/BirdClef/train_audio/greant1/XC827155.ogg,gallery
XC258337,greant1,Taraba major,Great Antshrike,John V. Moore,5.0,-0.472,-76.459,data/BirdClef/train_audio/greant1/XC258337.ogg,gallery
XC258336,greant1,Taraba major,Great Antshrike,John V. Moore,5.0,-0.472,-76.459,data/BirdClef/train_audio/greant1/XC258336.ogg,gallery
XC354534,greant1,Taraba major,Great Antshrike,Susan Hochgraf,3.0,-0.4667,-76.8334,data/BirdClef/train_audio/greant1/XC354534.ogg,gallery
XC481416,greant1,Taraba major,Great Antshrike,Jerome Fischer,5.0,-0.4383,-76.2791,data/BirdClef/train_audio/greant1/XC481416.ogg,gallery
XC476022,greant1,Taraba major,Great Antshrike,Jerome Fischer,5.0,-0.4383,-76.2791,data/BirdClef/train_audio/greant1/XC476022.ogg,gallery
XC817540,greant1,Taraba major,Great Antshrike,Barry Edmonston,5.0,-0.4373,-76.2804,data/BirdClef/train_audio/greant1/XC817540.ogg,gallery
XC208722,greant1,Taraba major,Great Antshrike,Galo Buitrón-Jurado,4.0,-0.3445,-76.9941,data/BirdClef/train_audio/greant1/XC208722.ogg,gallery
XC243949,greant1,Taraba major,Great Antshrike,Jeremy Minns,5.0,-0.1334,-67.0834,data/BirdClef/train_audio/greant1/XC243949.ogg,gallery
XC609564,greant1,Taraba major,Great Antshrike,Mauricio Cuellar Ramirez (@Birding.travel),5.0,-0.114,-74.609,data/BirdClef/train_audio/greant1/XC609564.ogg,gallery
XC609563,greant1,Taraba major,Great Antshrike,Mauricio Cuellar Ramirez (@Birding.travel),5.0,-0.114,-74.609,data/BirdClef/train_audio/greant1/XC609563.ogg,gallery
XC609562,greant1,Taraba major,Great Antshrike,Mauricio Cuellar Ramirez (@Birding.travel),5.0,-0.114,-74.609,data/BirdClef/train_audio/greant1/XC609562.ogg,gallery
XC836862,greant1,Taraba major,Great Antshrike,rudy gelis,3.0,-0.0553,-78.7704,data/BirdClef/train_audio/greant1/XC836862.ogg,gallery
XC1053461,greant1,Taraba major,Great Antshrike,Charlie Vogt,5.0,-0.0166,-78.9875,data/BirdClef/train_audio/greant1/XC1053461.ogg,gallery
XC845080,greant1,Taraba major,Great Antshrike,Paul Driver,4.0,0.0792,-79.0336,data/BirdClef/train_audio/greant1/XC845080.ogg,gallery
XC233971,greant1,Taraba major,Great Antshrike,Jerome Fischer,5.0,0.1228,-78.9942,data/BirdClef/train_audio/greant1/XC233971.ogg,gallery
XC233968,greant1,Taraba major,Great Antshrike,Jerome Fischer,5.0,0.1228,-78.9942,data/BirdClef/train_audio/greant1/XC233968.ogg,gallery
XC711058,greant1,Taraba major,Great Antshrike,Dante Buzzetti,4.0,0.1591,-51.0538,data/BirdClef/train_audio/greant1/XC711058.ogg,gallery
XC691666,greant1,Taraba major,Great Antshrike,Dante Buzzetti,4.0,0.2029,-51.0869,data/BirdClef/train_audio/greant1/XC691666.ogg,gallery
XC955346,greant1,Taraba major,Great Antshrike,Juan Freile,3.0,0.373,-79.6652,data/BirdClef/train_audio/greant1/XC955346.ogg,gallery
XC579985,greant1,Taraba major,Great Antshrike,Mauricio Cuéllar-Ramírez,5.0,1.0445,-76.336,data/BirdClef/train_audio/greant1/XC579985.ogg,gallery
XC580198,greant1,Taraba major,Great Antshrike,Mauricio Cuellar Ramirez (@Birding.travel),5.0,1.1226,-76.2932,data/BirdClef/train_audio/greant1/XC580198.ogg,gallery
XC579987,greant1,Taraba major,Great Antshrike,Mauricio Cuellar Ramirez (@Birding.travel),5.0,1.1226,-76.2932,data/BirdClef/train_audio/greant1/XC579987.ogg,gallery
XC579986,greant1,Taraba major,Great Antshrike,Mauricio Cuellar Ramirez (@Birding.travel),5.0,1.1226,-76.2932,data/BirdClef/train_audio/greant1/XC579986.ogg,gallery
XC148305,greant1,Taraba major,Great Antshrike,Gary Stiles (Colección de Sonidos Ambientales - Instituto Humboldt),5.0,1.8888,-76.2888,data/BirdClef/train_audio/greant1/XC148305.ogg,gallery
XC117754,greant1,Taraba major,Great Antshrike,Mauricio Álvarez Rebolledo (Colección de Sonidos Ambientales - Instituto Humboldt),3.5,2.7422,-74.0378,data/BirdClef/train_audio/greant1/XC117754.ogg,gallery
XC117753,greant1,Taraba major,Great Antshrike,Mauricio Álvarez Rebolledo (Colección de Sonidos Ambientales - Instituto Humboldt),4.0,2.7422,-74.0378,data/BirdClef/train_audio/greant1/XC117753.ogg,gallery
XC117755,greant1,Taraba major,Great Antshrike,Mauricio Álvarez Rebolledo (Colección de Sonidos Ambientales - Instituto Humboldt),3.0,2.7422,-74.0378,data/BirdClef/train_audio/greant1/XC117755.ogg,gallery
XC117748,greant1,Taraba major,Great Antshrike,Mauricio Álvarez Rebolledo (Colección de Sonidos Ambientales - Instituto Humboldt),3.0,2.7422,-74.0378,data/BirdClef/train_audio/greant1/XC117748.ogg,gallery
XC1031408,greant1,Taraba major,Great Antshrike,Richard E. Webster,4.5,3.3069,-59.6515,data/BirdClef/train_audio/greant1/XC1031408.ogg,gallery
XC519751,greant1,Taraba major,Great Antshrike,Rolf A. de By,4.0,4.025,-55.463,data/BirdClef/train_audio/greant1/XC519751.ogg,gallery
XC434711,greant1,Taraba major,Great Antshrike,Victor Vanegas,4.0,4.4796,-74.6082,data/BirdClef/train_audio/greant1/XC434711.ogg,gallery
XC772535,greant1,Taraba major,Great Antshrike,Brice de la Croix,3.0,4.543,-52.492,data/BirdClef/train_audio/greant1/XC772535.ogg,gallery
XC883668,greant1,Taraba major,Great Antshrike,Brice de la Croix,4.0,4.7104,-52.2767,data/BirdClef/train_audio/greant1/XC883668.ogg,gallery
XC442573,greant1,Taraba major,Great Antshrike,Jerome Fischer,5.0,4.771,-75.6226,data/BirdClef/train_audio/greant1/XC442573.ogg,gallery
XC455130,greant1,Taraba major,Great Antshrike,David Monroy Rengifo,3.5,4.8101,-75.71,data/BirdClef/train_audio/greant1/XC455130.ogg,gallery
XC606796,greant1,Taraba major,Great Antshrike,David Monroy Rengifo,4.0,4.843,-75.8187,data/BirdClef/train_audio/greant1/XC606796.ogg,gallery
XC344333,greant1,Taraba major,Great Antshrike,Hotel Tinamu,5.0,5.0791,-75.6852,data/BirdClef/train_audio/greant1/XC344333.ogg,gallery
XC203134,greant1,Taraba major,Great Antshrike,Jeisson Poveda,4.0,5.0791,-75.6852,data/BirdClef/train_audio/greant1/XC203134.ogg,gallery
XC203131,greant1,Taraba major,Great Antshrike,Jeisson Poveda,4.0,5.0791,-75.6852,data/BirdClef/train_audio/greant1/XC203131.ogg,gallery
XC203130,greant1,Taraba major,Great Antshrike,Jeisson Poveda,4.0,5.0791,-75.6852,data/BirdClef/train_audio/greant1/XC203130.ogg,gallery
XC203129,greant1,Taraba major,Great Antshrike,Jeisson Poveda,4.0,5.0791,-75.6852,data/BirdClef/train_audio/greant1/XC203129.ogg,gallery
XC589666,greant1,Taraba major,Great Antshrike,Arcadio Marin ,3.5,5.2437,-74.3056,data/BirdClef/train_audio/greant1/XC589666.ogg,gallery
XC387990,greant1,Taraba major,Great Antshrike,Albert Lastukhin,5.0,5.6709,-67.5551,data/BirdClef/train_audio/greant1/XC387990.ogg,gallery
XC387991,greant1,Taraba major,Great Antshrike,Albert Lastukhin,4.0,5.6709,-67.5551,data/BirdClef/train_audio/greant1/XC387991.ogg,gallery
XC387997,greant1,Taraba major,Great Antshrike,Albert Lastukhin,3.0,5.6709,-67.5551,data/BirdClef/train_audio/greant1/XC387997.ogg,gallery
XC516411,greant1,Taraba major,Great Antshrike,Rolf A. de By,4.0,5.8644,-55.2066,data/BirdClef/train_audio/greant1/XC516411.ogg,gallery
XC572064,greant1,Taraba major,Great Antshrike,Jorge L. Peña,3.0,6.5796,-74.194,data/BirdClef/train_audio/greant1/XC572064.ogg,gallery
XC148069,greant1,Taraba major,Great Antshrike,Gary Stiles (Colección de Sonidos Ambientales - Instituto Humboldt),5.0,6.95,-71.0,data/BirdClef/train_audio/greant1/XC148069.ogg,gallery
XC15004,greant1,Taraba major,Great Antshrike,Todd Mark,5.0,10.7334,-61.2667,data/BirdClef/train_audio/greant1/XC15004.ogg,gallery
XC643784,greant1,Taraba major,Great Antshrike,Liliana Chavarria-Duriaux,4.0,13.237,-86.0546,data/BirdClef/train_audio/greant1/XC643784.ogg,gallery
XC389070,greant1,Taraba major,Great Antshrike,Alfonso Auerbach,4.0,15.7391,-87.4536,data/BirdClef/train_audio/greant1/XC389070.ogg,gallery
XC302425,greant1,Taraba major,Great Antshrike,Alfonso Auerbach,3.0,15.7391,-87.4536,data/BirdClef/train_audio/greant1/XC302425.ogg,gallery
XC28566,greant1,Taraba major,Great Antshrike,Daniel Lane,3.5,16.7812,-88.4587,data/BirdClef/train_audio/greant1/XC28566.ogg,gallery
XC796860,greant1,Taraba major,Great Antshrike,Paul Driver,5.0,17.1543,-88.8522,data/BirdClef/train_audio/greant1/XC796860.ogg,gallery
XC796859,greant1,Taraba major,Great Antshrike,Paul Driver,5.0,17.1543,-88.8522,data/BirdClef/train_audio/greant1/XC796859.ogg,gallery
XC797606,greant1,Taraba major,Great Antshrike,Paul Driver,4.0,17.1543,-88.8522,data/BirdClef/train_audio/greant1/XC797606.ogg,gallery
XC797295,greant1,Taraba major,Great Antshrike,Paul Driver,5.0,17.3138,-88.5573,data/BirdClef/train_audio/greant1/XC797295.ogg,gallery
XC797298,greant1,Taraba major,Great Antshrike,Paul Driver,4.0,17.3138,-88.5573,data/BirdClef/train_audio/greant1/XC797298.ogg,gallery
XC399156,gycwor1,Aramides cajaneus,Grey-cowled Wood Rail,Martin Schenck,3.0,-34.9502,-62.223,data/BirdClef/train_audio/gycwor1/XC399156.ogg,gallery
XC538559,gycwor1,Aramides cajaneus,Grey-cowled Wood Rail,Pablo Fernández,4.0,-34.8493,-56.1973,data/BirdClef/train_audio/gycwor1/XC538559.ogg,gallery
XC289726,gycwor1,Aramides cajaneus,Grey-cowled Wood Rail,lewis heriz,4.0,-34.3233,-58.6205,data/BirdClef/train_audio/gycwor1/XC289726.ogg,gallery
XC905684,gycwor1,Aramides cajaneus,Grey-cowled Wood Rail,Guillermo Treboux,5.0,-32.2341,-58.1302,data/BirdClef/train_audio/gycwor1/XC905684.ogg,gallery
XC778020,gycwor1,Aramides cajaneus,Grey-cowled Wood Rail,Guillermo Treboux,4.0,-32.2341,-58.1302,data/BirdClef/train_audio/gycwor1/XC778020.ogg,gallery
XC824901,gycwor1,Aramides cajaneus,Grey-cowled Wood Rail,Bernard BOUSQUET,4.0,-31.8397,-64.435,data/BirdClef/train_audio/gycwor1/XC824901.ogg,gallery
XC146828,gycwor1,Aramides cajaneus,Grey-cowled Wood Rail,Rafael Antunes Dias,3.5,-31.3266,-51.0719,data/BirdClef/train_audio/gycwor1/XC146828.ogg,gallery
XC84887,gycwor1,Aramides cajaneus,Grey-cowled Wood Rail,Jeremy Minns,3.5,-30.1834,-57.4501,data/BirdClef/train_audio/gycwor1/XC84887.ogg,gallery
XC174747,gycwor1,Aramides cajaneus,Grey-cowled Wood Rail,João Antônio de B. Vitto,3.0,-28.9361,-49.4923,data/BirdClef/train_audio/gycwor1/XC174747.ogg,gallery
XC343067,gycwor1,Aramides cajaneus,Grey-cowled Wood Rail,Guilherme Willrich,4.0,-27.6003,-48.5109,data/BirdClef/train_audio/gycwor1/XC343067.ogg,gallery
XC172856,gycwor1,Aramides cajaneus,Grey-cowled Wood Rail,João Antônio de B. Vitto,3.0,-26.9106,-48.671,data/BirdClef/train_audio/gycwor1/XC172856.ogg,gallery
XC193644,gycwor1,Aramides cajaneus,Grey-cowled Wood Rail,João Gava Just,3.0,-26.8992,-48.6849,data/BirdClef/train_audio/gycwor1/XC193644.ogg,gallery
XC703161,gycwor1,Aramides cajaneus,Grey-cowled Wood Rail,Luiz C.  Silva,4.0,-25.9554,-48.6011,data/BirdClef/train_audio/gycwor1/XC703161.ogg,gallery
XC84886,gycwor1,Aramides cajaneus,Grey-cowled Wood Rail,Jeremy Minns,4.0,-25.8667,-48.6501,data/BirdClef/train_audio/gycwor1/XC84886.ogg,gallery
XC943585,gycwor1,Aramides cajaneus,Grey-cowled Wood Rail,Marcos E. Sosa,4.0,-25.6817,-54.4538,data/BirdClef/train_audio/gycwor1/XC943585.ogg,gallery
XC815370,gycwor1,Aramides cajaneus,Grey-cowled Wood Rail,Edgar Romero,4.0,-25.2486,-57.422,data/BirdClef/train_audio/gycwor1/XC815370.ogg,gallery
XC815369,gycwor1,Aramides cajaneus,Grey-cowled Wood Rail,Edgar Romero,4.0,-25.2486,-57.422,data/BirdClef/train_audio/gycwor1/XC815369.ogg,gallery
XC346222,gycwor1,Aramides cajaneus,Grey-cowled Wood Rail,Richard Dunn,5.0,-24.7317,-65.5024,data/BirdClef/train_audio/gycwor1/XC346222.ogg,gallery
XC772289,gycwor1,Aramides cajaneus,Grey-cowled Wood Rail,Ana Laura Sureda,5.0,-24.6792,-65.4019,data/BirdClef/train_audio/gycwor1/XC772289.ogg,gallery
XC812256,gycwor1,Aramides cajaneus,Grey-cowled Wood Rail,Edgar Romero,4.0,-24.4172,-58.1893,data/BirdClef/train_audio/gycwor1/XC812256.ogg,gallery
XC601737,gycwor1,Aramides cajaneus,Grey-cowled Wood Rail,Ricardo Gagliardi,3.0,-23.0036,-43.5604,data/BirdClef/train_audio/gycwor1/XC601737.ogg,gallery
XC590079,gycwor1,Aramides cajaneus,Grey-cowled Wood Rail,Ricardo Gagliardi,4.0,-22.9854,-43.6659,data/BirdClef/train_audio/gycwor1/XC590079.ogg,gallery
XC429193,gycwor1,Aramides cajaneus,Grey-cowled Wood Rail,Ricardo José Mitidieri,4.0,-22.9529,-43.16,data/BirdClef/train_audio/gycwor1/XC429193.ogg,gallery
XC395773,gycwor1,Aramides cajaneus,Grey-cowled Wood Rail,Ricardo José Mitidieri,3.0,-22.9529,-43.16,data/BirdClef/train_audio/gycwor1/XC395773.ogg,gallery
XC659471,gycwor1,Aramides cajaneus,Grey-cowled Wood Rail,Dante Buzzetti,3.0,-22.919,-44.3432,data/BirdClef/train_audio/gycwor1/XC659471.ogg,gallery
XC659463,gycwor1,Aramides cajaneus,Grey-cowled Wood Rail,Dante Buzzetti,3.0,-22.919,-44.3432,data/BirdClef/train_audio/gycwor1/XC659463.ogg,gallery
XC130853,gycwor1,Aramides cajaneus,Grey-cowled Wood Rail,Eric DeFonso,5.0,-22.4508,-42.7735,data/BirdClef/train_audio/gycwor1/XC130853.ogg,gallery
XC291470,gycwor1,Aramides cajaneus,Grey-cowled Wood Rail,Jerome Fischer,4.0,-22.4508,-42.7735,data/BirdClef/train_audio/gycwor1/XC291470.ogg,gallery
XC113197,gycwor1,Aramides cajaneus,Grey-cowled Wood Rail,Eduardo D. Schultz,3.0,-22.3717,-41.7857,data/BirdClef/train_audio/gycwor1/XC113197.ogg,gallery
XC185714,gycwor1,Aramides cajaneus,Grey-cowled Wood Rail,Fernando Igor de Godoy,4.0,-22.1978,-49.6457,data/BirdClef/train_audio/gycwor1/XC185714.ogg,gallery
XC286487,gycwor1,Aramides cajaneus,Grey-cowled Wood Rail,Rafael Martos Martins,5.0,-21.9929,-49.4547,data/BirdClef/train_audio/gycwor1/XC286487.ogg,gallery
XC704150,gycwor1,Aramides cajaneus,Grey-cowled Wood Rail,Fernando Igor de Godoy,3.0,-21.892,-49.0212,data/BirdClef/train_audio/gycwor1/XC704150.ogg,gallery
XC185717,gycwor1,Aramides cajaneus,Grey-cowled Wood Rail,Fernando Igor de Godoy,4.0,-21.854,-47.4925,data/BirdClef/train_audio/gycwor1/XC185717.ogg,gallery
XC1064340,gycwor1,Aramides cajaneus,Grey-cowled Wood Rail,Fabrício Grigolin,5.0,-20.3244,-50.2553,data/BirdClef/train_audio/gycwor1/XC1064340.ogg,gallery
XC1018068,gycwor1,Aramides cajaneus,Grey-cowled Wood Rail,Fabrício Grigolin,4.0,-20.3244,-50.2553,data/BirdClef/train_audio/gycwor1/XC1018068.ogg,gallery
XC343338,gycwor1,Aramides cajaneus,Grey-cowled Wood Rail,Nick Komar,3.0,-19.6617,-57.0195,data/BirdClef/train_audio/gycwor1/XC343338.ogg,gallery
XC1017627,gycwor1,Aramides cajaneus,Grey-cowled Wood Rail,Dante Buzzetti,4.0,-19.3527,-43.6048,data/BirdClef/train_audio/gycwor1/XC1017627.ogg,gallery
XC296359,gycwor1,Aramides cajaneus,Grey-cowled Wood Rail,Ken Burton,4.0,-18.107,-63.599,data/BirdClef/train_audio/gycwor1/XC296359.ogg,gallery
XC813085,gycwor1,Aramides cajaneus,Grey-cowled Wood Rail,JAYRSON ARAUJO DE OLIVEIRA,4.0,-16.9039,-49.2218,data/BirdClef/train_audio/gycwor1/XC813085.ogg,gallery
XC711280,gycwor1,Aramides cajaneus,Grey-cowled Wood Rail,JAYRSON ARAUJO DE OLIVEIRA,3.0,-16.8082,-49.1719,data/BirdClef/train_audio/gycwor1/XC711280.ogg,gallery
XC720688,gycwor1,Aramides cajaneus,Grey-cowled Wood Rail,Dante Buzzetti,5.0,-16.7573,-56.8764,data/BirdClef/train_audio/gycwor1/XC720688.ogg,gallery
XC720686,gycwor1,Aramides cajaneus,Grey-cowled Wood Rail,Dante Buzzetti,5.0,-16.7573,-56.8764,data/BirdClef/train_audio/gycwor1/XC720686.ogg,gallery
XC720683,gycwor1,Aramides cajaneus,Grey-cowled Wood Rail,Dante Buzzetti,3.0,-16.7573,-56.8764,data/BirdClef/train_audio/gycwor1/XC720683.ogg,gallery
XC654345,gycwor1,Aramides cajaneus,Grey-cowled Wood Rail,Dante Buzzetti,3.0,-16.7546,-56.8813,data/BirdClef/train_audio/gycwor1/XC654345.ogg,gallery
XC534110,gycwor1,Aramides cajaneus,Grey-cowled Wood Rail,JAYRSON ARAUJO DE OLIVEIRA,4.5,-16.7103,-49.4177,data/BirdClef/train_audio/gycwor1/XC534110.ogg,gallery
XC454949,gycwor1,Aramides cajaneus,Grey-cowled Wood Rail,JAYRSON ARAUJO DE OLIVEIRA,5.0,-16.631,-48.6674,data/BirdClef/train_audio/gycwor1/XC454949.ogg,gallery
XC454948,gycwor1,Aramides cajaneus,Grey-cowled Wood Rail,JAYRSON ARAUJO DE OLIVEIRA,5.0,-16.631,-48.6674,data/BirdClef/train_audio/gycwor1/XC454948.ogg,gallery
XC455602,gycwor1,Aramides cajaneus,Grey-cowled Wood Rail,JAYRSON ARAUJO DE OLIVEIRA,5.0,-16.6003,-49.2802,data/BirdClef/train_audio/gycwor1/XC455602.ogg,gallery
XC599511,gycwor1,Aramides cajaneus,Grey-cowled Wood Rail,JAYRSON ARAUJO DE OLIVEIRA,4.0,-16.6003,-49.2802,data/BirdClef/train_audio/gycwor1/XC599511.ogg,gallery
XC447231,gycwor1,Aramides cajaneus,Grey-cowled Wood Rail,JAYRSON ARAUJO DE OLIVEIRA,3.5,-16.6003,-49.2802,data/BirdClef/train_audio/gycwor1/XC447231.ogg,gallery
XC872676,gycwor1,Aramides cajaneus,Grey-cowled Wood Rail,JAYRSON ARAUJO DE OLIVEIRA,3.5,-16.5861,-50.3034,data/BirdClef/train_audio/gycwor1/XC872676.ogg,gallery
XC1005731,gycwor1,Aramides cajaneus,Grey-cowled Wood Rail,JAYRSON ARAUJO DE OLIVEIRA,5.0,-16.5631,-49.285,data/BirdClef/train_audio/gycwor1/XC1005731.ogg,gallery
XC834032,gycwor1,Aramides cajaneus,Grey-cowled Wood Rail,Bobby Wilcox,5.0,-16.5053,-56.6762,data/BirdClef/train_audio/gycwor1/XC834032.ogg,gallery
XC814863,gycwor1,Aramides cajaneus,Grey-cowled Wood Rail,Daniel Blamires,4.0,-16.4456,-51.1201,data/BirdClef/train_audio/gycwor1/XC814863.ogg,gallery
XC312553,gycwor1,Aramides cajaneus,Grey-cowled Wood Rail,Daniel Blamires,3.0,-16.3198,-50.9076,data/BirdClef/train_audio/gycwor1/XC312553.ogg,gallery
XC832913,gycwor1,Aramides cajaneus,Grey-cowled Wood Rail,JAYRSON ARAUJO DE OLIVEIRA,3.5,-16.0538,-49.604,data/BirdClef/train_audio/gycwor1/XC832913.ogg,gallery
XC706967,gycwor1,Aramides cajaneus,Grey-cowled Wood Rail,JAYRSON ARAUJO DE OLIVEIRA,3.5,-16.0538,-49.604,data/BirdClef/train_audio/gycwor1/XC706967.ogg,gallery
XC153971,gycwor1,Aramides cajaneus,Grey-cowled Wood Rail,Marcelo Araya-Salas,5.0,-15.8538,-48.9586,data/BirdClef/train_audio/gycwor1/XC153971.ogg,gallery
XC908741,gycwor1,Aramides cajaneus,Grey-cowled Wood Rail,JAYRSON ARAUJO DE OLIVEIRA,5.0,-14.625,-49.0051,data/BirdClef/train_audio/gycwor1/XC908741.ogg,gallery
XC421612,gycwor1,Aramides cajaneus,Grey-cowled Wood Rail,JAYRSON ARAUJO DE OLIVEIRA,5.0,-14.625,-49.0051,data/BirdClef/train_audio/gycwor1/XC421612.ogg,gallery
XC613991,gycwor1,Aramides cajaneus,Grey-cowled Wood Rail,JAYRSON ARAUJO DE OLIVEIRA,4.0,-14.625,-49.0051,data/BirdClef/train_audio/gycwor1/XC613991.ogg,gallery
XC864686,gycwor1,Aramides cajaneus,Grey-cowled Wood Rail,Richard E. Webster,3.5,-14.4259,-67.9167,data/BirdClef/train_audio/gycwor1/XC864686.ogg,gallery
XC864684,gycwor1,Aramides cajaneus,Grey-cowled Wood Rail,Richard E. Webster,4.0,-14.4259,-67.9167,data/BirdClef/train_audio/gycwor1/XC864684.ogg,gallery
XC864685,gycwor1,Aramides cajaneus,Grey-cowled Wood Rail,Richard E. Webster,3.0,-14.4259,-67.9167,data/BirdClef/train_audio/gycwor1/XC864685.ogg,gallery
XC709903,gycwor1,Aramides cajaneus,Grey-cowled Wood Rail,Richard E. Webster,3.5,-13.7656,-66.1005,data/BirdClef/train_audio/gycwor1/XC709903.ogg,gallery
XC709900,gycwor1,Aramides cajaneus,Grey-cowled Wood Rail,Richard E. Webster,4.0,-13.7656,-66.1005,data/BirdClef/train_audio/gycwor1/XC709900.ogg,gallery
XC965992,gycwor1,Aramides cajaneus,Grey-cowled Wood Rail,Richard E. Webster,3.0,-12.8754,-69.4096,data/BirdClef/train_audio/gycwor1/XC965992.ogg,gallery
XC100,gycwor1,Aramides cajaneus,Grey-cowled Wood Rail,Bob Planqué,4.0,-12.856,-69.362,data/BirdClef/train_audio/gycwor1/XC100.ogg,gallery
XC440959,gycwor1,Aramides cajaneus,Grey-cowled Wood Rail,JAYRSON ARAUJO DE OLIVEIRA,5.0,-11.9787,-49.8953,data/BirdClef/train_audio/gycwor1/XC440959.ogg,gallery
XC63130,gycwor1,Aramides cajaneus,Grey-cowled Wood Rail,Joseph Tobias and Nathalie Seddon,4.0,-11.8667,-71.3667,data/BirdClef/train_audio/gycwor1/XC63130.ogg,gallery
XC2451,gycwor1,Aramides cajaneus,Grey-cowled Wood Rail,Sjoerd Mayer,5.0,-11.1167,-66.1834,data/BirdClef/train_audio/gycwor1/XC2451.ogg,gallery
XC878750,gycwor1,Aramides cajaneus,Grey-cowled Wood Rail,Dante Buzzetti,5.0,-10.2543,-36.3716,data/BirdClef/train_audio/gycwor1/XC878750.ogg,gallery
XC417324,gycwor1,Aramides cajaneus,Grey-cowled Wood Rail,Tulio Dornas,4.0,-9.7334,-47.4909,data/BirdClef/train_audio/gycwor1/XC417324.ogg,gallery
XC435850,gycwor1,Aramides cajaneus,Grey-cowled Wood Rail,Bobby Wilcox,3.0,-9.5975,-55.9325,data/BirdClef/train_audio/gycwor1/XC435850.ogg,gallery
XC834184,gycwor1,Aramides cajaneus,Grey-cowled Wood Rail,Dante Buzzetti,5.0,-9.4642,-50.0895,data/BirdClef/train_audio/gycwor1/XC834184.ogg,gallery
XC218124,gycwor1,Aramides cajaneus,Grey-cowled Wood Rail,Jeremy Minns,5.0,-9.3167,-72.6834,data/BirdClef/train_audio/gycwor1/XC218124.ogg,gallery
XC209358,gycwor1,Aramides cajaneus,Grey-cowled Wood Rail,Jeremy Minns,4.0,-9.2217,-35.3375,data/BirdClef/train_audio/gycwor1/XC209358.ogg,gallery
XC789356,gycwor1,Aramides cajaneus,Grey-cowled Wood Rail,Ina Tirri,4.0,-8.7237,-63.9275,data/BirdClef/train_audio/gycwor1/XC789356.ogg,gallery
XC1045094,gycwor1,Aramides cajaneus,Grey-cowled Wood Rail,JAYRSON ARAUJO DE OLIVEIRA,4.0,-8.716,-63.9286,data/BirdClef/train_audio/gycwor1/XC1045094.ogg,gallery
XC361716,gycwor1,Aramides cajaneus,Grey-cowled Wood Rail,Antônio Cláudio C. Almeida,4.0,-7.1393,-34.8607,data/BirdClef/train_audio/gycwor1/XC361716.ogg,gallery
XC817098,gycwor1,Aramides cajaneus,Grey-cowled Wood Rail,JAYRSON ARAUJO DE OLIVEIRA,4.5,-6.7131,-47.017,data/BirdClef/train_audio/gycwor1/XC817098.ogg,gallery
XC768811,gycwor1,Aramides cajaneus,Grey-cowled Wood Rail,JAYRSON ARAUJO DE OLIVEIRA,5.0,-6.561,-47.4611,data/BirdClef/train_audio/gycwor1/XC768811.ogg,gallery
XC769529,gycwor1,Aramides cajaneus,Grey-cowled Wood Rail,JAYRSON ARAUJO DE OLIVEIRA,5.0,-6.3761,-47.1085,data/BirdClef/train_audio/gycwor1/XC769529.ogg,gallery
XC769464,gycwor1,Aramides cajaneus,Grey-cowled Wood Rail,JAYRSON ARAUJO DE OLIVEIRA,5.0,-6.3761,-47.1085,data/BirdClef/train_audio/gycwor1/XC769464.ogg,gallery
XC358765,gycwor1,Aramides cajaneus,Grey-cowled Wood Rail,Tulio Dornas,4.0,-5.2036,-48.371,data/BirdClef/train_audio/gycwor1/XC358765.ogg,gallery
XC209080,gycwor1,Aramides cajaneus,Grey-cowled Wood Rail,flaviotupi,4.0,-4.2617,-38.9332,data/BirdClef/train_audio/gycwor1/XC209080.ogg,gallery
XC854719,gycwor1,Aramides cajaneus,Grey-cowled Wood Rail,Michael Hurben,3.0,-4.241,-38.933,data/BirdClef/train_audio/gycwor1/XC854719.ogg,gallery
XC491670,gycwor1,Aramides cajaneus,Grey-cowled Wood Rail,Bernard BOUSQUET,3.5,-4.2298,-38.922,data/BirdClef/train_audio/gycwor1/XC491670.ogg,gallery
XC188520,gycwor1,Aramides cajaneus,Grey-cowled Wood Rail,Rodrigo Dela Rosa,5.0,-2.94,-59.9878,data/BirdClef/train_audio/gycwor1/XC188520.ogg,gallery
XC900033,gycwor1,Aramides cajaneus,Grey-cowled Wood Rail,Juan Freile,4.5,-1.1405,-77.9542,data/BirdClef/train_audio/gycwor1/XC900033.ogg,gallery
XC274929,gycwor1,Aramides cajaneus,Grey-cowled Wood Rail,Robert S. Ridgely,5.0,-0.933,-77.817,data/BirdClef/train_audio/gycwor1/XC274929.ogg,gallery
XC346167,gycwor1,Aramides cajaneus,Grey-cowled Wood Rail,Jeremy Minns,4.0,-0.8501,-48.5167,data/BirdClef/train_audio/gycwor1/XC346167.ogg,gallery
XC274932,gycwor1,Aramides cajaneus,Grey-cowled Wood Rail,Robert S. Ridgely,5.0,-0.675,-76.376,data/BirdClef/train_audio/gycwor1/XC274932.ogg,gallery
XC191816,gycwor1,Aramides cajaneus,Grey-cowled Wood Rail,Adrian Naveda-Rodriguez,4.0,-0.6404,-75.8092,data/BirdClef/train_audio/gycwor1/XC191816.ogg,gallery
XC257449,gycwor1,Aramides cajaneus,Grey-cowled Wood Rail,John V. Moore,5.0,-0.498,-76.373,data/BirdClef/train_audio/gycwor1/XC257449.ogg,gallery
XC257448,gycwor1,Aramides cajaneus,Grey-cowled Wood Rail,John V. Moore,5.0,-0.498,-76.373,data/BirdClef/train_audio/gycwor1/XC257448.ogg,gallery
XC257447,gycwor1,Aramides cajaneus,Grey-cowled Wood Rail,John V. Moore,5.0,-0.498,-76.373,data/BirdClef/train_audio/gycwor1/XC257447.ogg,gallery
XC827039,gycwor1,Aramides cajaneus,Grey-cowled Wood Rail,rudy gelis,5.0,-0.4776,-77.2936,data/BirdClef/train_audio/gycwor1/XC827039.ogg,gallery
XC353721,gycwor1,Aramides cajaneus,Grey-cowled Wood Rail,Susan Hochgraf,5.0,-0.4667,-76.8334,data/BirdClef/train_audio/gycwor1/XC353721.ogg,gallery
XC519069,gycwor1,Aramides cajaneus,Grey-cowled Wood Rail,Mauricio Álvarez-Rebolledo (Colección de Sonidos Ambientales - Instituto Humboldt),4.0,0.1797,-72.6233,data/BirdClef/train_audio/gycwor1/XC519069.ogg,gallery
XC689036,gycwor1,Aramides cajaneus,Grey-cowled Wood Rail,Dante Buzzetti,4.0,0.7623,-50.1636,data/BirdClef/train_audio/gycwor1/XC689036.ogg,gallery
XC939764,gycwor1,Aramides cajaneus,Grey-cowled Wood Rail,JAYRSON ARAUJO DE OLIVEIRA,3.0,1.4896,-61.0027,data/BirdClef/train_audio/gycwor1/XC939764.ogg,gallery
XC148341,gycwor1,Aramides cajaneus,Grey-cowled Wood Rail,Gary Stiles (Colección de Sonidos Ambientales - Instituto Humboldt),5.0,1.8888,-76.2888,data/BirdClef/train_audio/gycwor1/XC148341.ogg,gallery
XC589600,gycwor1,Aramides cajaneus,Grey-cowled Wood Rail,Mauricio Cuellar Ramirez (@Birding.travel),5.0,2.1869,-75.5584,data/BirdClef/train_audio/gycwor1/XC589600.ogg,gallery
XC895302,gycwor1,Aramides cajaneus,Grey-cowled Wood Rail,Delaitre guillaume,3.0,4.1114,-52.6294,data/BirdClef/train_audio/gycwor1/XC895302.ogg,gallery
XC570885,gycwor1,Aramides cajaneus,Grey-cowled Wood Rail,Jerome Fischer,5.0,4.351,-74.652,data/BirdClef/train_audio/gycwor1/XC570885.ogg,gallery
XC552697,gycwor1,Aramides cajaneus,Grey-cowled Wood Rail,Jerome Fischer,5.0,4.351,-74.652,data/BirdClef/train_audio/gycwor1/XC552697.ogg,gallery
XC428323,gycwor1,Aramides cajaneus,Grey-cowled Wood Rail,Jerome Fischer,4.0,4.351,-74.652,data/BirdClef/train_audio/gycwor1/XC428323.ogg,gallery
XC513245,gycwor1,Aramides cajaneus,Grey-cowled Wood Rail,David Monroy Rengifo,5.0,4.548,-75.6604,data/BirdClef/train_audio/gycwor1/XC513245.ogg,gallery
XC573316,gycwor1,Aramides cajaneus,Grey-cowled Wood Rail,Arcadio Marin ,4.5,4.5727,-74.5058,data/BirdClef/train_audio/gycwor1/XC573316.ogg,gallery
XC771601,gycwor1,Aramides cajaneus,Grey-cowled Wood Rail,David Monroy Rengifo,4.5,4.7144,-75.6718,data/BirdClef/train_audio/gycwor1/XC771601.ogg,gallery
XC582911,gycwor1,Aramides cajaneus,Grey-cowled Wood Rail,Brice de la Croix,4.0,4.7216,-52.3073,data/BirdClef/train_audio/gycwor1/XC582911.ogg,gallery
XC437697,gycwor1,Aramides cajaneus,Grey-cowled Wood Rail,Juan Sebastian Arango Gonzalez,4.0,4.7902,-75.6891,data/BirdClef/train_audio/gycwor1/XC437697.ogg,gallery
XC374401,gycwor1,Aramides cajaneus,Grey-cowled Wood Rail,Miguel Angel Muñoz Amaya,5.0,4.8206,-74.3567,data/BirdClef/train_audio/gycwor1/XC374401.ogg,gallery
XC374402,gycwor1,Aramides cajaneus,Grey-cowled Wood Rail,Miguel Angel Muñoz Amaya,4.0,4.8206,-74.3567,data/BirdClef/train_audio/gycwor1/XC374402.ogg,gallery
XC771672,gycwor1,Aramides cajaneus,Grey-cowled Wood Rail,David Monroy Rengifo,3.0,4.843,-75.8187,data/BirdClef/train_audio/gycwor1/XC771672.ogg,gallery
XC320351,gycwor1,Aramides cajaneus,Grey-cowled Wood Rail,David Ricardo Rodríguez Villamil,4.0,4.8487,-73.2641,data/BirdClef/train_audio/gycwor1/XC320351.ogg,gallery
XC326985,gycwor1,Aramides cajaneus,Grey-cowled Wood Rail,David Ricardo Rodríguez Villamil,4.0,4.853,-73.2665,data/BirdClef/train_audio/gycwor1/XC326985.ogg,gallery
XC157662,gycwor1,Aramides cajaneus,Grey-cowled Wood Rail,Jeisson Poveda,4.0,4.9214,-75.0769,data/BirdClef/train_audio/gycwor1/XC157662.ogg,gallery
XC825884,gycwor1,Aramides cajaneus,Grey-cowled Wood Rail,Dante Buzzetti,4.0,5.0861,-74.7076,data/BirdClef/train_audio/gycwor1/XC825884.ogg,gallery
XC547156,gycwor1,Aramides cajaneus,Grey-cowled Wood Rail,Lucas Lombardo,3.0,5.8998,-74.8573,data/BirdClef/train_audio/gycwor1/XC547156.ogg,gallery
XC348169,gycwor1,Aramides cajaneus,Grey-cowled Wood Rail,Vero VH,3.0,6.2086,-74.9784,data/BirdClef/train_audio/gycwor1/XC348169.ogg,gallery
XC402549,gycwor1,Aramides cajaneus,Grey-cowled Wood Rail,Diego Calderon-F.,4.5,7.8436,-77.1345,data/BirdClef/train_audio/gycwor1/XC402549.ogg,gallery
XC115280,gycwor1,Aramides cajaneus,Grey-cowled Wood Rail,Tommy Kaae,3.0,8.5654,-83.5161,data/BirdClef/train_audio/gycwor1/XC115280.ogg,gallery
XC561628,gycwor1,Aramides cajaneus,Grey-cowled Wood Rail,Gualberto Becerra,5.0,8.6014,-80.1196,data/BirdClef/train_audio/gycwor1/XC561628.ogg,gallery
XC862021,gycwor1,Aramides cajaneus,Grey-cowled Wood Rail,Scott Olmstead,4.0,8.6999,-83.2042,data/BirdClef/train_audio/gycwor1/XC862021.ogg,gallery
XC193533,gycwor1,Aramides cajaneus,Grey-cowled Wood Rail,Mayron McKewy Mejía,5.0,8.7895,-82.9714,data/BirdClef/train_audio/gycwor1/XC193533.ogg,gallery
XC278669,gycwor1,Aramides cajaneus,Grey-cowled Wood Rail,Oscar Campbell,5.0,9.2635,-83.8768,data/BirdClef/train_audio/gycwor1/XC278669.ogg,gallery
XC500144,gycwor1,Aramides cajaneus,Grey-cowled Wood Rail,MiriamEaglemon,4.0,9.4032,-83.6708,data/BirdClef/train_audio/gycwor1/XC500144.ogg,gallery
XC200146,gycwor1,Aramides cajaneus,Grey-cowled Wood Rail,Galo Buitrón-Jurado,4.0,9.7031,-69.6048,data/BirdClef/train_audio/gycwor1/XC200146.ogg,gallery
XC200144,gycwor1,Aramides cajaneus,Grey-cowled Wood Rail,Galo Buitrón-Jurado,4.0,9.7031,-69.6048,data/BirdClef/train_audio/gycwor1/XC200144.ogg,gallery
XC694756,gycwor1,Aramides cajaneus,Grey-cowled Wood Rail,Scott Olmstead,4.0,9.8222,-83.0629,data/BirdClef/train_audio/gycwor1/XC694756.ogg,gallery
XC125466,gycwor1,Aramides cajaneus,Grey-cowled Wood Rail,Thore Noernberg,4.0,9.904,-62.798,data/BirdClef/train_audio/gycwor1/XC125466.ogg,gallery
XC118412,gycwor1,Aramides cajaneus,Grey-cowled Wood Rail,Thore Noernberg,4.0,9.904,-62.798,data/BirdClef/train_audio/gycwor1/XC118412.ogg,gallery
XC353054,gycwor1,Aramides cajaneus,Grey-cowled Wood Rail,Jeff Norris,4.0,9.9373,-84.1801,data/BirdClef/train_audio/gycwor1/XC353054.ogg,gallery
XC460313,gycwor1,Aramides cajaneus,Grey-cowled Wood Rail,Carlos Venegas-Elizondo,5.0,9.9611,-85.1276,data/BirdClef/train_audio/gycwor1/XC460313.ogg,gallery
XC370246,gycwor1,Aramides cajaneus,Grey-cowled Wood Rail,mark elliott,3.0,9.9658,-85.6777,data/BirdClef/train_audio/gycwor1/XC370246.ogg,gallery
XC531455,gycwor1,Aramides cajaneus,Grey-cowled Wood Rail,Enrique Varela,4.5,10.085,-84.4656,data/BirdClef/train_audio/gycwor1/XC531455.ogg,gallery
XC453806,gycwor1,Aramides cajaneus,Grey-cowled Wood Rail,Will Sweet,5.0,10.2828,-84.798,data/BirdClef/train_audio/gycwor1/XC453806.ogg,gallery
XC588311,gycwor1,Aramides cajaneus,Grey-cowled Wood Rail,Francisco contreras,4.0,11.4947,-69.5128,data/BirdClef/train_audio/gycwor1/XC588311.ogg,gallery
XC582524,gycwor1,Aramides cajaneus,Grey-cowled Wood Rail,Francisco contreras,4.0,11.4947,-69.5128,data/BirdClef/train_audio/gycwor1/XC582524.ogg,gallery
XC724915,linwoo1,Dryocopus lineatus,Lineated Woodpecker,JAYRSON ARAUJO DE OLIVEIRA,4.5,-27.9514,-49.9345,data/BirdClef/train_audio/linwoo1/XC724915.ogg,gallery
XC724914,linwoo1,Dryocopus lineatus,Lineated Woodpecker,JAYRSON ARAUJO DE OLIVEIRA,4.5,-27.9514,-49.9345,data/BirdClef/train_audio/linwoo1/XC724914.ogg,gallery
XC361622,linwoo1,Dryocopus lineatus,Lineated Woodpecker,Roberto Buss Stringari,4.0,-27.0087,-50.9886,data/BirdClef/train_audio/linwoo1/XC361622.ogg,gallery
XC455127,linwoo1,Dryocopus lineatus,Lineated Woodpecker,Rosendo Manuel Fraga,5.0,-26.9334,-54.2167,data/BirdClef/train_audio/linwoo1/XC455127.ogg,gallery
XC288382,linwoo1,Dryocopus lineatus,Lineated Woodpecker,Marcelo Villegas,4.5,-26.9192,-51.516,data/BirdClef/train_audio/linwoo1/XC288382.ogg,gallery
XC599026,linwoo1,Dryocopus lineatus,Lineated Woodpecker,Luis Seko Pradier,4.0,-26.8546,-54.9255,data/BirdClef/train_audio/linwoo1/XC599026.ogg,gallery
XC176365,linwoo1,Dryocopus lineatus,Lineated Woodpecker,Fabricio Gorleri,4.0,-26.7966,-59.6056,data/BirdClef/train_audio/linwoo1/XC176365.ogg,gallery
XC509391,linwoo1,Dryocopus lineatus,Lineated Woodpecker,Luis Seko Pradier,4.0,-26.4209,-54.4192,data/BirdClef/train_audio/linwoo1/XC509391.ogg,gallery
XC440193,linwoo1,Dryocopus lineatus,Lineated Woodpecker,Guilherme Willrich,5.0,-26.3182,-48.8969,data/BirdClef/train_audio/linwoo1/XC440193.ogg,gallery
XC620630,linwoo1,Dryocopus lineatus,Lineated Woodpecker,Meena Haribal,5.0,-25.7126,-54.4307,data/BirdClef/train_audio/linwoo1/XC620630.ogg,gallery
XC242671,linwoo1,Dryocopus lineatus,Lineated Woodpecker,André J. Pieri,5.0,-25.691,-53.8468,data/BirdClef/train_audio/linwoo1/XC242671.ogg,gallery
XC420966,linwoo1,Dryocopus lineatus,Lineated Woodpecker,Fernando Igor de Godoy,5.0,-24.2783,-50.5306,data/BirdClef/train_audio/linwoo1/XC420966.ogg,gallery
XC812907,linwoo1,Dryocopus lineatus,Lineated Woodpecker,Dante Buzzetti,4.0,-24.1859,-46.9118,data/BirdClef/train_audio/linwoo1/XC812907.ogg,gallery
XC85090,linwoo1,Dryocopus lineatus,Lineated Woodpecker,Jeremy Minns,3.5,-23.5684,-45.3026,data/BirdClef/train_audio/linwoo1/XC85090.ogg,gallery
XC85088,linwoo1,Dryocopus lineatus,Lineated Woodpecker,Jeremy Minns,4.0,-23.5684,-45.3026,data/BirdClef/train_audio/linwoo1/XC85088.ogg,gallery
XC85087,linwoo1,Dryocopus lineatus,Lineated Woodpecker,Jeremy Minns,4.0,-23.4727,-45.1892,data/BirdClef/train_audio/linwoo1/XC85087.ogg,gallery
XC186265,linwoo1,Dryocopus lineatus,Lineated Woodpecker,Fernando Igor de Godoy,5.0,-23.43,-47.599,data/BirdClef/train_audio/linwoo1/XC186265.ogg,gallery
XC686421,linwoo1,Dryocopus lineatus,Lineated Woodpecker,Dante Buzzetti,4.0,-23.3607,-46.4753,data/BirdClef/train_audio/linwoo1/XC686421.ogg,gallery
XC686420,linwoo1,Dryocopus lineatus,Lineated Woodpecker,Dante Buzzetti,4.0,-23.3607,-46.4753,data/BirdClef/train_audio/linwoo1/XC686420.ogg,gallery
XC585445,linwoo1,Dryocopus lineatus,Lineated Woodpecker,Dante Buzzetti,5.0,-23.2107,-47.0624,data/BirdClef/train_audio/linwoo1/XC585445.ogg,gallery
XC344481,linwoo1,Dryocopus lineatus,Lineated Woodpecker,Rodrigo Dela Rosa,4.5,-22.9282,-45.7575,data/BirdClef/train_audio/linwoo1/XC344481.ogg,gallery
XC428353,linwoo1,Dryocopus lineatus,Lineated Woodpecker,Victor Antonelli,4.0,-22.8842,-48.4442,data/BirdClef/train_audio/linwoo1/XC428353.ogg,gallery
XC421180,linwoo1,Dryocopus lineatus,Lineated Woodpecker,Victor Antonelli,3.0,-22.8842,-48.4442,data/BirdClef/train_audio/linwoo1/XC421180.ogg,gallery
XC499703,linwoo1,Dryocopus lineatus,Lineated Woodpecker,Nunes-de-Almeida,4.0,-22.6613,-48.1558,data/BirdClef/train_audio/linwoo1/XC499703.ogg,gallery
XC989398,linwoo1,Dryocopus lineatus,Lineated Woodpecker,Edgar Romero,3.0,-22.6438,-56.0332,data/BirdClef/train_audio/linwoo1/XC989398.ogg,gallery
XC388143,linwoo1,Dryocopus lineatus,Lineated Woodpecker,Bobby Wilcox,5.0,-22.4508,-42.7735,data/BirdClef/train_audio/linwoo1/XC388143.ogg,gallery
XC388141,linwoo1,Dryocopus lineatus,Lineated Woodpecker,Bobby Wilcox,4.5,-22.4508,-42.7735,data/BirdClef/train_audio/linwoo1/XC388141.ogg,gallery
XC253145,linwoo1,Dryocopus lineatus,Lineated Woodpecker,Eric DeFonso,4.5,-22.4508,-42.7735,data/BirdClef/train_audio/linwoo1/XC253145.ogg,gallery
XC667821,linwoo1,Dryocopus lineatus,Lineated Woodpecker,Ricardo José Mitidieri,4.0,-22.435,-42.9326,data/BirdClef/train_audio/linwoo1/XC667821.ogg,gallery
XC513622,linwoo1,Dryocopus lineatus,Lineated Woodpecker,Arthur Gomes,4.0,-22.4069,-47.5266,data/BirdClef/train_audio/linwoo1/XC513622.ogg,gallery
XC234588,linwoo1,Dryocopus lineatus,Lineated Woodpecker,Jeremy Minns,5.0,-22.4001,-44.6667,data/BirdClef/train_audio/linwoo1/XC234588.ogg,gallery
XC186266,linwoo1,Dryocopus lineatus,Lineated Woodpecker,Fernando Igor de Godoy,4.0,-21.854,-47.4925,data/BirdClef/train_audio/linwoo1/XC186266.ogg,gallery
XC115671,linwoo1,Dryocopus lineatus,Lineated Woodpecker,Noé Eiterer,5.0,-21.765,-43.3488,data/BirdClef/train_audio/linwoo1/XC115671.ogg,gallery
XC1008341,linwoo1,Dryocopus lineatus,Lineated Woodpecker,Fabrício Grigolin,4.0,-20.8413,-49.303,data/BirdClef/train_audio/linwoo1/XC1008341.ogg,gallery
XC114529,linwoo1,Dryocopus lineatus,Lineated Woodpecker,Noé Eiterer,3.0,-20.79,-42.8882,data/BirdClef/train_audio/linwoo1/XC114529.ogg,gallery
XC299175,linwoo1,Dryocopus lineatus,Lineated Woodpecker,Fernando Igor de Godoy,4.0,-20.7882,-51.703,data/BirdClef/train_audio/linwoo1/XC299175.ogg,gallery
XC342878,linwoo1,Dryocopus lineatus,Lineated Woodpecker,Jeremy Minns,4.5,-20.0834,-55.9501,data/BirdClef/train_audio/linwoo1/XC342878.ogg,gallery
XC85089,linwoo1,Dryocopus lineatus,Lineated Woodpecker,Jeremy Minns,3.5,-20.0834,-55.9501,data/BirdClef/train_audio/linwoo1/XC85089.ogg,gallery
XC1017640,linwoo1,Dryocopus lineatus,Lineated Woodpecker,Dante Buzzetti,4.0,-19.3432,-43.5731,data/BirdClef/train_audio/linwoo1/XC1017640.ogg,gallery
XC78185,linwoo1,Dryocopus lineatus,Lineated Woodpecker,Bob Planque,3.0,-19.1824,-48.3936,data/BirdClef/train_audio/linwoo1/XC78185.ogg,gallery
XC78184,linwoo1,Dryocopus lineatus,Lineated Woodpecker,Bob Planque,3.0,-19.1824,-48.3936,data/BirdClef/train_audio/linwoo1/XC78184.ogg,gallery
XC78183,linwoo1,Dryocopus lineatus,Lineated Woodpecker,Bob Planque,3.0,-19.1824,-48.3936,data/BirdClef/train_audio/linwoo1/XC78183.ogg,gallery
XC709879,linwoo1,Dryocopus lineatus,Lineated Woodpecker,Richard E. Webster,4.0,-18.1051,-63.5983,data/BirdClef/train_audio/linwoo1/XC709879.ogg,gallery
XC328919,linwoo1,Dryocopus lineatus,Lineated Woodpecker,Tulio Dornas,4.0,-17.1775,-49.6277,data/BirdClef/train_audio/linwoo1/XC328919.ogg,gallery
XC811886,linwoo1,Dryocopus lineatus,Lineated Woodpecker,JAYRSON ARAUJO DE OLIVEIRA,5.0,-16.9039,-49.2218,data/BirdClef/train_audio/linwoo1/XC811886.ogg,gallery
XC811884,linwoo1,Dryocopus lineatus,Lineated Woodpecker,JAYRSON ARAUJO DE OLIVEIRA,4.0,-16.9039,-49.2218,data/BirdClef/train_audio/linwoo1/XC811884.ogg,gallery
XC286667,linwoo1,Dryocopus lineatus,Lineated Woodpecker,Marcelo Villegas,5.0,-16.6931,-52.1334,data/BirdClef/train_audio/linwoo1/XC286667.ogg,gallery
XC708077,linwoo1,Dryocopus lineatus,Lineated Woodpecker,JAYRSON ARAUJO DE OLIVEIRA,4.5,-16.631,-48.6674,data/BirdClef/train_audio/linwoo1/XC708077.ogg,gallery
XC660523,linwoo1,Dryocopus lineatus,Lineated Woodpecker,JAYRSON ARAUJO DE OLIVEIRA,4.5,-16.5849,-49.1211,data/BirdClef/train_audio/linwoo1/XC660523.ogg,gallery
XC898232,linwoo1,Dryocopus lineatus,Lineated Woodpecker,JAYRSON ARAUJO DE OLIVEIRA,4.5,-16.5631,-49.285,data/BirdClef/train_audio/linwoo1/XC898232.ogg,gallery
XC880837,linwoo1,Dryocopus lineatus,Lineated Woodpecker,JAYRSON ARAUJO DE OLIVEIRA,4.5,-16.5631,-49.285,data/BirdClef/train_audio/linwoo1/XC880837.ogg,gallery
XC704342,linwoo1,Dryocopus lineatus,Lineated Woodpecker,JAYRSON ARAUJO DE OLIVEIRA,4.5,-16.5631,-49.285,data/BirdClef/train_audio/linwoo1/XC704342.ogg,gallery
XC591264,linwoo1,Dryocopus lineatus,Lineated Woodpecker,JAYRSON ARAUJO DE OLIVEIRA,5.0,-16.5631,-49.285,data/BirdClef/train_audio/linwoo1/XC591264.ogg,gallery
XC418614,linwoo1,Dryocopus lineatus,Lineated Woodpecker,JAYRSON ARAUJO DE OLIVEIRA,3.0,-16.5631,-49.285,data/BirdClef/train_audio/linwoo1/XC418614.ogg,gallery
XC1027573,linwoo1,Dryocopus lineatus,Lineated Woodpecker,JAYRSON ARAUJO DE OLIVEIRA,5.0,-16.5108,-49.2939,data/BirdClef/train_audio/linwoo1/XC1027573.ogg,gallery
XC800388,linwoo1,Dryocopus lineatus,Lineated Woodpecker,JAYRSON ARAUJO DE OLIVEIRA,3.5,-16.4727,-49.4959,data/BirdClef/train_audio/linwoo1/XC800388.ogg,gallery
XC565171,linwoo1,Dryocopus lineatus,Lineated Woodpecker,JAYRSON ARAUJO DE OLIVEIRA,4.5,-16.4314,-49.1459,data/BirdClef/train_audio/linwoo1/XC565171.ogg,gallery
XC705637,linwoo1,Dryocopus lineatus,Lineated Woodpecker,Fernando Igor de Godoy,5.0,-16.3162,-39.1848,data/BirdClef/train_audio/linwoo1/XC705637.ogg,gallery
XC737009,linwoo1,Dryocopus lineatus,Lineated Woodpecker,JAYRSON ARAUJO DE OLIVEIRA,4.0,-16.1605,-49.5395,data/BirdClef/train_audio/linwoo1/XC737009.ogg,gallery
XC1009662,linwoo1,Dryocopus lineatus,Lineated Woodpecker,JAYRSON ARAUJO DE OLIVEIRA,4.5,-16.0538,-49.604,data/BirdClef/train_audio/linwoo1/XC1009662.ogg,gallery
XC727452,linwoo1,Dryocopus lineatus,Lineated Woodpecker,JAYRSON ARAUJO DE OLIVEIRA,4.0,-16.0538,-49.604,data/BirdClef/train_audio/linwoo1/XC727452.ogg,gallery
XC421478,linwoo1,Dryocopus lineatus,Lineated Woodpecker,Fernando Igor de Godoy,4.0,-15.9852,-39.376,data/BirdClef/train_audio/linwoo1/XC421478.ogg,gallery
XC338124,linwoo1,Dryocopus lineatus,Lineated Woodpecker,Roney Souza,4.5,-15.8788,-40.5625,data/BirdClef/train_audio/linwoo1/XC338124.ogg,gallery
XC754860,linwoo1,Dryocopus lineatus,Lineated Woodpecker,Vanessa Morais,4.0,-15.7865,-48.0578,data/BirdClef/train_audio/linwoo1/XC754860.ogg,gallery
XC340286,linwoo1,Dryocopus lineatus,Lineated Woodpecker,Roney Souza,3.5,-15.565,-40.4213,data/BirdClef/train_audio/linwoo1/XC340286.ogg,gallery
XC310760,linwoo1,Dryocopus lineatus,Lineated Woodpecker,Jeremy Minns,3.5,-15.3914,-55.8452,data/BirdClef/train_audio/linwoo1/XC310760.ogg,gallery
XC418612,linwoo1,Dryocopus lineatus,Lineated Woodpecker,JAYRSON ARAUJO DE OLIVEIRA,5.0,-14.625,-49.0051,data/BirdClef/train_audio/linwoo1/XC418612.ogg,gallery
XC418611,linwoo1,Dryocopus lineatus,Lineated Woodpecker,JAYRSON ARAUJO DE OLIVEIRA,5.0,-14.625,-49.0051,data/BirdClef/train_audio/linwoo1/XC418611.ogg,gallery
XC1917,linwoo1,Dryocopus lineatus,Lineated Woodpecker,Sjoerd Mayer,3.5,-14.6112,-61.1928,data/BirdClef/train_audio/linwoo1/XC1917.ogg,gallery
XC838044,linwoo1,Dryocopus lineatus,Lineated Woodpecker,JAYRSON ARAUJO DE OLIVEIRA,3.5,-14.0858,-50.8244,data/BirdClef/train_audio/linwoo1/XC838044.ogg,gallery
XC297408,linwoo1,Dryocopus lineatus,Lineated Woodpecker,Sebastian K. Herzog,5.0,-13.3838,-65.9947,data/BirdClef/train_audio/linwoo1/XC297408.ogg,gallery
XC112,linwoo1,Dryocopus lineatus,Lineated Woodpecker,Bob Planqué,4.0,-12.856,-69.362,data/BirdClef/train_audio/linwoo1/XC112.ogg,gallery
XC73539,linwoo1,Dryocopus lineatus,Lineated Woodpecker,Joseph Tobias and Nathalie Seddon,4.0,-12.5692,-70.1001,data/BirdClef/train_audio/linwoo1/XC73539.ogg,gallery
XC698607,linwoo1,Dryocopus lineatus,Lineated Woodpecker,Tulio Dornas,5.0,-12.4906,-46.519,data/BirdClef/train_audio/linwoo1/XC698607.ogg,gallery
XC63209,linwoo1,Dryocopus lineatus,Lineated Woodpecker,Joseph Tobias and Nathalie Seddon,4.0,-11.8667,-71.3667,data/BirdClef/train_audio/linwoo1/XC63209.ogg,gallery
XC152686,linwoo1,Dryocopus lineatus,Lineated Woodpecker,Herman van Oosten,5.0,-10.7,-74.2179,data/BirdClef/train_audio/linwoo1/XC152686.ogg,gallery
XC73538,linwoo1,Dryocopus lineatus,Lineated Woodpecker,Joseph Tobias and Nathalie Seddon,4.0,-10.5334,-65.6078,data/BirdClef/train_audio/linwoo1/XC73538.ogg,gallery
XC569282,linwoo1,Dryocopus lineatus,Lineated Woodpecker,Guilherme Santos Toledo de Lima,5.0,-9.7747,-36.2349,data/BirdClef/train_audio/linwoo1/XC569282.ogg,gallery
XC430032,linwoo1,Dryocopus lineatus,Lineated Woodpecker,Bobby Wilcox,4.0,-9.5975,-55.9325,data/BirdClef/train_audio/linwoo1/XC430032.ogg,gallery
XC430028,linwoo1,Dryocopus lineatus,Lineated Woodpecker,Bobby Wilcox,4.0,-9.5975,-55.9325,data/BirdClef/train_audio/linwoo1/XC430028.ogg,gallery
XC479419,linwoo1,Dryocopus lineatus,Lineated Woodpecker,Dante Buzzetti,4.0,-9.546,-70.023,data/BirdClef/train_audio/linwoo1/XC479419.ogg,gallery
XC711043,linwoo1,Dryocopus lineatus,Lineated Woodpecker,Dante Buzzetti,3.0,-9.2856,-50.0142,data/BirdClef/train_audio/linwoo1/XC711043.ogg,gallery
XC697457,linwoo1,Dryocopus lineatus,Lineated Woodpecker,JAYRSON ARAUJO DE OLIVEIRA,5.0,-9.2524,-36.4187,data/BirdClef/train_audio/linwoo1/XC697457.ogg,gallery
XC697455,linwoo1,Dryocopus lineatus,Lineated Woodpecker,JAYRSON ARAUJO DE OLIVEIRA,5.0,-9.2524,-36.4187,data/BirdClef/train_audio/linwoo1/XC697455.ogg,gallery
XC1045133,linwoo1,Dryocopus lineatus,Lineated Woodpecker,JAYRSON ARAUJO DE OLIVEIRA,4.5,-8.6756,-63.9142,data/BirdClef/train_audio/linwoo1/XC1045133.ogg,gallery
XC817274,linwoo1,Dryocopus lineatus,Lineated Woodpecker,JAYRSON ARAUJO DE OLIVEIRA,5.0,-6.3761,-47.1085,data/BirdClef/train_audio/linwoo1/XC817274.ogg,gallery
XC769652,linwoo1,Dryocopus lineatus,Lineated Woodpecker,JAYRSON ARAUJO DE OLIVEIRA,4.5,-6.3761,-47.1085,data/BirdClef/train_audio/linwoo1/XC769652.ogg,gallery
XC769644,linwoo1,Dryocopus lineatus,Lineated Woodpecker,JAYRSON ARAUJO DE OLIVEIRA,3.0,-6.3761,-47.1085,data/BirdClef/train_audio/linwoo1/XC769644.ogg,gallery
XC838857,linwoo1,Dryocopus lineatus,Lineated Woodpecker,Jerome Fischer,4.0,-6.0529,-77.8908,data/BirdClef/train_audio/linwoo1/XC838857.ogg,gallery
XC830858,linwoo1,Dryocopus lineatus,Lineated Woodpecker,JAYRSON ARAUJO DE OLIVEIRA,4.5,-6.0325,-50.0871,data/BirdClef/train_audio/linwoo1/XC830858.ogg,gallery
XC1034732,linwoo1,Dryocopus lineatus,Lineated Woodpecker,JAYRSON ARAUJO DE OLIVEIRA,4.5,-5.7717,-47.4806,data/BirdClef/train_audio/linwoo1/XC1034732.ogg,gallery
XC1034727,linwoo1,Dryocopus lineatus,Lineated Woodpecker,JAYRSON ARAUJO DE OLIVEIRA,4.5,-5.7717,-47.4806,data/BirdClef/train_audio/linwoo1/XC1034727.ogg,gallery
XC358762,linwoo1,Dryocopus lineatus,Lineated Woodpecker,Tulio Dornas,4.0,-5.2036,-48.371,data/BirdClef/train_audio/linwoo1/XC358762.ogg,gallery
XC1019051,linwoo1,Dryocopus lineatus,Lineated Woodpecker,Scott Olmstead,4.0,-4.938,-79.0996,data/BirdClef/train_audio/linwoo1/XC1019051.ogg,gallery
XC598697,linwoo1,Dryocopus lineatus,Lineated Woodpecker,Jerome Fischer,4.0,-4.2889,-70.2948,data/BirdClef/train_audio/linwoo1/XC598697.ogg,gallery
XC596616,linwoo1,Dryocopus lineatus,Lineated Woodpecker,Jerome Fischer,4.0,-4.2889,-70.2948,data/BirdClef/train_audio/linwoo1/XC596616.ogg,gallery
XC596614,linwoo1,Dryocopus lineatus,Lineated Woodpecker,Jerome Fischer,4.0,-4.2889,-70.2948,data/BirdClef/train_audio/linwoo1/XC596614.ogg,gallery
XC198484,linwoo1,Dryocopus lineatus,Lineated Woodpecker,Leonardo Ordóñez-Delgado,5.0,-4.272,-80.329,data/BirdClef/train_audio/linwoo1/XC198484.ogg,gallery
XC120137,linwoo1,Dryocopus lineatus,Lineated Woodpecker,Eric DeFonso,4.0,-4.1001,-78.9646,data/BirdClef/train_audio/linwoo1/XC120137.ogg,gallery
XC446765,linwoo1,Dryocopus lineatus,Lineated Woodpecker,Wilson Diaz,4.0,-3.73,-80.389,data/BirdClef/train_audio/linwoo1/XC446765.ogg,gallery
XC764,linwoo1,Dryocopus lineatus,Lineated Woodpecker,Willem-Pier Vellinga,4.5,-3.6841,-72.4005,data/BirdClef/train_audio/linwoo1/XC764.ogg,gallery
XC961611,linwoo1,Dryocopus lineatus,Lineated Woodpecker,Charlie Vogt,4.0,-2.9905,-77.9616,data/BirdClef/train_audio/linwoo1/XC961611.ogg,gallery
XC390318,linwoo1,Dryocopus lineatus,Lineated Woodpecker,Jerome Fischer,5.0,-0.667,-77.6,data/BirdClef/train_audio/linwoo1/XC390318.ogg,gallery
XC258055,linwoo1,Dryocopus lineatus,Lineated Woodpecker,John V. Moore,5.0,-0.548,-76.041,data/BirdClef/train_audio/linwoo1/XC258055.ogg,gallery
XC258053,linwoo1,Dryocopus lineatus,Lineated Woodpecker,John V. Moore,5.0,-0.548,-76.041,data/BirdClef/train_audio/linwoo1/XC258053.ogg,gallery
XC258054,linwoo1,Dryocopus lineatus,Lineated Woodpecker,John V. Moore,5.0,-0.523,-76.438,data/BirdClef/train_audio/linwoo1/XC258054.ogg,gallery
XC779347,linwoo1,Dryocopus lineatus,Lineated Woodpecker,Tom OShea,5.0,-0.5004,-77.2853,data/BirdClef/train_audio/linwoo1/XC779347.ogg,gallery
XC258057,linwoo1,Dryocopus lineatus,Lineated Woodpecker,John V. Moore,5.0,-0.472,-76.459,data/BirdClef/train_audio/linwoo1/XC258057.ogg,gallery
XC258056,linwoo1,Dryocopus lineatus,Lineated Woodpecker,John V. Moore,5.0,-0.472,-76.459,data/BirdClef/train_audio/linwoo1/XC258056.ogg,gallery
XC208719,linwoo1,Dryocopus lineatus,Lineated Woodpecker,Galo Buitrón-Jurado,4.0,-0.3445,-76.9941,data/BirdClef/train_audio/linwoo1/XC208719.ogg,gallery
XC912033,linwoo1,Dryocopus lineatus,Lineated Woodpecker,rudy gelis,5.0,-0.0553,-78.7704,data/BirdClef/train_audio/linwoo1/XC912033.ogg,gallery
XC820981,linwoo1,Dryocopus lineatus,Lineated Woodpecker,rudy gelis,5.0,-0.0553,-78.7704,data/BirdClef/train_audio/linwoo1/XC820981.ogg,gallery
XC692842,linwoo1,Dryocopus lineatus,Lineated Woodpecker,Dante Buzzetti,4.0,0.2029,-51.0869,data/BirdClef/train_audio/linwoo1/XC692842.ogg,gallery
XC691665,linwoo1,Dryocopus lineatus,Lineated Woodpecker,Dante Buzzetti,3.0,0.2029,-51.0869,data/BirdClef/train_audio/linwoo1/XC691665.ogg,gallery
XC71122,linwoo1,Dryocopus lineatus,Lineated Woodpecker,Daniel Lane,4.5,0.258,-79.192,data/BirdClef/train_audio/linwoo1/XC71122.ogg,gallery
XC961351,linwoo1,Dryocopus lineatus,Lineated Woodpecker,Juan Freile,4.0,0.373,-79.6652,data/BirdClef/train_audio/linwoo1/XC961351.ogg,gallery
XC234589,linwoo1,Dryocopus lineatus,Lineated Woodpecker,Jeremy Minns,5.0,0.8926,-52.056,data/BirdClef/train_audio/linwoo1/XC234589.ogg,gallery
XC582793,linwoo1,Dryocopus lineatus,Lineated Woodpecker,Mauricio Cuellar Ramirez (@Birding.travel),4.0,1.1226,-76.2932,data/BirdClef/train_audio/linwoo1/XC582793.ogg,gallery
XC939972,linwoo1,Dryocopus lineatus,Lineated Woodpecker,JAYRSON ARAUJO DE OLIVEIRA,5.0,1.7895,-61.1926,data/BirdClef/train_audio/linwoo1/XC939972.ogg,gallery
XC148292,linwoo1,Dryocopus lineatus,Lineated Woodpecker,Gary Stiles (Colección de Sonidos Ambientales - Instituto Humboldt),4.0,1.8888,-76.2888,data/BirdClef/train_audio/linwoo1/XC148292.ogg,gallery
XC304276,linwoo1,Dryocopus lineatus,Lineated Woodpecker,Brayan Coral Jaramillo,5.0,2.213,-73.823,data/BirdClef/train_audio/linwoo1/XC304276.ogg,gallery
XC928743,linwoo1,Dryocopus lineatus,Lineated Woodpecker,Delaitre guillaume,3.0,3.602,-53.2592,data/BirdClef/train_audio/linwoo1/XC928743.ogg,gallery
XC1008501,linwoo1,Dryocopus lineatus,Lineated Woodpecker,Étienne Leroy,3.5,3.6167,-53.2001,data/BirdClef/train_audio/linwoo1/XC1008501.ogg,gallery
XC358169,linwoo1,Dryocopus lineatus,Lineated Woodpecker,Guy Kirwan,4.0,3.8196,-67.8188,data/BirdClef/train_audio/linwoo1/XC358169.ogg,gallery
XC1033909,linwoo1,Dryocopus lineatus,Lineated Woodpecker,Richard E. Webster,4.0,4.2454,-58.9055,data/BirdClef/train_audio/linwoo1/XC1033909.ogg,gallery
XC565143,linwoo1,Dryocopus lineatus,Lineated Woodpecker,Jerome Fischer,5.0,4.351,-74.652,data/BirdClef/train_audio/linwoo1/XC565143.ogg,gallery
XC540373,linwoo1,Dryocopus lineatus,Lineated Woodpecker,Jerome Fischer,5.0,4.351,-74.652,data/BirdClef/train_audio/linwoo1/XC540373.ogg,gallery
XC540372,linwoo1,Dryocopus lineatus,Lineated Woodpecker,Jerome Fischer,5.0,4.351,-74.652,data/BirdClef/train_audio/linwoo1/XC540372.ogg,gallery
XC424647,linwoo1,Dryocopus lineatus,Lineated Woodpecker,Yair Guillermo Molina Martínez.,5.0,4.4192,-75.2178,data/BirdClef/train_audio/linwoo1/XC424647.ogg,gallery
XC1033910,linwoo1,Dryocopus lineatus,Lineated Woodpecker,Richard E. Webster,4.0,4.6724,-58.6857,data/BirdClef/train_audio/linwoo1/XC1033910.ogg,gallery
XC508229,linwoo1,Dryocopus lineatus,Lineated Woodpecker,Brice de la Croix,4.0,4.7216,-52.3073,data/BirdClef/train_audio/linwoo1/XC508229.ogg,gallery
XC508193,linwoo1,Dryocopus lineatus,Lineated Woodpecker,Brice de la Croix,4.0,4.7216,-52.3073,data/BirdClef/train_audio/linwoo1/XC508193.ogg,gallery
XC508180,linwoo1,Dryocopus lineatus,Lineated Woodpecker,Brice de la Croix,4.0,4.7216,-52.3073,data/BirdClef/train_audio/linwoo1/XC508180.ogg,gallery
XC451350,linwoo1,Dryocopus lineatus,Lineated Woodpecker,Brice de la Croix,4.0,4.7216,-52.3073,data/BirdClef/train_audio/linwoo1/XC451350.ogg,gallery
XC640128,linwoo1,Dryocopus lineatus,Lineated Woodpecker,Andrés Mauricio López,5.0,4.9857,-75.5436,data/BirdClef/train_audio/linwoo1/XC640128.ogg,gallery
XC405087,linwoo1,Dryocopus lineatus,Lineated Woodpecker,Andres Angulo ,4.5,5.1267,-74.5707,data/BirdClef/train_audio/linwoo1/XC405087.ogg,gallery
XC405086,linwoo1,Dryocopus lineatus,Lineated Woodpecker,Andres Angulo ,5.0,5.1267,-74.5707,data/BirdClef/train_audio/linwoo1/XC405086.ogg,gallery
XC405085,linwoo1,Dryocopus lineatus,Lineated Woodpecker,Andres Angulo ,5.0,5.1267,-74.5707,data/BirdClef/train_audio/linwoo1/XC405085.ogg,gallery
XC405084,linwoo1,Dryocopus lineatus,Lineated Woodpecker,Andres Angulo ,4.5,5.1267,-74.5707,data/BirdClef/train_audio/linwoo1/XC405084.ogg,gallery
XC405083,linwoo1,Dryocopus lineatus,Lineated Woodpecker,Andres Angulo ,4.5,5.1267,-74.5707,data/BirdClef/train_audio/linwoo1/XC405083.ogg,gallery
XC405082,linwoo1,Dryocopus lineatus,Lineated Woodpecker,Andres Angulo ,5.0,5.1267,-74.5707,data/BirdClef/train_audio/linwoo1/XC405082.ogg,gallery
XC379657,linwoo1,Dryocopus lineatus,Lineated Woodpecker,Andres Angulo ,4.0,5.1267,-74.5707,data/BirdClef/train_audio/linwoo1/XC379657.ogg,gallery
XC532537,linwoo1,Dryocopus lineatus,Lineated Woodpecker,Mauricio Álvarez-Rebolledo (Colección de Sonidos Ambientales - Instituto Humboldt),4.0,5.2461,-75.6853,data/BirdClef/train_audio/linwoo1/XC532537.ogg,gallery
XC438406,linwoo1,Dryocopus lineatus,Lineated Woodpecker,Victor Vanegas,3.0,5.6151,-72.1148,data/BirdClef/train_audio/linwoo1/XC438406.ogg,gallery
XC440213,linwoo1,Dryocopus lineatus,Lineated Woodpecker,Jean-Esteban Liberek,3.0,6.1219,-75.5973,data/BirdClef/train_audio/linwoo1/XC440213.ogg,gallery
XC390530,linwoo1,Dryocopus lineatus,Lineated Woodpecker,Joe Roca,4.0,6.1755,-75.6703,data/BirdClef/train_audio/linwoo1/XC390530.ogg,gallery
XC437295,linwoo1,Dryocopus lineatus,Lineated Woodpecker,Andres Angulo ,3.0,6.246,-75.7774,data/BirdClef/train_audio/linwoo1/XC437295.ogg,gallery
XC404519,linwoo1,Dryocopus lineatus,Lineated Woodpecker,Andres Angulo ,3.0,7.1128,-73.473,data/BirdClef/train_audio/linwoo1/XC404519.ogg,gallery
XC402747,linwoo1,Dryocopus lineatus,Lineated Woodpecker,Dominic Garcia-Hall,3.0,9.0334,-80.1334,data/BirdClef/train_audio/linwoo1/XC402747.ogg,gallery
XC408943,linwoo1,Dryocopus lineatus,Lineated Woodpecker,Nick Komar,5.0,9.05,-79.6342,data/BirdClef/train_audio/linwoo1/XC408943.ogg,gallery
XC256711,linwoo1,Dryocopus lineatus,Lineated Woodpecker,Tom Lawrence,3.0,9.1234,-79.8554,data/BirdClef/train_audio/linwoo1/XC256711.ogg,gallery
XC645538,linwoo1,Dryocopus lineatus,Lineated Woodpecker,Daniel Errichetti,4.0,9.164,-79.753,data/BirdClef/train_audio/linwoo1/XC645538.ogg,gallery
XC112919,linwoo1,Dryocopus lineatus,Lineated Woodpecker,Sander Bot,4.0,9.164,-79.753,data/BirdClef/train_audio/linwoo1/XC112919.ogg,gallery
XC465819,linwoo1,Dryocopus lineatus,Lineated Woodpecker,Rosendo Manuel Fraga,5.0,9.4788,-68.6019,data/BirdClef/train_audio/linwoo1/XC465819.ogg,gallery
XC443232,linwoo1,Dryocopus lineatus,Lineated Woodpecker,Blair Jollands,3.0,9.5513,-79.6598,data/BirdClef/train_audio/linwoo1/XC443232.ogg,gallery
XC538044,linwoo1,Dryocopus lineatus,Lineated Woodpecker,Enrique Varela,3.0,10.0573,-84.4965,data/BirdClef/train_audio/linwoo1/XC538044.ogg,gallery
XC525030,linwoo1,Dryocopus lineatus,Lineated Woodpecker,Mauricio Álvarez-Rebolledo,5.0,11.2947,-74.1042,data/BirdClef/train_audio/linwoo1/XC525030.ogg,gallery
XC525029,linwoo1,Dryocopus lineatus,Lineated Woodpecker,Mauricio Álvarez-Rebolledo,5.0,11.2947,-74.1042,data/BirdClef/train_audio/linwoo1/XC525029.ogg,gallery
XC284437,linwoo1,Dryocopus lineatus,Lineated Woodpecker,Orlando Jarquín G.,4.0,12.8709,-87.3997,data/BirdClef/train_audio/linwoo1/XC284437.ogg,gallery
XC303078,linwoo1,Dryocopus lineatus,Lineated Woodpecker,Mario Trejo,5.0,13.4852,-89.2698,data/BirdClef/train_audio/linwoo1/XC303078.ogg,gallery
XC198401,linwoo1,Dryocopus lineatus,Lineated Woodpecker,Guillermo Funes,5.0,13.4993,-89.2681,data/BirdClef/train_audio/linwoo1/XC198401.ogg,gallery
XC214145,linwoo1,Dryocopus lineatus,Lineated Woodpecker,Cristian Eric Miranda,3.0,13.8806,-88.9461,data/BirdClef/train_audio/linwoo1/XC214145.ogg,gallery
XC239471,linwoo1,Dryocopus lineatus,Lineated Woodpecker,Mayron McKewy Mejía,4.0,14.1207,-87.1958,data/BirdClef/train_audio/linwoo1/XC239471.ogg,gallery
XC252999,linwoo1,Dryocopus lineatus,Lineated Woodpecker,Alfonso Auerbach,4.0,14.655,-87.0221,data/BirdClef/train_audio/linwoo1/XC252999.ogg,gallery
XC215281,linwoo1,Dryocopus lineatus,Lineated Woodpecker,Francisco Dubon,4.0,15.6745,-88.091,data/BirdClef/train_audio/linwoo1/XC215281.ogg,gallery
XC928167,linwoo1,Dryocopus lineatus,Lineated Woodpecker,Richard E. Webster,4.0,15.8637,-96.3645,data/BirdClef/train_audio/linwoo1/XC928167.ogg,gallery
XC694335,linwoo1,Dryocopus lineatus,Lineated Woodpecker,Alán Palacios,5.0,16.5862,-94.8737,data/BirdClef/train_audio/linwoo1/XC694335.ogg,gallery
XC797389,linwoo1,Dryocopus lineatus,Lineated Woodpecker,Paul Driver,5.0,17.125,-89.0592,data/BirdClef/train_audio/linwoo1/XC797389.ogg,gallery
XC797387,linwoo1,Dryocopus lineatus,Lineated Woodpecker,Paul Driver,5.0,17.125,-89.0592,data/BirdClef/train_audio/linwoo1/XC797387.ogg,gallery
XC349752,linwoo1,Dryocopus lineatus,Lineated Woodpecker,Max Noack,4.0,17.221,-89.623,data/BirdClef/train_audio/linwoo1/XC349752.ogg,gallery
XC792848,linwoo1,Dryocopus lineatus,Lineated Woodpecker,Paul Driver,4.0,17.539,-89.1111,data/BirdClef/train_audio/linwoo1/XC792848.ogg,gallery
XC28455,linwoo1,Dryocopus lineatus,Lineated Woodpecker,Daniel Lane,4.0,17.777,-89.0114,data/BirdClef/train_audio/linwoo1/XC28455.ogg,gallery
XC124959,linwoo1,Dryocopus lineatus,Lineated Woodpecker,Manuel Grosselet,3.0,18.0024,-94.5653,data/BirdClef/train_audio/linwoo1/XC124959.ogg,gallery
XC317598,linwoo1,Dryocopus lineatus,Lineated Woodpecker,Manuel Grosselet,5.0,18.8983,-104.0324,data/BirdClef/train_audio/linwoo1/XC317598.ogg,gallery
XC169814,linwoo1,Dryocopus lineatus,Lineated Woodpecker,Steve Gellman,3.5,20.9485,-105.3276,data/BirdClef/train_audio/linwoo1/XC169814.ogg,gallery
XC501978,linwoo1,Dryocopus lineatus,Lineated Woodpecker,Richard E. Webster,3.5,21.4616,-105.1549,data/BirdClef/train_audio/linwoo1/XC501978.ogg,gallery
XC501979,linwoo1,Dryocopus lineatus,Lineated Woodpecker,Richard E. Webster,3.0,21.4616,-105.1549,data/BirdClef/train_audio/linwoo1/XC501979.ogg,gallery
XC501977,linwoo1,Dryocopus lineatus,Lineated Woodpecker,Richard E. Webster,3.5,23.4326,-106.3021,data/BirdClef/train_audio/linwoo1/XC501977.ogg,gallery
XC451313,linwoo1,Dryocopus lineatus,Lineated Woodpecker,Richard E. Webster,5.0,26.9847,-108.9437,data/BirdClef/train_audio/linwoo1/XC451313.ogg,gallery
XC401124,linwoo1,Dryocopus lineatus,Lineated Woodpecker,Richard E. Webster,5.0,26.9847,-108.9437,data/BirdClef/train_audio/linwoo1/XC401124.ogg,gallery
XC451312,linwoo1,Dryocopus lineatus,Lineated Woodpecker,Richard E. Webster,4.0,26.9847,-108.9437,data/BirdClef/train_audio/linwoo1/XC451312.ogg,gallery
XC401123,linwoo1,Dryocopus lineatus,Lineated Woodpecker,Richard E. Webster,4.0,26.9847,-108.9437,data/BirdClef/train_audio/linwoo1/XC401123.ogg,gallery
XC401125,linwoo1,Dryocopus lineatus,Lineated Woodpecker,Richard E. Webster,4.0,27.0819,-108.7568,data/BirdClef/train_audio/linwoo1/XC401125.ogg,gallery
XC353624,linwoo1,Dryocopus lineatus,Lineated Woodpecker,Richard E. Webster,3.0,27.0819,-108.7568,data/BirdClef/train_audio/linwoo1/XC353624.ogg,gallery
XC339554,pabspi1,Synallaxis albescens,Pale-breasted Spinetail,Enric Fontcuberta ,3.5,-32.637,-58.14,data/BirdClef/train_audio/pabspi1/XC339554.ogg,gallery
XC465076,pabspi1,Synallaxis albescens,Pale-breasted Spinetail,Rosendo Manuel Fraga,5.0,-32.51,-63.1163,data/BirdClef/train_audio/pabspi1/XC465076.ogg,gallery
XC773859,pabspi1,Synallaxis albescens,Pale-breasted Spinetail,Guillermo Treboux,4.0,-32.2202,-58.56,data/BirdClef/train_audio/pabspi1/XC773859.ogg,gallery
XC773855,pabspi1,Synallaxis albescens,Pale-breasted Spinetail,Guillermo Treboux,5.0,-32.2198,-58.564,data/BirdClef/train_audio/pabspi1/XC773855.ogg,gallery
XC773853,pabspi1,Synallaxis albescens,Pale-breasted Spinetail,Guillermo Treboux,5.0,-32.2198,-58.564,data/BirdClef/train_audio/pabspi1/XC773853.ogg,gallery
XC833506,pabspi1,Synallaxis albescens,Pale-breasted Spinetail,Bernard BOUSQUET,4.0,-31.8165,-58.3214,data/BirdClef/train_audio/pabspi1/XC833506.ogg,gallery
XC833507,pabspi1,Synallaxis albescens,Pale-breasted Spinetail,Bernard BOUSQUET,4.0,-31.8119,-58.3253,data/BirdClef/train_audio/pabspi1/XC833507.ogg,gallery
XC655310,pabspi1,Synallaxis albescens,Pale-breasted Spinetail,Marco Ferreira,4.0,-30.519,-57.7111,data/BirdClef/train_audio/pabspi1/XC655310.ogg,gallery
XC915959,pabspi1,Synallaxis albescens,Pale-breasted Spinetail,Sabrina Andrea Rendon Anaya,5.0,-28.3672,-59.2415,data/BirdClef/train_audio/pabspi1/XC915959.ogg,gallery
XC400309,pabspi1,Synallaxis albescens,Pale-breasted Spinetail,Jose Luis Navarro,3.5,-27.5645,-64.4504,data/BirdClef/train_audio/pabspi1/XC400309.ogg,gallery
XC510782,pabspi1,Synallaxis albescens,Pale-breasted Spinetail,Jose Luis Navarro,5.0,-27.5625,-64.4519,data/BirdClef/train_audio/pabspi1/XC510782.ogg,gallery
XC453966,pabspi1,Synallaxis albescens,Pale-breasted Spinetail,Rosendo Manuel Fraga,4.0,-23.8132,-56.2954,data/BirdClef/train_audio/pabspi1/XC453966.ogg,gallery
XC589399,pabspi1,Synallaxis albescens,Pale-breasted Spinetail,Luiz C.  Silva,5.0,-23.7629,-53.8803,data/BirdClef/train_audio/pabspi1/XC589399.ogg,gallery
XC799111,pabspi1,Synallaxis albescens,Pale-breasted Spinetail,Edgar Romero,4.0,-23.3891,-60.7983,data/BirdClef/train_audio/pabspi1/XC799111.ogg,gallery
XC186862,pabspi1,Synallaxis albescens,Pale-breasted Spinetail,Rodrigo Dela Rosa,4.0,-23.1334,-45.7834,data/BirdClef/train_audio/pabspi1/XC186862.ogg,gallery
XC413779,pabspi1,Synallaxis albescens,Pale-breasted Spinetail,Victor Antonelli,3.0,-22.8842,-48.4442,data/BirdClef/train_audio/pabspi1/XC413779.ogg,gallery
XC291920,pabspi1,Synallaxis albescens,Pale-breasted Spinetail,Anderson Lucindo,3.5,-22.7827,-49.2289,data/BirdClef/train_audio/pabspi1/XC291920.ogg,gallery
XC551070,pabspi1,Synallaxis albescens,Pale-breasted Spinetail,Ricardo Gagliardi,4.0,-22.7111,-44.3485,data/BirdClef/train_audio/pabspi1/XC551070.ogg,gallery
XC1000949,pabspi1,Synallaxis albescens,Pale-breasted Spinetail,Dante Buzzetti,4.0,-22.432,-44.361,data/BirdClef/train_audio/pabspi1/XC1000949.ogg,gallery
XC1000948,pabspi1,Synallaxis albescens,Pale-breasted Spinetail,Dante Buzzetti,4.0,-22.432,-44.361,data/BirdClef/train_audio/pabspi1/XC1000948.ogg,gallery
XC291217,pabspi1,Synallaxis albescens,Pale-breasted Spinetail,Jeremy Minns,5.0,-22.2501,-47.9001,data/BirdClef/train_audio/pabspi1/XC291217.ogg,gallery
XC80877,pabspi1,Synallaxis albescens,Pale-breasted Spinetail,Jeremy Minns,5.0,-22.2501,-47.9001,data/BirdClef/train_audio/pabspi1/XC80877.ogg,gallery
XC164045,pabspi1,Synallaxis albescens,Pale-breasted Spinetail,Noé Eiterer,4.0,-21.765,-43.3488,data/BirdClef/train_audio/pabspi1/XC164045.ogg,gallery
XC114236,pabspi1,Synallaxis albescens,Pale-breasted Spinetail,Noé Eiterer,5.0,-20.79,-42.8882,data/BirdClef/train_audio/pabspi1/XC114236.ogg,gallery
XC173359,pabspi1,Synallaxis albescens,Pale-breasted Spinetail,João Antônio de B. Vitto,3.0,-20.54,-44.634,data/BirdClef/train_audio/pabspi1/XC173359.ogg,gallery
XC419108,pabspi1,Synallaxis albescens,Pale-breasted Spinetail,Fernando Igor de Godoy,4.0,-20.442,-52.8782,data/BirdClef/train_audio/pabspi1/XC419108.ogg,gallery
XC326071,pabspi1,Synallaxis albescens,Pale-breasted Spinetail,Fernando Igor de Godoy,4.0,-20.442,-52.8782,data/BirdClef/train_audio/pabspi1/XC326071.ogg,gallery
XC355720,pabspi1,Synallaxis albescens,Pale-breasted Spinetail,Fernando Igor de Godoy,3.0,-20.442,-52.8782,data/BirdClef/train_audio/pabspi1/XC355720.ogg,gallery
XC600431,pabspi1,Synallaxis albescens,Pale-breasted Spinetail,Thiago Augusto Mendes Pinheiro,4.0,-20.2551,-46.4101,data/BirdClef/train_audio/pabspi1/XC600431.ogg,gallery
XC169954,pabspi1,Synallaxis albescens,Pale-breasted Spinetail,Roney Assis Souza,4.0,-19.6496,-42.8736,data/BirdClef/train_audio/pabspi1/XC169954.ogg,gallery
XC517453,pabspi1,Synallaxis albescens,Pale-breasted Spinetail,Renan Betzel,4.0,-18.7654,-40.7635,data/BirdClef/train_audio/pabspi1/XC517453.ogg,gallery
XC2645,pabspi1,Synallaxis albescens,Pale-breasted Spinetail,Sjoerd Mayer,4.0,-17.7751,-63.0667,data/BirdClef/train_audio/pabspi1/XC2645.ogg,gallery
XC437587,pabspi1,Synallaxis albescens,Pale-breasted Spinetail,Guy Kirwan,5.0,-16.8632,-43.0104,data/BirdClef/train_audio/pabspi1/XC437587.ogg,gallery
XC422349,pabspi1,Synallaxis albescens,Pale-breasted Spinetail,JAYRSON ARAUJO DE OLIVEIRA,3.0,-16.7707,-47.612,data/BirdClef/train_audio/pabspi1/XC422349.ogg,gallery
XC422348,pabspi1,Synallaxis albescens,Pale-breasted Spinetail,JAYRSON ARAUJO DE OLIVEIRA,5.0,-16.6156,-48.7405,data/BirdClef/train_audio/pabspi1/XC422348.ogg,gallery
XC861550,pabspi1,Synallaxis albescens,Pale-breasted Spinetail,JAYRSON ARAUJO DE OLIVEIRA,4.5,-16.0538,-49.604,data/BirdClef/train_audio/pabspi1/XC861550.ogg,gallery
XC707732,pabspi1,Synallaxis albescens,Pale-breasted Spinetail,JAYRSON ARAUJO DE OLIVEIRA,5.0,-16.0538,-49.604,data/BirdClef/train_audio/pabspi1/XC707732.ogg,gallery
XC706979,pabspi1,Synallaxis albescens,Pale-breasted Spinetail,JAYRSON ARAUJO DE OLIVEIRA,5.0,-16.0538,-49.604,data/BirdClef/train_audio/pabspi1/XC706979.ogg,gallery
XC706978,pabspi1,Synallaxis albescens,Pale-breasted Spinetail,JAYRSON ARAUJO DE OLIVEIRA,4.5,-16.0538,-49.604,data/BirdClef/train_audio/pabspi1/XC706978.ogg,gallery
XC371514,pabspi1,Synallaxis albescens,Pale-breasted Spinetail,Mateus G. Santos ,4.5,-14.6117,-40.3329,data/BirdClef/train_audio/pabspi1/XC371514.ogg,gallery
XC124854,pabspi1,Synallaxis albescens,Pale-breasted Spinetail,Sebastian K. Herzog,4.0,-14.5579,-68.875,data/BirdClef/train_audio/pabspi1/XC124854.ogg,gallery
XC64206,pabspi1,Synallaxis albescens,Pale-breasted Spinetail,Joseph Tobias and Nathalie Seddon,4.0,-13.5538,-61.0087,data/BirdClef/train_audio/pabspi1/XC64206.ogg,gallery
XC151196,pabspi1,Synallaxis albescens,Pale-breasted Spinetail,Marcelo Villegas,4.0,-13.4476,-45.6736,data/BirdClef/train_audio/pabspi1/XC151196.ogg,gallery
XC854675,pabspi1,Synallaxis albescens,Pale-breasted Spinetail,Michael Hurben,3.0,-12.4772,-41.4482,data/BirdClef/train_audio/pabspi1/XC854675.ogg,gallery
XC387377,pabspi1,Synallaxis albescens,Pale-breasted Spinetail,Tulio Dornas,4.0,-10.8786,-49.9548,data/BirdClef/train_audio/pabspi1/XC387377.ogg,gallery
XC799750,pabspi1,Synallaxis albescens,Pale-breasted Spinetail,Dante Buzzetti,4.0,-9.2856,-50.0142,data/BirdClef/train_audio/pabspi1/XC799750.ogg,gallery
XC80876,pabspi1,Synallaxis albescens,Pale-breasted Spinetail,Jeremy Minns,5.0,-9.2334,-50.01,data/BirdClef/train_audio/pabspi1/XC80876.ogg,gallery
XC698645,pabspi1,Synallaxis albescens,Pale-breasted Spinetail,Tulio Dornas,5.0,-6.6875,-47.8372,data/BirdClef/train_audio/pabspi1/XC698645.ogg,gallery
XC883509,pabspi1,Synallaxis albescens,Pale-breasted Spinetail,Daniel Capella,5.0,-6.3584,-50.4466,data/BirdClef/train_audio/pabspi1/XC883509.ogg,gallery
XC402860,pabspi1,Synallaxis albescens,Pale-breasted Spinetail,Tulio Dornas,4.0,-4.9444,-49.3686,data/BirdClef/train_audio/pabspi1/XC402860.ogg,gallery
XC147217,pabspi1,Synallaxis albescens,Pale-breasted Spinetail,Josh Engel,5.0,-3.8141,-46.8045,data/BirdClef/train_audio/pabspi1/XC147217.ogg,gallery
XC302161,pabspi1,Synallaxis albescens,Pale-breasted Spinetail,Jeremy Minns,5.0,-3.2231,-59.8664,data/BirdClef/train_audio/pabspi1/XC302161.ogg,gallery
XC302159,pabspi1,Synallaxis albescens,Pale-breasted Spinetail,Jeremy Minns,3.5,-3.2231,-59.8664,data/BirdClef/train_audio/pabspi1/XC302159.ogg,gallery
XC690821,pabspi1,Synallaxis albescens,Pale-breasted Spinetail,Dante Buzzetti,4.0,0.9652,-50.0582,data/BirdClef/train_audio/pabspi1/XC690821.ogg,gallery
XC939556,pabspi1,Synallaxis albescens,Pale-breasted Spinetail,JAYRSON ARAUJO DE OLIVEIRA,4.5,1.4022,-60.9869,data/BirdClef/train_audio/pabspi1/XC939556.ogg,gallery
XC939555,pabspi1,Synallaxis albescens,Pale-breasted Spinetail,JAYRSON ARAUJO DE OLIVEIRA,5.0,1.4022,-60.9869,data/BirdClef/train_audio/pabspi1/XC939555.ogg,gallery
XC317535,pabspi1,Synallaxis albescens,Pale-breasted Spinetail,Jeremy Minns,5.0,3.2001,-60.5667,data/BirdClef/train_audio/pabspi1/XC317535.ogg,gallery
XC279245,pabspi1,Synallaxis albescens,Pale-breasted Spinetail,Jeremy Minns,5.0,3.2001,-60.5667,data/BirdClef/train_audio/pabspi1/XC279245.ogg,gallery
XC439898,pabspi1,Synallaxis albescens,Pale-breasted Spinetail,Juan Pablo Arboleda,5.0,3.2966,-76.5085,data/BirdClef/train_audio/pabspi1/XC439898.ogg,gallery
XC122704,pabspi1,Synallaxis albescens,Pale-breasted Spinetail,Jon King,5.0,3.473,-60.8972,data/BirdClef/train_audio/pabspi1/XC122704.ogg,gallery
XC166923,pabspi1,Synallaxis albescens,Pale-breasted Spinetail,Ottavio Janni,5.0,3.8627,-67.9688,data/BirdClef/train_audio/pabspi1/XC166923.ogg,gallery
XC724979,pabspi1,Synallaxis albescens,Pale-breasted Spinetail,Katherine Moreno,4.5,4.3492,-75.1772,data/BirdClef/train_audio/pabspi1/XC724979.ogg,gallery
XC560175,pabspi1,Synallaxis albescens,Pale-breasted Spinetail,Jerome Fischer,4.0,4.351,-74.652,data/BirdClef/train_audio/pabspi1/XC560175.ogg,gallery
XC386428,pabspi1,Synallaxis albescens,Pale-breasted Spinetail,Yair Guillermo Molina Martínez.,4.0,4.3574,-75.1177,data/BirdClef/train_audio/pabspi1/XC386428.ogg,gallery
XC1018336,pabspi1,Synallaxis albescens,Pale-breasted Spinetail,Smily Varon,3.0,4.376,-72.721,data/BirdClef/train_audio/pabspi1/XC1018336.ogg,gallery
XC376475,pabspi1,Synallaxis albescens,Pale-breasted Spinetail,Yair Guillermo Molina Martínez.,5.0,4.4667,-75.2001,data/BirdClef/train_audio/pabspi1/XC376475.ogg,gallery
XC902967,pabspi1,Synallaxis albescens,Pale-breasted Spinetail,Nelsy Niño R,5.0,4.5031,-73.3431,data/BirdClef/train_audio/pabspi1/XC902967.ogg,gallery
XC573307,pabspi1,Synallaxis albescens,Pale-breasted Spinetail,Arcadio Marin ,5.0,4.5727,-74.5058,data/BirdClef/train_audio/pabspi1/XC573307.ogg,gallery
XC593319,pabspi1,Synallaxis albescens,Pale-breasted Spinetail,J. Alejandro Camacho,5.0,4.6267,-75.6349,data/BirdClef/train_audio/pabspi1/XC593319.ogg,gallery
XC480014,pabspi1,Synallaxis albescens,Pale-breasted Spinetail,Brice de la Croix,3.0,4.7216,-52.3073,data/BirdClef/train_audio/pabspi1/XC480014.ogg,gallery
XC771680,pabspi1,Synallaxis albescens,Pale-breasted Spinetail,David Monroy Rengifo,4.0,4.7816,-75.7321,data/BirdClef/train_audio/pabspi1/XC771680.ogg,gallery
XC420625,pabspi1,Synallaxis albescens,Pale-breasted Spinetail,JUAN CARLOS NOREÑA TOBÓN,5.0,4.8299,-75.6963,data/BirdClef/train_audio/pabspi1/XC420625.ogg,gallery
XC420624,pabspi1,Synallaxis albescens,Pale-breasted Spinetail,JUAN CARLOS NOREÑA TOBÓN,5.0,4.8299,-75.6963,data/BirdClef/train_audio/pabspi1/XC420624.ogg,gallery
XC455593,pabspi1,Synallaxis albescens,Pale-breasted Spinetail,David Monroy Rengifo,5.0,4.843,-75.8187,data/BirdClef/train_audio/pabspi1/XC455593.ogg,gallery
XC816671,pabspi1,Synallaxis albescens,Pale-breasted Spinetail,David Monroy Rengifo,3.5,4.843,-75.8187,data/BirdClef/train_audio/pabspi1/XC816671.ogg,gallery
XC771595,pabspi1,Synallaxis albescens,Pale-breasted Spinetail,David Monroy Rengifo,4.0,4.843,-75.8187,data/BirdClef/train_audio/pabspi1/XC771595.ogg,gallery
XC348991,pabspi1,Synallaxis albescens,Pale-breasted Spinetail,Nick Bayly,4.5,4.8865,-74.4711,data/BirdClef/train_audio/pabspi1/XC348991.ogg,gallery
XC414146,pabspi1,Synallaxis albescens,Pale-breasted Spinetail,Miguel Angel Muñoz Amaya,5.0,4.8969,-74.4512,data/BirdClef/train_audio/pabspi1/XC414146.ogg,gallery
XC188221,pabspi1,Synallaxis albescens,Pale-breasted Spinetail,Jeisson Poveda,4.0,4.9075,-75.0447,data/BirdClef/train_audio/pabspi1/XC188221.ogg,gallery
XC158012,pabspi1,Synallaxis albescens,Pale-breasted Spinetail,Jeisson Poveda,4.0,4.9249,-75.0547,data/BirdClef/train_audio/pabspi1/XC158012.ogg,gallery
XC158030,pabspi1,Synallaxis albescens,Pale-breasted Spinetail,Jeisson Poveda,3.0,4.9252,-75.0524,data/BirdClef/train_audio/pabspi1/XC158030.ogg,gallery
XC499569,pabspi1,Synallaxis albescens,Pale-breasted Spinetail,Nattaly Tejeiro-M,5.0,5.0756,-72.4458,data/BirdClef/train_audio/pabspi1/XC499569.ogg,gallery
XC573789,pabspi1,Synallaxis albescens,Pale-breasted Spinetail,Fabio Agudelo Zapata,3.0,5.1036,-75.9426,data/BirdClef/train_audio/pabspi1/XC573789.ogg,gallery
XC381339,pabspi1,Synallaxis albescens,Pale-breasted Spinetail,Andres Angulo ,4.0,5.1272,-74.5699,data/BirdClef/train_audio/pabspi1/XC381339.ogg,gallery
XC338086,pabspi1,Synallaxis albescens,Pale-breasted Spinetail,Andrés Mauricio López,4.0,5.144,-75.0594,data/BirdClef/train_audio/pabspi1/XC338086.ogg,gallery
XC244902,pabspi1,Synallaxis albescens,Pale-breasted Spinetail,Oscar Humberto Marín Gómez &amp; Juan Pablo López,4.0,5.145,-70.9575,data/BirdClef/train_audio/pabspi1/XC244902.ogg,gallery
XC532314,pabspi1,Synallaxis albescens,Pale-breasted Spinetail,Sergio Córdoba-Córdoba (Colección de Sonidos Ambientales - Instituto Humboldt),4.0,5.2461,-75.6853,data/BirdClef/train_audio/pabspi1/XC532314.ogg,gallery
XC654059,pabspi1,Synallaxis albescens,Pale-breasted Spinetail,Erick Nicolás Patiño Acosta,4.0,5.2486,-74.2618,data/BirdClef/train_audio/pabspi1/XC654059.ogg,gallery
XC654057,pabspi1,Synallaxis albescens,Pale-breasted Spinetail,Erick Nicolás Patiño Acosta,5.0,5.2572,-74.2646,data/BirdClef/train_audio/pabspi1/XC654057.ogg,gallery
XC654058,pabspi1,Synallaxis albescens,Pale-breasted Spinetail,Erick Nicolás Patiño Acosta,3.5,5.2572,-74.2646,data/BirdClef/train_audio/pabspi1/XC654058.ogg,gallery
XC936969,pabspi1,Synallaxis albescens,Pale-breasted Spinetail,Yair Guillermo Molina Martínez.,5.0,5.2875,-74.8617,data/BirdClef/train_audio/pabspi1/XC936969.ogg,gallery
XC936803,pabspi1,Synallaxis albescens,Pale-breasted Spinetail,Yair Guillermo Molina Martínez.,5.0,5.2875,-74.8617,data/BirdClef/train_audio/pabspi1/XC936803.ogg,gallery
XC823782,pabspi1,Synallaxis albescens,Pale-breasted Spinetail,Hans Groot,5.0,5.4634,-55.2294,data/BirdClef/train_audio/pabspi1/XC823782.ogg,gallery
XC148215,pabspi1,Synallaxis albescens,Pale-breasted Spinetail,Gary Stiles (Colección de Sonidos Ambientales - Instituto Humboldt),4.0,5.5742,-74.9,data/BirdClef/train_audio/pabspi1/XC148215.ogg,gallery
XC148212,pabspi1,Synallaxis albescens,Pale-breasted Spinetail,Gary Stiles (Colección de Sonidos Ambientales - Instituto Humboldt),3.5,5.5742,-74.9,data/BirdClef/train_audio/pabspi1/XC148212.ogg,gallery
XC490522,pabspi1,Synallaxis albescens,Pale-breasted Spinetail,Isain Contreras Rodríguez,4.0,5.5963,-75.8214,data/BirdClef/train_audio/pabspi1/XC490522.ogg,gallery
XC386847,pabspi1,Synallaxis albescens,Pale-breasted Spinetail,Diana Carolina Macana,3.0,5.775,-73.5507,data/BirdClef/train_audio/pabspi1/XC386847.ogg,gallery
XC516433,pabspi1,Synallaxis albescens,Pale-breasted Spinetail,Rolf A. de By,5.0,5.8644,-55.2066,data/BirdClef/train_audio/pabspi1/XC516433.ogg,gallery
XC74983,pabspi1,Synallaxis albescens,Pale-breasted Spinetail,Daniel Lane,4.5,5.9001,-55.2301,data/BirdClef/train_audio/pabspi1/XC74983.ogg,gallery
XC74981,pabspi1,Synallaxis albescens,Pale-breasted Spinetail,Daniel Lane,4.5,5.9001,-55.2301,data/BirdClef/train_audio/pabspi1/XC74981.ogg,gallery
XC163998,pabspi1,Synallaxis albescens,Pale-breasted Spinetail,Danny Zapata-Henao,4.0,6.1385,-75.6087,data/BirdClef/train_audio/pabspi1/XC163998.ogg,gallery
XC202024,pabspi1,Synallaxis albescens,Pale-breasted Spinetail,Danny Zapata-Henao,4.0,6.2673,-75.5835,data/BirdClef/train_audio/pabspi1/XC202024.ogg,gallery
XC288225,pabspi1,Synallaxis albescens,Pale-breasted Spinetail,Danny Zapata-Henao,3.5,6.4055,-75.1477,data/BirdClef/train_audio/pabspi1/XC288225.ogg,gallery
XC785601,pabspi1,Synallaxis albescens,Pale-breasted Spinetail,Fabian Cote Navarro,5.0,7.0994,-73.0847,data/BirdClef/train_audio/pabspi1/XC785601.ogg,gallery
XC837619,pabspi1,Synallaxis albescens,Pale-breasted Spinetail,Francisco contreras,5.0,7.803,-72.1986,data/BirdClef/train_audio/pabspi1/XC837619.ogg,gallery
XC66029,pabspi1,Synallaxis albescens,Pale-breasted Spinetail,Daniel Lane,5.0,8.874,-68.258,data/BirdClef/train_audio/pabspi1/XC66029.ogg,gallery
XC66027,pabspi1,Synallaxis albescens,Pale-breasted Spinetail,Daniel Lane,5.0,8.874,-68.258,data/BirdClef/train_audio/pabspi1/XC66027.ogg,gallery
XC66030,pabspi1,Synallaxis albescens,Pale-breasted Spinetail,Daniel Lane,4.0,8.874,-68.258,data/BirdClef/train_audio/pabspi1/XC66030.ogg,gallery
XC278656,pabspi1,Synallaxis albescens,Pale-breasted Spinetail,Oscar Campbell,5.0,9.4394,-84.1605,data/BirdClef/train_audio/pabspi1/XC278656.ogg,gallery
XC721789,pabspi1,Synallaxis albescens,Pale-breasted Spinetail,Jerome Fischer,4.0,9.7285,-84.5187,data/BirdClef/train_audio/pabspi1/XC721789.ogg,gallery
XC524086,pabspi1,Synallaxis albescens,Pale-breasted Spinetail,Mauricio Álvarez-Rebolledo (Colección de Sonidos Ambientales - Instituto Humboldt),4.0,9.9,-75.1167,data/BirdClef/train_audio/pabspi1/XC524086.ogg,gallery
XC524085,pabspi1,Synallaxis albescens,Pale-breasted Spinetail,Mauricio Álvarez-Rebolledo (Colección de Sonidos Ambientales - Instituto Humboldt),4.0,9.9,-75.1167,data/BirdClef/train_audio/pabspi1/XC524085.ogg,gallery
XC154276,pabspi1,Synallaxis albescens,Pale-breasted Spinetail,Albert Lastukhin,4.0,9.9039,-71.1039,data/BirdClef/train_audio/pabspi1/XC154276.ogg,gallery
XC139767,pabspi1,Synallaxis albescens,Pale-breasted Spinetail,Albert Lastukhin,3.0,10.0339,-69.5648,data/BirdClef/train_audio/pabspi1/XC139767.ogg,gallery
XC192269,pabspi1,Synallaxis albescens,Pale-breasted Spinetail,Thore Noernberg,4.0,10.1988,-63.4418,data/BirdClef/train_audio/pabspi1/XC192269.ogg,gallery
XC444973,pabspi1,Synallaxis albescens,Pale-breasted Spinetail,Jerome Fischer,5.0,11.096,-74.0822,data/BirdClef/train_audio/pabspi1/XC444973.ogg,gallery
XC353740,pabspi1,Synallaxis albescens,Pale-breasted Spinetail,Ross Gallardy,5.0,11.1057,-74.0421,data/BirdClef/train_audio/pabspi1/XC353740.ogg,gallery
XC316452,pabspi1,Synallaxis albescens,Pale-breasted Spinetail,Guy Kirwan,4.0,11.1118,-74.0976,data/BirdClef/train_audio/pabspi1/XC316452.ogg,gallery
XC479882,pabspi1,Synallaxis albescens,Pale-breasted Spinetail,Rolf A. de By,5.0,11.1118,-74.0976,data/BirdClef/train_audio/pabspi1/XC479882.ogg,gallery
XC479881,pabspi1,Synallaxis albescens,Pale-breasted Spinetail,Rolf A. de By,5.0,11.1118,-74.0976,data/BirdClef/train_audio/pabspi1/XC479881.ogg,gallery
XC331807,pabspi1,Synallaxis albescens,Pale-breasted Spinetail,Diego Calderon-F.,4.0,11.4317,-73.0714,data/BirdClef/train_audio/pabspi1/XC331807.ogg,gallery
XC629974,pabspi1,Synallaxis albescens,Pale-breasted Spinetail,Francisco contreras,5.0,11.4947,-69.5128,data/BirdClef/train_audio/pabspi1/XC629974.ogg,gallery
XC581867,pabspi1,Synallaxis albescens,Pale-breasted Spinetail,Francisco contreras,4.0,11.4947,-69.5128,data/BirdClef/train_audio/pabspi1/XC581867.ogg,gallery
XC579433,pabspi1,Synallaxis albescens,Pale-breasted Spinetail,Francisco contreras,4.0,11.4947,-69.5128,data/BirdClef/train_audio/pabspi1/XC579433.ogg,gallery
XC837801,pabspi1,Synallaxis albescens,Pale-breasted Spinetail,Francisco contreras,5.0,11.8168,-69.9414,data/BirdClef/train_audio/pabspi1/XC837801.ogg,gallery
XC202263,pirfly1,Legatus leucophaius,Piratic Flycatcher,João Gava Just,4.0,-28.6431,-49.471,data/BirdClef/train_audio/pirfly1/XC202263.ogg,gallery
XC176292,pirfly1,Legatus leucophaius,Piratic Flycatcher,João Antônio de B. Vitto,4.0,-28.5186,-49.3243,data/BirdClef/train_audio/pirfly1/XC176292.ogg,gallery
XC484284,pirfly1,Legatus leucophaius,Piratic Flycatcher,Rosendo Manuel Fraga,4.0,-26.8071,-54.1043,data/BirdClef/train_audio/pirfly1/XC484284.ogg,gallery
XC170466,pirfly1,Legatus leucophaius,Piratic Flycatcher,Antonio de Almeida Correia Junior,4.0,-26.4895,-52.2009,data/BirdClef/train_audio/pirfly1/XC170466.ogg,gallery
XC196097,pirfly1,Legatus leucophaius,Piratic Flycatcher,André J. Pieri,4.0,-25.6919,-53.8499,data/BirdClef/train_audio/pirfly1/XC196097.ogg,gallery
XC477336,pirfly1,Legatus leucophaius,Piratic Flycatcher,Rosendo Manuel Fraga,4.0,-24.2886,-64.3886,data/BirdClef/train_audio/pirfly1/XC477336.ogg,gallery
XC611401,pirfly1,Legatus leucophaius,Piratic Flycatcher,Dante Buzzetti,3.0,-24.1859,-46.9118,data/BirdClef/train_audio/pirfly1/XC611401.ogg,gallery
XC206136,pirfly1,Legatus leucophaius,Piratic Flycatcher,Jeremy Minns,4.5,-24.1834,-46.9001,data/BirdClef/train_audio/pirfly1/XC206136.ogg,gallery
XC82142,pirfly1,Legatus leucophaius,Piratic Flycatcher,Jeremy Minns,3.5,-24.1834,-46.9001,data/BirdClef/train_audio/pirfly1/XC82142.ogg,gallery
XC187991,pirfly1,Legatus leucophaius,Piratic Flycatcher,Marcos Melo,3.5,-23.9557,-46.6503,data/BirdClef/train_audio/pirfly1/XC187991.ogg,gallery
XC155528,pirfly1,Legatus leucophaius,Piratic Flycatcher,Eduardo D. Schultz,3.0,-23.8312,-45.3495,data/BirdClef/train_audio/pirfly1/XC155528.ogg,gallery
XC206137,pirfly1,Legatus leucophaius,Piratic Flycatcher,Jeremy Minns,4.0,-23.6334,-45.8667,data/BirdClef/train_audio/pirfly1/XC206137.ogg,gallery
XC890921,pirfly1,Legatus leucophaius,Piratic Flycatcher,Dante Buzzetti,4.0,-23.5481,-45.2976,data/BirdClef/train_audio/pirfly1/XC890921.ogg,gallery
XC210080,pirfly1,Legatus leucophaius,Piratic Flycatcher,Jeremy Minns,4.5,-23.5111,-45.174,data/BirdClef/train_audio/pirfly1/XC210080.ogg,gallery
XC206133,pirfly1,Legatus leucophaius,Piratic Flycatcher,Jeremy Minns,5.0,-23.4727,-45.1892,data/BirdClef/train_audio/pirfly1/XC206133.ogg,gallery
XC305388,pirfly1,Legatus leucophaius,Piratic Flycatcher,Jeremy Minns,3.5,-23.4727,-45.1892,data/BirdClef/train_audio/pirfly1/XC305388.ogg,gallery
XC82246,pirfly1,Legatus leucophaius,Piratic Flycatcher,Jeremy Minns,3.5,-23.4727,-45.1892,data/BirdClef/train_audio/pirfly1/XC82246.ogg,gallery
XC82245,pirfly1,Legatus leucophaius,Piratic Flycatcher,Jeremy Minns,3.5,-23.4727,-45.1892,data/BirdClef/train_audio/pirfly1/XC82245.ogg,gallery
XC678133,pirfly1,Legatus leucophaius,Piratic Flycatcher,JAYRSON ARAUJO DE OLIVEIRA,4.5,-23.462,-45.167,data/BirdClef/train_audio/pirfly1/XC678133.ogg,gallery
XC678131,pirfly1,Legatus leucophaius,Piratic Flycatcher,JAYRSON ARAUJO DE OLIVEIRA,4.5,-23.462,-45.167,data/BirdClef/train_audio/pirfly1/XC678131.ogg,gallery
XC285192,pirfly1,Legatus leucophaius,Piratic Flycatcher,Jerome Fischer,5.0,-23.397,-45.064,data/BirdClef/train_audio/pirfly1/XC285192.ogg,gallery
XC1017616,pirfly1,Legatus leucophaius,Piratic Flycatcher,Dante Buzzetti,4.0,-23.375,-46.4883,data/BirdClef/train_audio/pirfly1/XC1017616.ogg,gallery
XC895859,pirfly1,Legatus leucophaius,Piratic Flycatcher,Dante Buzzetti,4.0,-23.375,-46.4883,data/BirdClef/train_audio/pirfly1/XC895859.ogg,gallery
XC206138,pirfly1,Legatus leucophaius,Piratic Flycatcher,Jeremy Minns,3.5,-23.3731,-44.9689,data/BirdClef/train_audio/pirfly1/XC206138.ogg,gallery
XC589780,pirfly1,Legatus leucophaius,Piratic Flycatcher,Marcos Melo,4.5,-23.0254,-44.5558,data/BirdClef/train_audio/pirfly1/XC589780.ogg,gallery
XC973611,pirfly1,Legatus leucophaius,Piratic Flycatcher,Rodrigo Dela Rosa,4.0,-23.0235,-45.9726,data/BirdClef/train_audio/pirfly1/XC973611.ogg,gallery
XC678119,pirfly1,Legatus leucophaius,Piratic Flycatcher,JAYRSON ARAUJO DE OLIVEIRA,5.0,-23.0167,-44.5167,data/BirdClef/train_audio/pirfly1/XC678119.ogg,gallery
XC447911,pirfly1,Legatus leucophaius,Piratic Flycatcher,Victor Antonelli,5.0,-22.8842,-48.4442,data/BirdClef/train_audio/pirfly1/XC447911.ogg,gallery
XC344127,pirfly1,Legatus leucophaius,Piratic Flycatcher,Rodrigo Dela Rosa,3.5,-22.8745,-45.8655,data/BirdClef/train_audio/pirfly1/XC344127.ogg,gallery
XC253139,pirfly1,Legatus leucophaius,Piratic Flycatcher,Eric DeFonso,4.5,-22.4508,-42.7735,data/BirdClef/train_audio/pirfly1/XC253139.ogg,gallery
XC131343,pirfly1,Legatus leucophaius,Piratic Flycatcher,Eric DeFonso,5.0,-22.4508,-42.7735,data/BirdClef/train_audio/pirfly1/XC131343.ogg,gallery
XC131322,pirfly1,Legatus leucophaius,Piratic Flycatcher,Eric DeFonso,5.0,-22.4508,-42.7735,data/BirdClef/train_audio/pirfly1/XC131322.ogg,gallery
XC131097,pirfly1,Legatus leucophaius,Piratic Flycatcher,Eric DeFonso,4.0,-22.4508,-42.7735,data/BirdClef/train_audio/pirfly1/XC131097.ogg,gallery
XC130862,pirfly1,Legatus leucophaius,Piratic Flycatcher,Eric DeFonso,3.0,-22.4508,-42.7735,data/BirdClef/train_audio/pirfly1/XC130862.ogg,gallery
XC288951,pirfly1,Legatus leucophaius,Piratic Flycatcher,Jerome Fischer,5.0,-22.4508,-42.7735,data/BirdClef/train_audio/pirfly1/XC288951.ogg,gallery
XC288202,pirfly1,Legatus leucophaius,Piratic Flycatcher,Jerome Fischer,4.5,-22.4508,-42.7735,data/BirdClef/train_audio/pirfly1/XC288202.ogg,gallery
XC388734,pirfly1,Legatus leucophaius,Piratic Flycatcher,Bobby Wilcox,4.0,-22.4179,-42.7379,data/BirdClef/train_audio/pirfly1/XC388734.ogg,gallery
XC503655,pirfly1,Legatus leucophaius,Piratic Flycatcher,Ricardo José Mitidieri,5.0,-22.4176,-44.7243,data/BirdClef/train_audio/pirfly1/XC503655.ogg,gallery
XC115776,pirfly1,Legatus leucophaius,Piratic Flycatcher,Noé Eiterer,4.0,-20.79,-42.8882,data/BirdClef/train_audio/pirfly1/XC115776.ogg,gallery
XC299076,pirfly1,Legatus leucophaius,Piratic Flycatcher,Fernando Igor de Godoy,4.0,-20.442,-52.8782,data/BirdClef/train_audio/pirfly1/XC299076.ogg,gallery
XC863770,pirfly1,Legatus leucophaius,Piratic Flycatcher,JAYRSON ARAUJO DE OLIVEIRA,4.5,-18.9287,-51.679,data/BirdClef/train_audio/pirfly1/XC863770.ogg,gallery
XC863741,pirfly1,Legatus leucophaius,Piratic Flycatcher,JAYRSON ARAUJO DE OLIVEIRA,4.5,-18.9287,-51.679,data/BirdClef/train_audio/pirfly1/XC863741.ogg,gallery
XC863719,pirfly1,Legatus leucophaius,Piratic Flycatcher,JAYRSON ARAUJO DE OLIVEIRA,5.0,-18.9287,-51.679,data/BirdClef/train_audio/pirfly1/XC863719.ogg,gallery
XC838434,pirfly1,Legatus leucophaius,Piratic Flycatcher,JAYRSON ARAUJO DE OLIVEIRA,4.5,-18.9287,-51.679,data/BirdClef/train_audio/pirfly1/XC838434.ogg,gallery
XC164869,pirfly1,Legatus leucophaius,Piratic Flycatcher,Christian Regis da Silva,3.0,-18.8581,-43.396,data/BirdClef/train_audio/pirfly1/XC164869.ogg,gallery
XC2577,pirfly1,Legatus leucophaius,Piratic Flycatcher,Sjoerd Mayer,4.5,-17.468,-63.661,data/BirdClef/train_audio/pirfly1/XC2577.ogg,gallery
XC471082,pirfly1,Legatus leucophaius,Piratic Flycatcher,Rolf A. de By,4.0,-17.1028,-64.7792,data/BirdClef/train_audio/pirfly1/XC471082.ogg,gallery
XC407701,pirfly1,Legatus leucophaius,Piratic Flycatcher,JAYRSON ARAUJO DE OLIVEIRA,4.5,-16.62,-56.732,data/BirdClef/train_audio/pirfly1/XC407701.ogg,gallery
XC704366,pirfly1,Legatus leucophaius,Piratic Flycatcher,JAYRSON ARAUJO DE OLIVEIRA,4.5,-16.6003,-49.2802,data/BirdClef/train_audio/pirfly1/XC704366.ogg,gallery
XC704365,pirfly1,Legatus leucophaius,Piratic Flycatcher,JAYRSON ARAUJO DE OLIVEIRA,4.5,-16.6003,-49.2802,data/BirdClef/train_audio/pirfly1/XC704365.ogg,gallery
XC757297,pirfly1,Legatus leucophaius,Piratic Flycatcher,JAYRSON ARAUJO DE OLIVEIRA,3.5,-16.5456,-49.1572,data/BirdClef/train_audio/pirfly1/XC757297.ogg,gallery
XC705746,pirfly1,Legatus leucophaius,Piratic Flycatcher,Fernando Igor de Godoy,5.0,-16.4525,-39.2554,data/BirdClef/train_audio/pirfly1/XC705746.ogg,gallery
XC325461,pirfly1,Legatus leucophaius,Piratic Flycatcher,Fernando Igor de Godoy,5.0,-16.4525,-39.2554,data/BirdClef/train_audio/pirfly1/XC325461.ogg,gallery
XC356446,pirfly1,Legatus leucophaius,Piratic Flycatcher,Daniel Blamires,3.0,-16.4456,-51.1201,data/BirdClef/train_audio/pirfly1/XC356446.ogg,gallery
XC675142,pirfly1,Legatus leucophaius,Piratic Flycatcher,JAYRSON ARAUJO DE OLIVEIRA,4.5,-16.4314,-49.1459,data/BirdClef/train_audio/pirfly1/XC675142.ogg,gallery
XC325460,pirfly1,Legatus leucophaius,Piratic Flycatcher,Fernando Igor de Godoy,4.0,-16.2891,-39.335,data/BirdClef/train_audio/pirfly1/XC325460.ogg,gallery
XC401102,pirfly1,Legatus leucophaius,Piratic Flycatcher,Breno Dias Vitorino,4.0,-15.6421,-57.1899,data/BirdClef/train_audio/pirfly1/XC401102.ogg,gallery
XC345972,pirfly1,Legatus leucophaius,Piratic Flycatcher,Pedro Diniz,5.0,-15.518,-47.9734,data/BirdClef/train_audio/pirfly1/XC345972.ogg,gallery
XC506364,pirfly1,Legatus leucophaius,Piratic Flycatcher,JAYRSON ARAUJO DE OLIVEIRA,4.5,-15.2144,-51.1947,data/BirdClef/train_audio/pirfly1/XC506364.ogg,gallery
XC704008,pirfly1,Legatus leucophaius,Piratic Flycatcher,Richard E. Webster,3.5,-14.7949,-64.9745,data/BirdClef/train_audio/pirfly1/XC704008.ogg,gallery
XC704014,pirfly1,Legatus leucophaius,Piratic Flycatcher,Richard E. Webster,4.5,-14.7306,-64.947,data/BirdClef/train_audio/pirfly1/XC704014.ogg,gallery
XC704011,pirfly1,Legatus leucophaius,Piratic Flycatcher,Richard E. Webster,4.5,-14.7306,-64.947,data/BirdClef/train_audio/pirfly1/XC704011.ogg,gallery
XC354366,pirfly1,Legatus leucophaius,Piratic Flycatcher,Mateus G. Santos ,5.0,-14.5458,-40.271,data/BirdClef/train_audio/pirfly1/XC354366.ogg,gallery
XC859262,pirfly1,Legatus leucophaius,Piratic Flycatcher,Richard E. Webster,4.0,-14.4259,-67.9167,data/BirdClef/train_audio/pirfly1/XC859262.ogg,gallery
XC838000,pirfly1,Legatus leucophaius,Piratic Flycatcher,JAYRSON ARAUJO DE OLIVEIRA,3.5,-14.0858,-50.8244,data/BirdClef/train_audio/pirfly1/XC838000.ogg,gallery
XC91,pirfly1,Legatus leucophaius,Piratic Flycatcher,Bob Planqué,4.0,-12.856,-69.362,data/BirdClef/train_audio/pirfly1/XC91.ogg,gallery
XC962955,pirfly1,Legatus leucophaius,Piratic Flycatcher,Richard E. Webster,4.5,-12.5358,-69.0499,data/BirdClef/train_audio/pirfly1/XC962955.ogg,gallery
XC63591,pirfly1,Legatus leucophaius,Piratic Flycatcher,Joseph Tobias and Nathalie Seddon,4.0,-11.8667,-71.3667,data/BirdClef/train_audio/pirfly1/XC63591.ogg,gallery
XC63590,pirfly1,Legatus leucophaius,Piratic Flycatcher,Joseph Tobias and Nathalie Seddon,4.0,-11.8667,-71.3667,data/BirdClef/train_audio/pirfly1/XC63590.ogg,gallery
XC482224,pirfly1,Legatus leucophaius,Piratic Flycatcher,Fernando Igor de Godoy,4.0,-11.7553,-37.6615,data/BirdClef/train_audio/pirfly1/XC482224.ogg,gallery
XC808641,pirfly1,Legatus leucophaius,Piratic Flycatcher,Dante Buzzetti,4.0,-9.642,-50.1294,data/BirdClef/train_audio/pirfly1/XC808641.ogg,gallery
XC432582,pirfly1,Legatus leucophaius,Piratic Flycatcher,Bobby Wilcox,5.0,-9.6296,-55.9504,data/BirdClef/train_audio/pirfly1/XC432582.ogg,gallery
XC521568,pirfly1,Legatus leucophaius,Piratic Flycatcher,Jarrod Swackhamer,5.0,-9.5981,-55.932,data/BirdClef/train_audio/pirfly1/XC521568.ogg,gallery
XC834199,pirfly1,Legatus leucophaius,Piratic Flycatcher,Dante Buzzetti,4.0,-9.5937,-50.1049,data/BirdClef/train_audio/pirfly1/XC834199.ogg,gallery
XC490298,pirfly1,Legatus leucophaius,Piratic Flycatcher,Dante Buzzetti,4.0,-9.545,-70.089,data/BirdClef/train_audio/pirfly1/XC490298.ogg,gallery
XC574619,pirfly1,Legatus leucophaius,Piratic Flycatcher,Guilherme Santos Toledo de Lima,5.0,-9.5176,-35.9174,data/BirdClef/train_audio/pirfly1/XC574619.ogg,gallery
XC697447,pirfly1,Legatus leucophaius,Piratic Flycatcher,JAYRSON ARAUJO DE OLIVEIRA,4.5,-9.2524,-36.4187,data/BirdClef/train_audio/pirfly1/XC697447.ogg,gallery
XC697437,pirfly1,Legatus leucophaius,Piratic Flycatcher,JAYRSON ARAUJO DE OLIVEIRA,4.0,-9.2524,-36.4187,data/BirdClef/train_audio/pirfly1/XC697437.ogg,gallery
XC697199,pirfly1,Legatus leucophaius,Piratic Flycatcher,JAYRSON ARAUJO DE OLIVEIRA,3.5,-9.2162,-35.8741,data/BirdClef/train_audio/pirfly1/XC697199.ogg,gallery
XC605701,pirfly1,Legatus leucophaius,Piratic Flycatcher,Dante Buzzetti,4.0,-9.1992,-35.8871,data/BirdClef/train_audio/pirfly1/XC605701.ogg,gallery
XC537833,pirfly1,Legatus leucophaius,Piratic Flycatcher,Fernando Igor de Godoy,4.0,-8.7512,-68.9938,data/BirdClef/train_audio/pirfly1/XC537833.ogg,gallery
XC648687,pirfly1,Legatus leucophaius,Piratic Flycatcher,Dante Buzzetti,4.0,-8.5496,-49.4095,data/BirdClef/train_audio/pirfly1/XC648687.ogg,gallery
XC1044054,pirfly1,Legatus leucophaius,Piratic Flycatcher,JAYRSON ARAUJO DE OLIVEIRA,5.0,-8.2542,-63.9717,data/BirdClef/train_audio/pirfly1/XC1044054.ogg,gallery
XC1035218,pirfly1,Legatus leucophaius,Piratic Flycatcher,JAYRSON ARAUJO DE OLIVEIRA,5.0,-7.1545,-48.6915,data/BirdClef/train_audio/pirfly1/XC1035218.ogg,gallery
XC1035213,pirfly1,Legatus leucophaius,Piratic Flycatcher,JAYRSON ARAUJO DE OLIVEIRA,4.5,-7.1545,-48.6915,data/BirdClef/train_audio/pirfly1/XC1035213.ogg,gallery
XC493175,pirfly1,Legatus leucophaius,Piratic Flycatcher,JAYRSON ARAUJO DE OLIVEIRA,3.0,-7.0908,-48.2134,data/BirdClef/train_audio/pirfly1/XC493175.ogg,gallery
XC944068,pirfly1,Legatus leucophaius,Piratic Flycatcher,JAYRSON ARAUJO DE OLIVEIRA,5.0,-6.7455,-46.9907,data/BirdClef/train_audio/pirfly1/XC944068.ogg,gallery
XC944067,pirfly1,Legatus leucophaius,Piratic Flycatcher,JAYRSON ARAUJO DE OLIVEIRA,4.5,-6.7455,-46.9907,data/BirdClef/train_audio/pirfly1/XC944067.ogg,gallery
XC944066,pirfly1,Legatus leucophaius,Piratic Flycatcher,JAYRSON ARAUJO DE OLIVEIRA,4.5,-6.7455,-46.9907,data/BirdClef/train_audio/pirfly1/XC944066.ogg,gallery
XC944065,pirfly1,Legatus leucophaius,Piratic Flycatcher,JAYRSON ARAUJO DE OLIVEIRA,5.0,-6.7455,-46.9907,data/BirdClef/train_audio/pirfly1/XC944065.ogg,gallery
XC769392,pirfly1,Legatus leucophaius,Piratic Flycatcher,JAYRSON ARAUJO DE OLIVEIRA,4.5,-6.3761,-47.1085,data/BirdClef/train_audio/pirfly1/XC769392.ogg,gallery
XC1034722,pirfly1,Legatus leucophaius,Piratic Flycatcher,JAYRSON ARAUJO DE OLIVEIRA,4.5,-5.7717,-47.4806,data/BirdClef/train_audio/pirfly1/XC1034722.ogg,gallery
XC1034586,pirfly1,Legatus leucophaius,Piratic Flycatcher,JAYRSON ARAUJO DE OLIVEIRA,5.0,-5.7717,-47.4806,data/BirdClef/train_audio/pirfly1/XC1034586.ogg,gallery
XC1034568,pirfly1,Legatus leucophaius,Piratic Flycatcher,JAYRSON ARAUJO DE OLIVEIRA,5.0,-5.7717,-47.4806,data/BirdClef/train_audio/pirfly1/XC1034568.ogg,gallery
XC11350,pirfly1,Legatus leucophaius,Piratic Flycatcher,Todd Mark,4.0,-4.9548,-78.9792,data/BirdClef/train_audio/pirfly1/XC11350.ogg,gallery
XC345794,pirfly1,Legatus leucophaius,Piratic Flycatcher,Leonardo Ordóñez-Delgado,5.0,-4.6767,-79.1187,data/BirdClef/train_audio/pirfly1/XC345794.ogg,gallery
XC341354,pirfly1,Legatus leucophaius,Piratic Flycatcher,Leonardo Ordóñez-Delgado,5.0,-4.5763,-79.1345,data/BirdClef/train_audio/pirfly1/XC341354.ogg,gallery
XC566178,pirfly1,Legatus leucophaius,Piratic Flycatcher,Peter de Rouw,5.0,-4.3031,-78.6425,data/BirdClef/train_audio/pirfly1/XC566178.ogg,gallery
XC438578,pirfly1,Legatus leucophaius,Piratic Flycatcher,Jerome Fischer,5.0,-4.2889,-70.2948,data/BirdClef/train_audio/pirfly1/XC438578.ogg,gallery
XC437379,pirfly1,Legatus leucophaius,Piratic Flycatcher,Jerome Fischer,5.0,-4.2889,-70.2948,data/BirdClef/train_audio/pirfly1/XC437379.ogg,gallery
XC974449,pirfly1,Legatus leucophaius,Piratic Flycatcher,JAYRSON ARAUJO DE OLIVEIRA,4.5,-4.1072,-41.7034,data/BirdClef/train_audio/pirfly1/XC974449.ogg,gallery
XC208624,pirfly1,Legatus leucophaius,Piratic Flycatcher,Jerome Fischer,5.0,-4.0908,-78.9588,data/BirdClef/train_audio/pirfly1/XC208624.ogg,gallery
XC161364,pirfly1,Legatus leucophaius,Piratic Flycatcher,Leonardo Ordóñez-Delgado,5.0,-4.0175,-78.8788,data/BirdClef/train_audio/pirfly1/XC161364.ogg,gallery
XC550057,pirfly1,Legatus leucophaius,Piratic Flycatcher,Peter de Rouw,4.0,-3.833,-78.7722,data/BirdClef/train_audio/pirfly1/XC550057.ogg,gallery
XC550056,pirfly1,Legatus leucophaius,Piratic Flycatcher,Peter de Rouw,4.0,-3.833,-78.7722,data/BirdClef/train_audio/pirfly1/XC550056.ogg,gallery
XC166765,pirfly1,Legatus leucophaius,Piratic Flycatcher,Leonardo Ordóñez-Delgado,5.0,-3.0936,-78.3951,data/BirdClef/train_audio/pirfly1/XC166765.ogg,gallery
XC166764,pirfly1,Legatus leucophaius,Piratic Flycatcher,Leonardo Ordóñez-Delgado,4.5,-3.0936,-78.3951,data/BirdClef/train_audio/pirfly1/XC166764.ogg,gallery
XC120609,pirfly1,Legatus leucophaius,Piratic Flycatcher,Jeremy Minns,3.0,-3.06,-60.11,data/BirdClef/train_audio/pirfly1/XC120609.ogg,gallery
XC602794,pirfly1,Legatus leucophaius,Piratic Flycatcher,Peter de Rouw,5.0,-1.6796,-80.8023,data/BirdClef/train_audio/pirfly1/XC602794.ogg,gallery
XC259030,pirfly1,Legatus leucophaius,Piratic Flycatcher,John V. Moore,5.0,-1.035,-77.399,data/BirdClef/train_audio/pirfly1/XC259030.ogg,gallery
XC259028,pirfly1,Legatus leucophaius,Piratic Flycatcher,John V. Moore,5.0,-1.035,-77.399,data/BirdClef/train_audio/pirfly1/XC259028.ogg,gallery
XC259031,pirfly1,Legatus leucophaius,Piratic Flycatcher,John V. Moore,5.0,-0.894,-77.725,data/BirdClef/train_audio/pirfly1/XC259031.ogg,gallery
XC198774,pirfly1,Legatus leucophaius,Piratic Flycatcher,Adrian Naveda-Rodriguez,3.0,-0.8103,-77.0171,data/BirdClef/train_audio/pirfly1/XC198774.ogg,gallery
XC610807,pirfly1,Legatus leucophaius,Piratic Flycatcher,Tom OShea,4.0,-0.5004,-77.2853,data/BirdClef/train_audio/pirfly1/XC610807.ogg,gallery
XC259029,pirfly1,Legatus leucophaius,Piratic Flycatcher,John V. Moore,5.0,-0.472,-76.459,data/BirdClef/train_audio/pirfly1/XC259029.ogg,gallery
XC259027,pirfly1,Legatus leucophaius,Piratic Flycatcher,John V. Moore,5.0,-0.472,-76.459,data/BirdClef/train_audio/pirfly1/XC259027.ogg,gallery
XC861241,pirfly1,Legatus leucophaius,Piratic Flycatcher,Juan Freile,4.0,-0.0113,-76.1737,data/BirdClef/train_audio/pirfly1/XC861241.ogg,gallery
XC525580,pirfly1,Legatus leucophaius,Piratic Flycatcher,Mauricio Álvarez-Rebolledo (Colección de Sonidos Ambientales - Instituto Humboldt),5.0,0.2131,-72.4236,data/BirdClef/train_audio/pirfly1/XC525580.ogg,gallery
XC525579,pirfly1,Legatus leucophaius,Piratic Flycatcher,Mauricio Álvarez-Rebolledo (Colección de Sonidos Ambientales - Instituto Humboldt),5.0,0.2131,-72.4236,data/BirdClef/train_audio/pirfly1/XC525579.ogg,gallery
XC525578,pirfly1,Legatus leucophaius,Piratic Flycatcher,Mauricio Álvarez-Rebolledo (Colección de Sonidos Ambientales - Instituto Humboldt),5.0,0.2131,-72.4236,data/BirdClef/train_audio/pirfly1/XC525578.ogg,gallery
XC525577,pirfly1,Legatus leucophaius,Piratic Flycatcher,Mauricio Álvarez-Rebolledo (Colección de Sonidos Ambientales - Instituto Humboldt),5.0,0.2131,-72.4236,data/BirdClef/train_audio/pirfly1/XC525577.ogg,gallery
XC525576,pirfly1,Legatus leucophaius,Piratic Flycatcher,Mauricio Álvarez-Rebolledo (Colección de Sonidos Ambientales - Instituto Humboldt),5.0,0.2131,-72.4236,data/BirdClef/train_audio/pirfly1/XC525576.ogg,gallery
XC525376,pirfly1,Legatus leucophaius,Piratic Flycatcher,Mauricio Álvarez-Rebolledo (Colección de Sonidos Ambientales - Instituto Humboldt),5.0,0.2131,-72.4236,data/BirdClef/train_audio/pirfly1/XC525376.ogg,gallery
XC525375,pirfly1,Legatus leucophaius,Piratic Flycatcher,Mauricio Álvarez-Rebolledo (Colección de Sonidos Ambientales - Instituto Humboldt),5.0,0.2131,-72.4236,data/BirdClef/train_audio/pirfly1/XC525375.ogg,gallery
XC992084,pirfly1,Legatus leucophaius,Piratic Flycatcher,Juan Freile,3.5,0.373,-79.6652,data/BirdClef/train_audio/pirfly1/XC992084.ogg,gallery
XC454048,pirfly1,Legatus leucophaius,Piratic Flycatcher,Luisa Fernanda Chavez Paz,3.0,0.4927,-76.4955,data/BirdClef/train_audio/pirfly1/XC454048.ogg,gallery
XC609543,pirfly1,Legatus leucophaius,Piratic Flycatcher,Mauricio Cuellar Ramirez (@Birding.travel),5.0,0.7002,-75.245,data/BirdClef/train_audio/pirfly1/XC609543.ogg,gallery
XC196278,pirfly1,Legatus leucophaius,Piratic Flycatcher,Leonardo Ordóñez-Delgado,5.0,0.892,-78.0771,data/BirdClef/train_audio/pirfly1/XC196278.ogg,gallery
XC420565,pirfly1,Legatus leucophaius,Piratic Flycatcher,Yair Guillermo Molina Martínez.,5.0,0.9382,-76.5938,data/BirdClef/train_audio/pirfly1/XC420565.ogg,gallery
XC961399,pirfly1,Legatus leucophaius,Piratic Flycatcher,Jaime Suárez ,5.0,1.0943,-70.0507,data/BirdClef/train_audio/pirfly1/XC961399.ogg,gallery
XC939694,pirfly1,Legatus leucophaius,Piratic Flycatcher,JAYRSON ARAUJO DE OLIVEIRA,5.0,1.4637,-60.9724,data/BirdClef/train_audio/pirfly1/XC939694.ogg,gallery
XC939693,pirfly1,Legatus leucophaius,Piratic Flycatcher,JAYRSON ARAUJO DE OLIVEIRA,5.0,1.4637,-60.9724,data/BirdClef/train_audio/pirfly1/XC939693.ogg,gallery
XC690990,pirfly1,Legatus leucophaius,Piratic Flycatcher,Mauricio Cuellar Ramirez (@Birding.travel),5.0,1.4898,-75.6801,data/BirdClef/train_audio/pirfly1/XC690990.ogg,gallery
XC589901,pirfly1,Legatus leucophaius,Piratic Flycatcher,Mauricio Cuellar Ramirez (@Birding.travel),5.0,1.4898,-75.6801,data/BirdClef/train_audio/pirfly1/XC589901.ogg,gallery
XC549929,pirfly1,Legatus leucophaius,Piratic Flycatcher,Mauricio Cuellar Ramirez (@Birding.travel),5.0,1.4898,-75.6801,data/BirdClef/train_audio/pirfly1/XC549929.ogg,gallery
XC928747,pirfly1,Legatus leucophaius,Piratic Flycatcher,Delaitre guillaume,3.0,3.602,-53.2592,data/BirdClef/train_audio/pirfly1/XC928747.ogg,gallery
XC456417,pirfly1,Legatus leucophaius,Piratic Flycatcher,Brice de la Croix,5.0,3.8518,-51.8894,data/BirdClef/train_audio/pirfly1/XC456417.ogg,gallery
XC148186,pirfly1,Legatus leucophaius,Piratic Flycatcher,Gary Stiles (Colección de Sonidos Ambientales - Instituto Humboldt),4.0,3.9506,-73.9667,data/BirdClef/train_audio/pirfly1/XC148186.ogg,gallery
XC1043156,pirfly1,Legatus leucophaius,Piratic Flycatcher,Delaitre guillaume,3.0,3.9902,-52.5904,data/BirdClef/train_audio/pirfly1/XC1043156.ogg,gallery
XC914478,pirfly1,Legatus leucophaius,Piratic Flycatcher,Delaitre guillaume,3.0,4.158,-52.6728,data/BirdClef/train_audio/pirfly1/XC914478.ogg,gallery
XC1053674,pirfly1,Legatus leucophaius,Piratic Flycatcher,Delaitre guillaume,3.0,4.2819,-52.2847,data/BirdClef/train_audio/pirfly1/XC1053674.ogg,gallery
XC571696,pirfly1,Legatus leucophaius,Piratic Flycatcher,Jerome Fischer,5.0,4.351,-74.652,data/BirdClef/train_audio/pirfly1/XC571696.ogg,gallery
XC570839,pirfly1,Legatus leucophaius,Piratic Flycatcher,Jerome Fischer,5.0,4.351,-74.652,data/BirdClef/train_audio/pirfly1/XC570839.ogg,gallery
XC568154,pirfly1,Legatus leucophaius,Piratic Flycatcher,Jerome Fischer,5.0,4.351,-74.652,data/BirdClef/train_audio/pirfly1/XC568154.ogg,gallery
XC568017,pirfly1,Legatus leucophaius,Piratic Flycatcher,Jerome Fischer,5.0,4.351,-74.652,data/BirdClef/train_audio/pirfly1/XC568017.ogg,gallery
XC552699,pirfly1,Legatus leucophaius,Piratic Flycatcher,Jerome Fischer,5.0,4.351,-74.652,data/BirdClef/train_audio/pirfly1/XC552699.ogg,gallery
XC544898,pirfly1,Legatus leucophaius,Piratic Flycatcher,Jerome Fischer,4.5,4.351,-74.652,data/BirdClef/train_audio/pirfly1/XC544898.ogg,gallery
XC540102,pirfly1,Legatus leucophaius,Piratic Flycatcher,Jerome Fischer,5.0,4.351,-74.652,data/BirdClef/train_audio/pirfly1/XC540102.ogg,gallery
XC424493,pirfly1,Legatus leucophaius,Piratic Flycatcher,Yair Guillermo Molina Martínez.,5.0,4.371,-75.2307,data/BirdClef/train_audio/pirfly1/XC424493.ogg,gallery
XC386647,pirfly1,Legatus leucophaius,Piratic Flycatcher,Yair Guillermo Molina Martínez.,4.5,4.379,-75.1349,data/BirdClef/train_audio/pirfly1/XC386647.ogg,gallery
XC423823,pirfly1,Legatus leucophaius,Piratic Flycatcher,Yair Guillermo Molina Martínez.,5.0,4.4192,-75.2178,data/BirdClef/train_audio/pirfly1/XC423823.ogg,gallery
XC542223,pirfly1,Legatus leucophaius,Piratic Flycatcher,C. Barrero-Rodriguez; X. Liberato-Ricaurte; S. Losada-Prado,3.5,4.4265,-75.2151,data/BirdClef/train_audio/pirfly1/XC542223.ogg,gallery
XC1039817,pirfly1,Legatus leucophaius,Piratic Flycatcher,Smily Varon,4.0,4.444,-72.6176,data/BirdClef/train_audio/pirfly1/XC1039817.ogg,gallery
XC980384,pirfly1,Legatus leucophaius,Piratic Flycatcher,Yair Guillermo Molina Martínez.,3.5,4.4683,-75.1976,data/BirdClef/train_audio/pirfly1/XC980384.ogg,gallery
XC980383,pirfly1,Legatus leucophaius,Piratic Flycatcher,Yair Guillermo Molina Martínez.,4.0,4.4683,-75.1976,data/BirdClef/train_audio/pirfly1/XC980383.ogg,gallery
XC913391,pirfly1,Legatus leucophaius,Piratic Flycatcher,Nelsy Niño R,4.5,4.5033,-73.3431,data/BirdClef/train_audio/pirfly1/XC913391.ogg,gallery
XC773178,pirfly1,Legatus leucophaius,Piratic Flycatcher,Alain Malengreau,4.5,4.5657,-52.4679,data/BirdClef/train_audio/pirfly1/XC773178.ogg,gallery
XC906770,pirfly1,Legatus leucophaius,Piratic Flycatcher,Wim Jacobs,5.0,4.5665,-52.4659,data/BirdClef/train_audio/pirfly1/XC906770.ogg,gallery
XC906763,pirfly1,Legatus leucophaius,Piratic Flycatcher,Wim Jacobs,5.0,4.5665,-52.4659,data/BirdClef/train_audio/pirfly1/XC906763.ogg,gallery
XC407360,pirfly1,Legatus leucophaius,Piratic Flycatcher,Brice de la Croix,4.0,4.7216,-52.3073,data/BirdClef/train_audio/pirfly1/XC407360.ogg,gallery
XC455151,pirfly1,Legatus leucophaius,Piratic Flycatcher,David Monroy Rengifo,5.0,4.843,-75.8187,data/BirdClef/train_audio/pirfly1/XC455151.ogg,gallery
XC816675,pirfly1,Legatus leucophaius,Piratic Flycatcher,David Monroy Rengifo,4.0,4.843,-75.8187,data/BirdClef/train_audio/pirfly1/XC816675.ogg,gallery
XC781245,pirfly1,Legatus leucophaius,Piratic Flycatcher,Geoffrey Monchaux,5.0,4.9142,-52.3624,data/BirdClef/train_audio/pirfly1/XC781245.ogg,gallery
XC386998,pirfly1,Legatus leucophaius,Piratic Flycatcher,Andres Angulo ,3.0,5.1267,-74.5707,data/BirdClef/train_audio/pirfly1/XC386998.ogg,gallery
XC244896,pirfly1,Legatus leucophaius,Piratic Flycatcher,Oscar Humberto Marín Gómez &amp; Juan Pablo López,4.0,5.145,-70.9575,data/BirdClef/train_audio/pirfly1/XC244896.ogg,gallery
XC244895,pirfly1,Legatus leucophaius,Piratic Flycatcher,Oscar Humberto Marín Gómez &amp; Juan Pablo López,3.0,5.145,-70.9575,data/BirdClef/train_audio/pirfly1/XC244895.ogg,gallery
XC450806,pirfly1,Legatus leucophaius,Piratic Flycatcher,Brice de la Croix,5.0,5.1567,-52.6698,data/BirdClef/train_audio/pirfly1/XC450806.ogg,gallery
XC387871,pirfly1,Legatus leucophaius,Piratic Flycatcher,Albert Lastukhin,3.0,5.6,-67.5931,data/BirdClef/train_audio/pirfly1/XC387871.ogg,gallery
XC387870,pirfly1,Legatus leucophaius,Piratic Flycatcher,Albert Lastukhin,3.0,5.6,-67.5931,data/BirdClef/train_audio/pirfly1/XC387870.ogg,gallery
XC387869,pirfly1,Legatus leucophaius,Piratic Flycatcher,Albert Lastukhin,3.0,5.6,-67.5931,data/BirdClef/train_audio/pirfly1/XC387869.ogg,gallery
XC387561,pirfly1,Legatus leucophaius,Piratic Flycatcher,Albert Lastukhin,3.0,5.6709,-67.5551,data/BirdClef/train_audio/pirfly1/XC387561.ogg,gallery
XC245262,pirfly1,Legatus leucophaius,Piratic Flycatcher,Oscar Humberto Marín Gómez &amp; Luis Hernán Carrasco Guanay,4.0,5.76,-72.2,data/BirdClef/train_audio/pirfly1/XC245262.ogg,gallery
XC429594,pirfly1,Legatus leucophaius,Piratic Flycatcher,Victor Vanegas,4.0,5.8334,-74.8667,data/BirdClef/train_audio/pirfly1/XC429594.ogg,gallery
XC433473,pirfly1,Legatus leucophaius,Piratic Flycatcher,Victor Vanegas,3.0,5.8334,-74.8667,data/BirdClef/train_audio/pirfly1/XC433473.ogg,gallery
XC827680,pirfly1,Legatus leucophaius,Piratic Flycatcher,Bobby Wilcox,4.0,5.9328,-74.8118,data/BirdClef/train_audio/pirfly1/XC827680.ogg,gallery
XC245410,pirfly1,Legatus leucophaius,Piratic Flycatcher,Oscar Humberto Marín Gómez &amp; Natalia Perez Amaya,4.0,6.28,-71.78,data/BirdClef/train_audio/pirfly1/XC245410.ogg,gallery
XC245406,pirfly1,Legatus leucophaius,Piratic Flycatcher,Oscar Humberto Marín Gómez &amp; Natalia Perez Amaya,4.0,6.28,-71.78,data/BirdClef/train_audio/pirfly1/XC245406.ogg,gallery
XC245350,pirfly1,Legatus leucophaius,Piratic Flycatcher,Oscar Humberto Marín Gómez &amp; Natalia Perez Amaya,3.0,6.28,-71.77,data/BirdClef/train_audio/pirfly1/XC245350.ogg,gallery
XC153983,pirfly1,Legatus leucophaius,Piratic Flycatcher,Marcelo Araya-Salas,4.0,8.4015,-83.3427,data/BirdClef/train_audio/pirfly1/XC153983.ogg,gallery
XC153977,pirfly1,Legatus leucophaius,Piratic Flycatcher,Marcelo Araya-Salas,4.0,8.4015,-83.3427,data/BirdClef/train_audio/pirfly1/XC153977.ogg,gallery
XC153976,pirfly1,Legatus leucophaius,Piratic Flycatcher,Marcelo Araya-Salas,4.0,8.4015,-83.3427,data/BirdClef/train_audio/pirfly1/XC153976.ogg,gallery
XC153978,pirfly1,Legatus leucophaius,Piratic Flycatcher,Marcelo Araya-Salas,3.0,8.4015,-83.3427,data/BirdClef/train_audio/pirfly1/XC153978.ogg,gallery
XC185840,pirfly1,Legatus leucophaius,Piratic Flycatcher,Mayron McKewy Mejía,5.0,8.7895,-82.9714,data/BirdClef/train_audio/pirfly1/XC185840.ogg,gallery
XC252015,pirfly1,Legatus leucophaius,Piratic Flycatcher,Mayron McKewy Mejía,3.5,9.0017,-79.5814,data/BirdClef/train_audio/pirfly1/XC252015.ogg,gallery
XC410860,pirfly1,Legatus leucophaius,Piratic Flycatcher,Nick Komar,3.5,9.0496,-79.6342,data/BirdClef/train_audio/pirfly1/XC410860.ogg,gallery
XC199060,pirfly1,Legatus leucophaius,Piratic Flycatcher,Guillermo Funes,5.0,9.3484,-82.2553,data/BirdClef/train_audio/pirfly1/XC199060.ogg,gallery
XC471373,pirfly1,Legatus leucophaius,Piratic Flycatcher,Alfonso Auerbach,4.0,13.242,-87.061,data/BirdClef/train_audio/pirfly1/XC471373.ogg,gallery
XC240863,pirfly1,Legatus leucophaius,Piratic Flycatcher,John van Dort,5.0,13.2588,-87.0683,data/BirdClef/train_audio/pirfly1/XC240863.ogg,gallery
XC309685,pirfly1,Legatus leucophaius,Piratic Flycatcher,Alfonso Auerbach,4.0,14.7885,-84.5098,data/BirdClef/train_audio/pirfly1/XC309685.ogg,gallery
XC309684,pirfly1,Legatus leucophaius,Piratic Flycatcher,Alfonso Auerbach,3.0,14.7885,-84.5098,data/BirdClef/train_audio/pirfly1/XC309684.ogg,gallery
XC316770,pirfly1,Legatus leucophaius,Piratic Flycatcher,Alfonso Auerbach,3.0,14.9362,-87.8897,data/BirdClef/train_audio/pirfly1/XC316770.ogg,gallery
XC333930,pirfly1,Legatus leucophaius,Piratic Flycatcher,Richard E. Webster,3.5,15.5927,-92.8492,data/BirdClef/train_audio/pirfly1/XC333930.ogg,gallery
XC333926,pirfly1,Legatus leucophaius,Piratic Flycatcher,Richard E. Webster,3.5,15.5927,-92.8492,data/BirdClef/train_audio/pirfly1/XC333926.ogg,gallery
XC28554,pirfly1,Legatus leucophaius,Piratic Flycatcher,Daniel Lane,5.0,16.7812,-88.4587,data/BirdClef/train_audio/pirfly1/XC28554.ogg,gallery
XC28570,pirfly1,Legatus leucophaius,Piratic Flycatcher,Daniel Lane,3.5,16.7812,-88.4587,data/BirdClef/train_audio/pirfly1/XC28570.ogg,gallery
XC964407,pirfly1,Legatus leucophaius,Piratic Flycatcher,Bill Pyle,4.0,16.8997,-90.9671,data/BirdClef/train_audio/pirfly1/XC964407.ogg,gallery
XC797348,pirfly1,Legatus leucophaius,Piratic Flycatcher,Paul Driver,4.0,17.1011,-89.0494,data/BirdClef/train_audio/pirfly1/XC797348.ogg,gallery
XC925759,pirfly1,Legatus leucophaius,Piratic Flycatcher,Richard E. Webster,4.0,17.6305,-96.3687,data/BirdClef/train_audio/pirfly1/XC925759.ogg,gallery
XC896090,pirfly1,Legatus leucophaius,Piratic Flycatcher,Manuel Grosselet,5.0,17.7289,-96.3308,data/BirdClef/train_audio/pirfly1/XC896090.ogg,gallery
XC896089,pirfly1,Legatus leucophaius,Piratic Flycatcher,Manuel Grosselet,5.0,17.7289,-96.3308,data/BirdClef/train_audio/pirfly1/XC896089.ogg,gallery
XC896088,pirfly1,Legatus leucophaius,Piratic Flycatcher,Manuel Grosselet,5.0,17.7289,-96.3308,data/BirdClef/train_audio/pirfly1/XC896088.ogg,gallery
XC615929,roahaw,Rupornis magnirostris,Roadside Hawk,Bruce McCulloch,3.5,-23.6521,-46.6919,data/BirdClef/train_audio/roahaw/XC615929.ogg,gallery
XC764067,roahaw,Rupornis magnirostris,Roadside Hawk,Arcadio Marin ,5.0,4.9295,-73.9805,data/BirdClef/train_audio/roahaw/XC764067.ogg,gallery
XC774203,roahaw,Rupornis magnirostris,Roadside Hawk,Paul Driver,4.0,17.539,-89.1111,data/BirdClef/train_audio/roahaw/XC774203.ogg,gallery
XC677014,roahaw,Rupornis magnirostris,Roadside Hawk,Dante Buzzetti,3.0,-25.0984,-49.2401,data/BirdClef/train_audio/roahaw/XC677014.ogg,gallery
XC117959,roahaw,Rupornis magnirostris,Roadside Hawk,Mauricio Álvarez Rebolledo (Colección de Sonidos Ambientales - Instituto Humboldt),5.0,4.6092,-67.8644,data/BirdClef/train_audio/roahaw/XC117959.ogg,gallery
XC135812,roahaw,Rupornis magnirostris,Roadside Hawk,Scott Olmstead,3.5,-2.2358,-78.0426,data/BirdClef/train_audio/roahaw/XC135812.ogg,gallery
XC895866,roahaw,Rupornis magnirostris,Roadside Hawk,Dante Buzzetti,4.0,-23.5872,-46.9094,data/BirdClef/train_audio/roahaw/XC895866.ogg,gallery
XC117736,roahaw,Rupornis magnirostris,Roadside Hawk,Mauricio Álvarez Rebolledo (Colección de Sonidos Ambientales - Instituto Humboldt),4.0,3.8775,-76.432,data/BirdClef/train_audio/roahaw/XC117736.ogg,gallery
XC390628,roahaw,Rupornis magnirostris,Roadside Hawk,Andres Angulo ,4.0,5.13,-74.5667,data/BirdClef/train_audio/roahaw/XC390628.ogg,gallery
XC417123,roahaw,Rupornis magnirostris,Roadside Hawk,Victor Antonelli,3.0,-22.8842,-48.4442,data/BirdClef/train_audio/roahaw/XC417123.ogg,gallery
XC1009799,roahaw,Rupornis magnirostris,Roadside Hawk,José María Loaiza B.,5.0,0.0797,-78.6838,data/BirdClef/train_audio/roahaw/XC1009799.ogg,gallery
XC198408,roahaw,Rupornis magnirostris,Roadside Hawk,Guillermo Funes,4.0,13.3797,-88.4101,data/BirdClef/train_audio/roahaw/XC198408.ogg,gallery
XC117591,roahaw,Rupornis magnirostris,Roadside Hawk,Andrés Mauricio López (Colección de Sonidos Ambientales - Instituto Humboldt),4.0,5.1,-75.3714,data/BirdClef/train_audio/roahaw/XC117591.ogg,gallery
XC502175,roahaw,Rupornis magnirostris,Roadside Hawk,Max Noack,5.0,15.4915,-88.0375,data/BirdClef/train_audio/roahaw/XC502175.ogg,gallery
XC706973,roahaw,Rupornis magnirostris,Roadside Hawk,JAYRSON ARAUJO DE OLIVEIRA,3.0,-16.0538,-49.604,data/BirdClef/train_audio/roahaw/XC706973.ogg,gallery
XC738971,roahaw,Rupornis magnirostris,Roadside Hawk,JAYRSON ARAUJO DE OLIVEIRA,4.5,-16.0538,-49.604,data/BirdClef/train_audio/roahaw/XC738971.ogg,gallery
XC490104,roahaw,Rupornis magnirostris,Roadside Hawk,Dante Buzzetti,5.0,-9.595,-70.179,data/BirdClef/train_audio/roahaw/XC490104.ogg,gallery
XC178639,roahaw,Rupornis magnirostris,Roadside Hawk,Leonardo Ordóñez-Delgado,5.0,-3.2992,-78.5895,data/BirdClef/train_audio/roahaw/XC178639.ogg,gallery
XC939132,roahaw,Rupornis magnirostris,Roadside Hawk,JAYRSON ARAUJO DE OLIVEIRA,5.0,2.8044,-60.6718,data/BirdClef/train_audio/roahaw/XC939132.ogg,gallery
XC447735,roahaw,Rupornis magnirostris,Roadside Hawk,Manuel Grosselet,5.0,15.3983,-92.9111,data/BirdClef/train_audio/roahaw/XC447735.ogg,gallery
XC169073,roahaw,Rupornis magnirostris,Roadside Hawk,John van Dort,5.0,13.9238,-87.2048,data/BirdClef/train_audio/roahaw/XC169073.ogg,gallery
XC878751,roahaw,Rupornis magnirostris,Roadside Hawk,Dante Buzzetti,4.0,-10.2543,-36.3716,data/BirdClef/train_audio/roahaw/XC878751.ogg,gallery
XC838530,roahaw,Rupornis magnirostris,Roadside Hawk,JAYRSON ARAUJO DE OLIVEIRA,4.5,-18.9287,-51.679,data/BirdClef/train_audio/roahaw/XC838530.ogg,gallery
XC618823,roahaw,Rupornis magnirostris,Roadside Hawk,José María Loaiza B.,5.0,0.0797,-78.6838,data/BirdClef/train_audio/roahaw/XC618823.ogg,gallery
XC722089,roahaw,Rupornis magnirostris,Roadside Hawk,JAYRSON ARAUJO DE OLIVEIRA,3.0,-14.625,-49.0051,data/BirdClef/train_audio/roahaw/XC722089.ogg,gallery
XC449501,roahaw,Rupornis magnirostris,Roadside Hawk,Jerome Fischer,3.0,0.6513,-77.0739,data/BirdClef/train_audio/roahaw/XC449501.ogg,gallery
XC257195,roahaw,Rupornis magnirostris,Roadside Hawk,Manuel Grosselet,5.0,17.9833,-94.55,data/BirdClef/train_audio/roahaw/XC257195.ogg,gallery
XC455647,roahaw,Rupornis magnirostris,Roadside Hawk,Manuel Grosselet,5.0,18.0024,-94.5653,data/BirdClef/train_audio/roahaw/XC455647.ogg,gallery
XC447734,roahaw,Rupornis magnirostris,Roadside Hawk,Manuel Grosselet,5.0,15.3983,-92.9111,data/BirdClef/train_audio/roahaw/XC447734.ogg,gallery
XC117518,roahaw,Rupornis magnirostris,Roadside Hawk,Mauricio Álvarez Rebolledo (Colección de Sonidos Ambientales - Instituto Humboldt),4.0,5.2461,-75.6853,data/BirdClef/train_audio/roahaw/XC117518.ogg,gallery
XC617779,roahaw,Rupornis magnirostris,Roadside Hawk,Manuel Grosselet,5.0,17.9909,-94.5111,data/BirdClef/train_audio/roahaw/XC617779.ogg,gallery
XC556087,roahaw,Rupornis magnirostris,Roadside Hawk,JAYRSON ARAUJO DE OLIVEIRA,4.5,-16.5631,-49.285,data/BirdClef/train_audio/roahaw/XC556087.ogg,gallery
XC363465,roahaw,Rupornis magnirostris,Roadside Hawk,Olivier SWIFT,4.0,17.3343,-95.0521,data/BirdClef/train_audio/roahaw/XC363465.ogg,gallery
XC1009385,roahaw,Rupornis magnirostris,Roadside Hawk,José María Loaiza B.,5.0,0.0797,-78.6838,data/BirdClef/train_audio/roahaw/XC1009385.ogg,gallery
XC593515,roahaw,Rupornis magnirostris,Roadside Hawk,Peter de Rouw,5.0,-4.532,-79.1309,data/BirdClef/train_audio/roahaw/XC593515.ogg,gallery
XC516409,roahaw,Rupornis magnirostris,Roadside Hawk,Rolf A. de By,3.0,5.8644,-55.2066,data/BirdClef/train_audio/roahaw/XC516409.ogg,gallery
XC190232,roahaw,Rupornis magnirostris,Roadside Hawk,Leonardo Ordóñez-Delgado,5.0,-3.749,-78.8706,data/BirdClef/train_audio/roahaw/XC190232.ogg,gallery
XC332597,roahaw,Rupornis magnirostris,Roadside Hawk,Ross Gallardy,5.0,18.1181,-89.7951,data/BirdClef/train_audio/roahaw/XC332597.ogg,gallery
XC441042,roahaw,Rupornis magnirostris,Roadside Hawk,Manuel Grosselet,5.0,15.5746,-93.1928,data/BirdClef/train_audio/roahaw/XC441042.ogg,gallery
XC591184,roahaw,Rupornis magnirostris,Roadside Hawk,Mauricio Cuellar Ramirez (@Birding.travel),5.0,1.4457,-75.6583,data/BirdClef/train_audio/roahaw/XC591184.ogg,gallery
XC117962,roahaw,Rupornis magnirostris,Roadside Hawk,Mauricio Álvarez Rebolledo (Colección de Sonidos Ambientales - Instituto Humboldt),5.0,4.6092,-67.8644,data/BirdClef/train_audio/roahaw/XC117962.ogg,gallery
XC494046,roahaw,Rupornis magnirostris,Roadside Hawk,JAYRSON ARAUJO DE OLIVEIRA,5.0,-2.0533,-60.0238,data/BirdClef/train_audio/roahaw/XC494046.ogg,gallery
XC436166,roahaw,Rupornis magnirostris,Roadside Hawk,Oscar Campbell,5.0,17.227,-89.6107,data/BirdClef/train_audio/roahaw/XC436166.ogg,gallery
XC616860,roahaw,Rupornis magnirostris,Roadside Hawk,Bruce McCulloch,3.0,-23.6521,-46.6919,data/BirdClef/train_audio/roahaw/XC616860.ogg,gallery
XC117321,roahaw,Rupornis magnirostris,Roadside Hawk,Mauricio Álvarez Rebolledo (Colección de Sonidos Ambientales - Instituto Humboldt),3.0,10.36,-75.5697,data/BirdClef/train_audio/roahaw/XC117321.ogg,gallery
XC425511,roahaw,Rupornis magnirostris,Roadside Hawk,Jerome Fischer,4.0,5.8959,-74.8589,data/BirdClef/train_audio/roahaw/XC425511.ogg,gallery
XC974195,roahaw,Rupornis magnirostris,Roadside Hawk,JAYRSON ARAUJO DE OLIVEIRA,5.0,-8.8322,-42.5476,data/BirdClef/train_audio/roahaw/XC974195.ogg,gallery
XC859233,roahaw,Rupornis magnirostris,Roadside Hawk,JAYRSON ARAUJO DE OLIVEIRA,5.0,-16.9039,-49.2218,data/BirdClef/train_audio/roahaw/XC859233.ogg,gallery
XC825895,roahaw,Rupornis magnirostris,Roadside Hawk,Dante Buzzetti,4.0,5.0861,-74.7076,data/BirdClef/train_audio/roahaw/XC825895.ogg,gallery
XC112988,roahaw,Rupornis magnirostris,Roadside Hawk,Sander Bot,4.0,8.5194,-83.4071,data/BirdClef/train_audio/roahaw/XC112988.ogg,gallery
XC255046,roahaw,Rupornis magnirostris,Roadside Hawk,Ricardo José Mitidieri,4.0,-22.1816,-44.6453,data/BirdClef/train_audio/roahaw/XC255046.ogg,gallery
XC704725,roahaw,Rupornis magnirostris,Roadside Hawk,Richard E. Webster,4.5,-14.7306,-64.947,data/BirdClef/train_audio/roahaw/XC704725.ogg,gallery
XC499313,roahaw,Rupornis magnirostris,Roadside Hawk,Guy Kirwan,3.5,9.4427,-82.5203,data/BirdClef/train_audio/roahaw/XC499313.ogg,gallery
XC536457,roahaw,Rupornis magnirostris,Roadside Hawk,Fernando Igor de Godoy,3.0,-8.7512,-68.9938,data/BirdClef/train_audio/roahaw/XC536457.ogg,gallery
XC349194,roahaw,Rupornis magnirostris,Roadside Hawk,Sebastián González,4.0,6.2904,-75.6383,data/BirdClef/train_audio/roahaw/XC349194.ogg,gallery
XC117320,roahaw,Rupornis magnirostris,Roadside Hawk,Mauricio Álvarez Rebolledo (Colección de Sonidos Ambientales - Instituto Humboldt),4.0,10.36,-75.5697,data/BirdClef/train_audio/roahaw/XC117320.ogg,gallery
XC928834,roahaw,Rupornis magnirostris,Roadside Hawk,Xavier Riera,5.0,9.4262,-82.3085,data/BirdClef/train_audio/roahaw/XC928834.ogg,gallery
XC843462,roahaw,Rupornis magnirostris,Roadside Hawk,JAYRSON ARAUJO DE OLIVEIRA,4.5,-25.627,-54.453,data/BirdClef/train_audio/roahaw/XC843462.ogg,gallery
XC85409,roahaw,Rupornis magnirostris,Roadside Hawk,Jeremy Minns,4.0,-30.1834,-57.4501,data/BirdClef/train_audio/roahaw/XC85409.ogg,gallery
XC174808,roahaw,Rupornis magnirostris,Roadside Hawk,João Antônio de B. Vitto,5.0,-28.7137,-49.3091,data/BirdClef/train_audio/roahaw/XC174808.ogg,gallery
XC558090,roahaw,Rupornis magnirostris,Roadside Hawk,Mauricio Cuellar Ramirez (@Birding.travel),4.0,1.4898,-75.6801,data/BirdClef/train_audio/roahaw/XC558090.ogg,gallery
XC980386,roahaw,Rupornis magnirostris,Roadside Hawk,Yair Guillermo Molina Martínez.,5.0,4.4683,-75.1976,data/BirdClef/train_audio/roahaw/XC980386.ogg,gallery
XC428759,roahaw,Rupornis magnirostris,Roadside Hawk,Leonardo Ordóñez-Delgado,4.0,-4.121,-79.1991,data/BirdClef/train_audio/roahaw/XC428759.ogg,gallery
XC288718,roahaw,Rupornis magnirostris,Roadside Hawk,Jeremy Minns,4.0,-5.0501,-42.5501,data/BirdClef/train_audio/roahaw/XC288718.ogg,gallery
XC1039953,roahaw,Rupornis magnirostris,Roadside Hawk,Smily Varon,3.5,4.4142,-72.6358,data/BirdClef/train_audio/roahaw/XC1039953.ogg,gallery
XC127122,roahaw,Rupornis magnirostris,Roadside Hawk,Martin St-Michel,5.0,-12.6119,-69.1952,data/BirdClef/train_audio/roahaw/XC127122.ogg,gallery
XC190203,roahaw,Rupornis magnirostris,Roadside Hawk,Leonardo Ordóñez-Delgado,4.0,-3.749,-78.8706,data/BirdClef/train_audio/roahaw/XC190203.ogg,gallery
XC789187,roahaw,Rupornis magnirostris,Roadside Hawk,Olivier SWIFT,5.0,14.7295,-92.4164,data/BirdClef/train_audio/roahaw/XC789187.ogg,gallery
XC443166,roahaw,Rupornis magnirostris,Roadside Hawk,David Monroy Rengifo,5.0,4.7175,-75.6242,data/BirdClef/train_audio/roahaw/XC443166.ogg,gallery
XC863334,roahaw,Rupornis magnirostris,Roadside Hawk,Sabrina Andrea Rendon Anaya,5.0,-34.6075,-58.3522,data/BirdClef/train_audio/roahaw/XC863334.ogg,gallery
XC700427,roahaw,Rupornis magnirostris,Roadside Hawk,András Schmidt,5.0,-34.9145,-54.8967,data/BirdClef/train_audio/roahaw/XC700427.ogg,gallery
XC122235,roahaw,Rupornis magnirostris,Roadside Hawk,Eric DeFonso,4.0,-6.004,-77.2675,data/BirdClef/train_audio/roahaw/XC122235.ogg,gallery
XC987970,roahaw,Rupornis magnirostris,Roadside Hawk,Alexandre Curcino,4.0,2.8501,-60.0667,data/BirdClef/train_audio/roahaw/XC987970.ogg,gallery
XC676348,roahaw,Rupornis magnirostris,Roadside Hawk,Dante Buzzetti,3.0,-25.1641,-49.3442,data/BirdClef/train_audio/roahaw/XC676348.ogg,gallery
XC939486,roahaw,Rupornis magnirostris,Roadside Hawk,JAYRSON ARAUJO DE OLIVEIRA,5.0,1.4637,-60.9724,data/BirdClef/train_audio/roahaw/XC939486.ogg,gallery
XC808966,roahaw,Rupornis magnirostris,Roadside Hawk,Alex Lin-Moore,4.0,-0.0018,-78.7078,data/BirdClef/train_audio/roahaw/XC808966.ogg,gallery
XC71121,roahaw,Rupornis magnirostris,Roadside Hawk,Daniel Lane,5.0,0.258,-79.192,data/BirdClef/train_audio/roahaw/XC71121.ogg,gallery
XC363466,roahaw,Rupornis magnirostris,Roadside Hawk,Olivier SWIFT,4.0,17.3343,-95.0521,data/BirdClef/train_audio/roahaw/XC363466.ogg,gallery
XC153988,roahaw,Rupornis magnirostris,Roadside Hawk,Marcelo Araya-Salas,5.0,8.4015,-83.3427,data/BirdClef/train_audio/roahaw/XC153988.ogg,gallery
XC488515,roahaw,Rupornis magnirostris,Roadside Hawk,Juan Carlos Pérez Magaña,4.5,19.4439,-96.9454,data/BirdClef/train_audio/roahaw/XC488515.ogg,gallery
XC493189,roahaw,Rupornis magnirostris,Roadside Hawk,JAYRSON ARAUJO DE OLIVEIRA,5.0,-7.0908,-48.2134,data/BirdClef/train_audio/roahaw/XC493189.ogg,gallery
XC829182,roahaw,Rupornis magnirostris,Roadside Hawk,rudy gelis,5.0,0.0263,-78.7182,data/BirdClef/train_audio/roahaw/XC829182.ogg,gallery
XC789042,roahaw,Rupornis magnirostris,Roadside Hawk,JAYRSON ARAUJO DE OLIVEIRA,5.0,-13.3558,-47.2809,data/BirdClef/train_audio/roahaw/XC789042.ogg,gallery
XC336126,roahaw,Rupornis magnirostris,Roadside Hawk,Mario Trejo,5.0,13.6889,-89.2547,data/BirdClef/train_audio/roahaw/XC336126.ogg,gallery
XC808640,roahaw,Rupornis magnirostris,Roadside Hawk,Dante Buzzetti,4.0,-9.642,-50.1294,data/BirdClef/train_audio/roahaw/XC808640.ogg,gallery
XC521694,roahaw,Rupornis magnirostris,Roadside Hawk,Simon Mills,4.0,5.8116,-73.5324,data/BirdClef/train_audio/roahaw/XC521694.ogg,gallery
XC892910,roahaw,Rupornis magnirostris,Roadside Hawk,Paul Driver,3.0,-0.6756,-77.6014,data/BirdClef/train_audio/roahaw/XC892910.ogg,gallery
XC145706,roahaw,Rupornis magnirostris,Roadside Hawk,Manuel Grosselet,4.0,18.0024,-94.5653,data/BirdClef/train_audio/roahaw/XC145706.ogg,gallery
XC872249,roahaw,Rupornis magnirostris,Roadside Hawk,Alán Palacios,5.0,21.0151,-89.8121,data/BirdClef/train_audio/roahaw/XC872249.ogg,gallery
XC117319,roahaw,Rupornis magnirostris,Roadside Hawk,Mauricio Álvarez Rebolledo (Colección de Sonidos Ambientales - Instituto Humboldt),4.0,10.36,-75.5697,data/BirdClef/train_audio/roahaw/XC117319.ogg,gallery
XC582904,roahaw,Rupornis magnirostris,Roadside Hawk,Brice de la Croix,4.0,4.7216,-52.3073,data/BirdClef/train_audio/roahaw/XC582904.ogg,gallery
XC190095,roahaw,Rupornis magnirostris,Roadside Hawk,Jeisson Poveda,4.0,4.9174,-75.073,data/BirdClef/train_audio/roahaw/XC190095.ogg,gallery
XC114173,roahaw,Rupornis magnirostris,Roadside Hawk,Raul_Rene,4.0,8.6641,-82.4799,data/BirdClef/train_audio/roahaw/XC114173.ogg,gallery
XC84955,roahaw,Rupornis magnirostris,Roadside Hawk,Jeremy Minns,4.0,-9.4112,-72.7154,data/BirdClef/train_audio/roahaw/XC84955.ogg,gallery
XC117739,roahaw,Rupornis magnirostris,Roadside Hawk,José Agustín López (Colección de Sonidos Ambientales - Instituto Humboldt),5.0,3.8775,-76.432,data/BirdClef/train_audio/roahaw/XC117739.ogg,gallery
XC422969,roahaw,Rupornis magnirostris,Roadside Hawk,Fernando Igor de Godoy,4.0,-24.2783,-50.5306,data/BirdClef/train_audio/roahaw/XC422969.ogg,gallery
XC120139,roahaw,Rupornis magnirostris,Roadside Hawk,Eric DeFonso,4.0,-4.1001,-78.9646,data/BirdClef/train_audio/roahaw/XC120139.ogg,gallery
XC942158,roahaw,Rupornis magnirostris,Roadside Hawk,Dante Buzzetti,4.0,-2.6065,-44.3218,data/BirdClef/train_audio/roahaw/XC942158.ogg,gallery
XC206675,roahaw,Rupornis magnirostris,Roadside Hawk,Eric DeFonso,4.5,-22.4508,-42.7735,data/BirdClef/train_audio/roahaw/XC206675.ogg,gallery
XC922187,roahaw,Rupornis magnirostris,Roadside Hawk,Fernanda Fernandex,4.0,-15.5598,-47.7522,data/BirdClef/train_audio/roahaw/XC922187.ogg,gallery
XC62180,roahaw,Rupornis magnirostris,Roadside Hawk,Willem-Pier Vellinga,4.0,-10.1681,-75.5789,data/BirdClef/train_audio/roahaw/XC62180.ogg,gallery
XC212222,roahaw,Rupornis magnirostris,Roadside Hawk,Fernando Igor de Godoy,3.0,-23.6913,-46.7495,data/BirdClef/train_audio/roahaw/XC212222.ogg,gallery
XC690454,roahaw,Rupornis magnirostris,Roadside Hawk,Charlie Vogt,3.0,-4.5715,-79.1366,data/BirdClef/train_audio/roahaw/XC690454.ogg,gallery
XC925788,roahaw,Rupornis magnirostris,Roadside Hawk,Richard E. Webster,4.5,15.7307,-96.1671,data/BirdClef/train_audio/roahaw/XC925788.ogg,gallery
XC1045604,roahaw,Rupornis magnirostris,Roadside Hawk,Dante Buzzetti,4.0,-22.7897,-45.6018,data/BirdClef/train_audio/roahaw/XC1045604.ogg,gallery
XC464221,roahaw,Rupornis magnirostris,Roadside Hawk,Rosendo Manuel Fraga,3.0,-35.2501,-59.2167,data/BirdClef/train_audio/roahaw/XC464221.ogg,gallery
XC443671,roahaw,Rupornis magnirostris,Roadside Hawk,Johana Zuluaga-Bonilla- Ixobrychus,4.0,5.7884,-73.5438,data/BirdClef/train_audio/roahaw/XC443671.ogg,gallery
XC569959,roahaw,Rupornis magnirostris,Roadside Hawk,David Monroy Rengifo,5.0,4.8101,-75.71,data/BirdClef/train_audio/roahaw/XC569959.ogg,gallery
XC379240,roahaw,Rupornis magnirostris,Roadside Hawk,Michael Hurben,3.0,11.0207,-74.8231,data/BirdClef/train_audio/roahaw/XC379240.ogg,gallery
XC655895,roahaw,Rupornis magnirostris,Roadside Hawk,Dante Buzzetti,4.0,-17.8409,-64.6996,data/BirdClef/train_audio/roahaw/XC655895.ogg,gallery
XC212221,roahaw,Rupornis magnirostris,Roadside Hawk,Fernando Igor de Godoy,3.0,-23.43,-47.599,data/BirdClef/train_audio/roahaw/XC212221.ogg,gallery
XC296338,roahaw,Rupornis magnirostris,Roadside Hawk,Ross Gallardy,4.0,-18.0858,-64.7068,data/BirdClef/train_audio/roahaw/XC296338.ogg,gallery
XC217449,roahaw,Rupornis magnirostris,Roadside Hawk,Cedric MROCZKO,4.0,0.1431,-79.1334,data/BirdClef/train_audio/roahaw/XC217449.ogg,gallery
XC1031747,roahaw,Rupornis magnirostris,Roadside Hawk,Richard E. Webster,4.0,3.3069,-59.6515,data/BirdClef/train_audio/roahaw/XC1031747.ogg,gallery
XC714038,roahaw,Rupornis magnirostris,Roadside Hawk,Fernando Igor de Godoy,4.0,-23.7995,-46.023,data/BirdClef/train_audio/roahaw/XC714038.ogg,gallery
XC85408,roahaw,Rupornis magnirostris,Roadside Hawk,Jeremy Minns,3.5,-26.0834,-48.6334,data/BirdClef/train_audio/roahaw/XC85408.ogg,gallery
XC897341,roahaw,Rupornis magnirostris,Roadside Hawk,Guillermo Treboux,4.0,-31.8698,-58.2088,data/BirdClef/train_audio/roahaw/XC897341.ogg,gallery
XC257366,roahaw,Rupornis magnirostris,Roadside Hawk,John V. Moore,5.0,-3.6,-73.15,data/BirdClef/train_audio/roahaw/XC257366.ogg,gallery
XC257367,roahaw,Rupornis magnirostris,Roadside Hawk,John V. Moore,5.0,-0.717,-77.75,data/BirdClef/train_audio/roahaw/XC257367.ogg,gallery
XC593322,roahaw,Rupornis magnirostris,Roadside Hawk,J. Alejandro Camacho,5.0,4.6411,-75.6367,data/BirdClef/train_audio/roahaw/XC593322.ogg,gallery
XC117179,roahaw,Rupornis magnirostris,Roadside Hawk,Mauricio Álvarez Rebolledo (Colección de Sonidos Ambientales - Instituto Humboldt),3.0,4.5842,-73.4381,data/BirdClef/train_audio/roahaw/XC117179.ogg,gallery
XC387075,roahaw,Rupornis magnirostris,Roadside Hawk,Albert Lastukhin,4.0,8.8085,-70.5049,data/BirdClef/train_audio/roahaw/XC387075.ogg,gallery
XC446958,roahaw,Rupornis magnirostris,Roadside Hawk,Leonardo Ordóñez-Delgado,5.0,-3.5664,-78.4596,data/BirdClef/train_audio/roahaw/XC446958.ogg,gallery
XC403289,roahaw,Rupornis magnirostris,Roadside Hawk,Brice de la Croix,3.0,4.7216,-52.3073,data/BirdClef/train_audio/roahaw/XC403289.ogg,gallery
XC704726,roahaw,Rupornis magnirostris,Roadside Hawk,Richard E. Webster,3.5,-13.7656,-66.1005,data/BirdClef/train_audio/roahaw/XC704726.ogg,gallery
XC776168,roahaw,Rupornis magnirostris,Roadside Hawk,Tom OShea,3.0,-0.5004,-77.2853,data/BirdClef/train_audio/roahaw/XC776168.ogg,gallery
XC613947,roahaw,Rupornis magnirostris,Roadside Hawk,JAYRSON ARAUJO DE OLIVEIRA,5.0,-14.625,-49.0051,data/BirdClef/train_audio/roahaw/XC613947.ogg,gallery
XC699892,roahaw,Rupornis magnirostris,Roadside Hawk,András Schmidt,5.0,-34.9145,-54.8967,data/BirdClef/train_audio/roahaw/XC699892.ogg,gallery
XC78198,roahaw,Rupornis magnirostris,Roadside Hawk,Bob Planque,4.0,-19.1824,-48.3936,data/BirdClef/train_audio/roahaw/XC78198.ogg,gallery
XC112987,roahaw,Rupornis magnirostris,Roadside Hawk,Sander Bot,3.0,8.5194,-83.4071,data/BirdClef/train_audio/roahaw/XC112987.ogg,gallery
XC789189,roahaw,Rupornis magnirostris,Roadside Hawk,Olivier SWIFT,5.0,14.7295,-92.4164,data/BirdClef/train_audio/roahaw/XC789189.ogg,gallery
XC461499,roahaw,Rupornis magnirostris,Roadside Hawk,Fernando Castro,5.0,4.9488,-73.9577,data/BirdClef/train_audio/roahaw/XC461499.ogg,gallery
XC349195,roahaw,Rupornis magnirostris,Roadside Hawk,Sebastián González,4.0,6.2904,-75.6383,data/BirdClef/train_audio/roahaw/XC349195.ogg,gallery
XC146980,roahaw,Rupornis magnirostris,Roadside Hawk,Rafael Antunes Dias,4.0,-31.2924,-51.0326,data/BirdClef/train_audio/roahaw/XC146980.ogg,gallery
XC257368,roahaw,Rupornis magnirostris,Roadside Hawk,John V. Moore,5.0,-0.051,-78.778,data/BirdClef/train_audio/roahaw/XC257368.ogg,gallery
XC1036902,roahaw,Rupornis magnirostris,Roadside Hawk,Mauricio Cuéllar-Ramírez,5.0,1.7135,-75.7326,data/BirdClef/train_audio/roahaw/XC1036902.ogg,gallery
XC388972,roahaw,Rupornis magnirostris,Roadside Hawk,Andres Angulo ,4.0,6.8871,-75.7127,data/BirdClef/train_audio/roahaw/XC388972.ogg,gallery
XC700426,roahaw,Rupornis magnirostris,Roadside Hawk,András Schmidt,5.0,-34.9145,-54.8967,data/BirdClef/train_audio/roahaw/XC700426.ogg,gallery
XC502174,roahaw,Rupornis magnirostris,Roadside Hawk,Max Noack,5.0,15.4915,-88.0375,data/BirdClef/train_audio/roahaw/XC502174.ogg,gallery
XC664494,roahaw,Rupornis magnirostris,Roadside Hawk,Scott Olmstead,4.5,17.539,-89.1111,data/BirdClef/train_audio/roahaw/XC664494.ogg,gallery
XC164877,roahaw,Rupornis magnirostris,Roadside Hawk,Martin St-Michel,4.0,-0.081,-78.7679,data/BirdClef/train_audio/roahaw/XC164877.ogg,gallery
XC937876,roahaw,Rupornis magnirostris,Roadside Hawk,Manuel Grosselet,5.0,14.397,-91.0909,data/BirdClef/train_audio/roahaw/XC937876.ogg,gallery
XC254916,roahaw,Rupornis magnirostris,Roadside Hawk,Manuel Grosselet,5.0,17.9833,-94.55,data/BirdClef/train_audio/roahaw/XC254916.ogg,gallery
XC518784,roahaw,Rupornis magnirostris,Roadside Hawk,JAYRSON ARAUJO DE OLIVEIRA,3.0,-16.5631,-49.285,data/BirdClef/train_audio/roahaw/XC518784.ogg,gallery
XC796282,roahaw,Rupornis magnirostris,Roadside Hawk,Paul Driver,3.0,17.539,-89.1111,data/BirdClef/train_audio/roahaw/XC796282.ogg,gallery
XC414815,roahaw,Rupornis magnirostris,Roadside Hawk,JAYRSON ARAUJO DE OLIVEIRA,5.0,-16.5631,-49.285,data/BirdClef/train_audio/roahaw/XC414815.ogg,gallery
XC320002,roahaw,Rupornis magnirostris,Roadside Hawk,Manuel Grosselet,4.5,18.0024,-94.5653,data/BirdClef/train_audio/roahaw/XC320002.ogg,gallery
XC276860,roahaw,Rupornis magnirostris,Roadside Hawk,Orlando Jarquín G.,4.5,12.8869,-87.507,data/BirdClef/train_audio/roahaw/XC276860.ogg,gallery
XC387678,roahaw,Rupornis magnirostris,Roadside Hawk,Étienne Leroy,5.0,5.4886,-54.0042,data/BirdClef/train_audio/roahaw/XC387678.ogg,gallery
XC169907,roahaw,Rupornis magnirostris,Roadside Hawk,Roney Assis Souza,4.0,-19.2204,-42.4832,data/BirdClef/train_audio/roahaw/XC169907.ogg,gallery
XC488981,roahaw,Rupornis magnirostris,Roadside Hawk,Arthur Monteiro Gomes,4.0,-22.4576,-47.6525,data/BirdClef/train_audio/roahaw/XC488981.ogg,gallery
XC63198,roahaw,Rupornis magnirostris,Roadside Hawk,Joseph Tobias and Nathalie Seddon,4.0,-13.0501,-71.5564,data/BirdClef/train_audio/roahaw/XC63198.ogg,gallery
XC1035746,roahaw,Rupornis magnirostris,Roadside Hawk,JAYRSON ARAUJO DE OLIVEIRA,5.0,-7.1545,-48.6915,data/BirdClef/train_audio/roahaw/XC1035746.ogg,gallery
XC517588,roahaw,Rupornis magnirostris,Roadside Hawk,Nunes D&#039;Acosta,3.0,-16.6122,-50.3301,data/BirdClef/train_audio/roahaw/XC517588.ogg,gallery
XC120154,roahaw,Rupornis magnirostris,Roadside Hawk,Eric DeFonso,4.0,-4.1139,-78.9637,data/BirdClef/train_audio/roahaw/XC120154.ogg,gallery
XC694395,roahaw,Rupornis magnirostris,Roadside Hawk,Alán Palacios,4.0,17.1573,-94.7761,data/BirdClef/train_audio/roahaw/XC694395.ogg,gallery
XC769563,roahaw,Rupornis magnirostris,Roadside Hawk,JAYRSON ARAUJO DE OLIVEIRA,4.5,-6.3776,-47.4047,data/BirdClef/train_audio/roahaw/XC769563.ogg,gallery
XC183746,roahaw,Rupornis magnirostris,Roadside Hawk,Mayron McKewy Mejía,4.5,15.6005,-87.7517,data/BirdClef/train_audio/roahaw/XC183746.ogg,gallery
XC362797,roahaw,Rupornis magnirostris,Roadside Hawk,Bobby Wilcox,3.0,5.031,-75.5281,data/BirdClef/train_audio/roahaw/XC362797.ogg,gallery
XC258682,sobtyr1,Camptostoma obsoletum,Southern Beardless Tyrannulet,John V. Moore,5.0,-4.328,-79.53,data/BirdClef/train_audio/sobtyr1/XC258682.ogg,gallery
XC548318,sobtyr1,Camptostoma obsoletum,Southern Beardless Tyrannulet,Nunes-de-Almeida,4.0,-0.0988,-78.4129,data/BirdClef/train_audio/sobtyr1/XC548318.ogg,gallery
XC1017621,sobtyr1,Camptostoma obsoletum,Southern Beardless Tyrannulet,Dante Buzzetti,4.0,-19.3527,-43.6048,data/BirdClef/train_audio/sobtyr1/XC1017621.ogg,gallery
XC65933,sobtyr1,Camptostoma obsoletum,Southern Beardless Tyrannulet,Daniel Lane,4.0,9.6978,-69.0273,data/BirdClef/train_audio/sobtyr1/XC65933.ogg,gallery
XC293096,sobtyr1,Camptostoma obsoletum,Southern Beardless Tyrannulet,leandro vargas,3.0,5.5944,-75.812,data/BirdClef/train_audio/sobtyr1/XC293096.ogg,gallery
XC480231,sobtyr1,Camptostoma obsoletum,Southern Beardless Tyrannulet,Ricardo José Mitidieri,3.5,-22.9511,-43.0384,data/BirdClef/train_audio/sobtyr1/XC480231.ogg,gallery
XC291623,sobtyr1,Camptostoma obsoletum,Southern Beardless Tyrannulet,Anderson Lucindo,3.0,-22.7827,-49.2289,data/BirdClef/train_audio/sobtyr1/XC291623.ogg,gallery
XC258683,sobtyr1,Camptostoma obsoletum,Southern Beardless Tyrannulet,John V. Moore,5.0,-0.32,-79.018,data/BirdClef/train_audio/sobtyr1/XC258683.ogg,gallery
XC336333,sobtyr1,Camptostoma obsoletum,Southern Beardless Tyrannulet,Dominic Garcia-Hall,4.0,9.1332,-79.7195,data/BirdClef/train_audio/sobtyr1/XC336333.ogg,gallery
XC297090,sobtyr1,Camptostoma obsoletum,Southern Beardless Tyrannulet,Ross Gallardy,5.0,-6.4914,-79.7718,data/BirdClef/train_audio/sobtyr1/XC297090.ogg,gallery
XC37654,sobtyr1,Camptostoma obsoletum,Southern Beardless Tyrannulet,Bob Planqué,3.0,-6.4847,-79.7543,data/BirdClef/train_audio/sobtyr1/XC37654.ogg,gallery
XC787306,sobtyr1,Camptostoma obsoletum,Southern Beardless Tyrannulet,Jerome Fischer,4.0,-6.2464,-77.8819,data/BirdClef/train_audio/sobtyr1/XC787306.ogg,gallery
XC81500,sobtyr1,Camptostoma obsoletum,Southern Beardless Tyrannulet,Jeremy Minns,4.0,-12.5834,-41.3667,data/BirdClef/train_audio/sobtyr1/XC81500.ogg,gallery
XC557251,sobtyr1,Camptostoma obsoletum,Southern Beardless Tyrannulet,Jerome Fischer,3.5,4.351,-74.652,data/BirdClef/train_audio/sobtyr1/XC557251.ogg,gallery
XC346008,sobtyr1,Camptostoma obsoletum,Southern Beardless Tyrannulet,Nick Komar,3.0,9.4935,-75.3475,data/BirdClef/train_audio/sobtyr1/XC346008.ogg,gallery
XC258676,sobtyr1,Camptostoma obsoletum,Southern Beardless Tyrannulet,John V. Moore,4.0,-0.523,-76.438,data/BirdClef/train_audio/sobtyr1/XC258676.ogg,gallery
XC144164,sobtyr1,Camptostoma obsoletum,Southern Beardless Tyrannulet,Thiago Bicudo,4.0,-2.9578,-58.348,data/BirdClef/train_audio/sobtyr1/XC144164.ogg,gallery
XC933711,sobtyr1,Camptostoma obsoletum,Southern Beardless Tyrannulet,Sabrina Andrea Rendon Anaya,4.0,-34.5968,-58.4821,data/BirdClef/train_audio/sobtyr1/XC933711.ogg,gallery
XC343219,sobtyr1,Camptostoma obsoletum,Southern Beardless Tyrannulet,Guilherme Willrich,3.0,-27.8848,-48.8621,data/BirdClef/train_audio/sobtyr1/XC343219.ogg,gallery
XC81496,sobtyr1,Camptostoma obsoletum,Southern Beardless Tyrannulet,Jeremy Minns,4.0,-24.2667,-48.4167,data/BirdClef/train_audio/sobtyr1/XC81496.ogg,gallery
XC257091,sobtyr1,Camptostoma obsoletum,Southern Beardless Tyrannulet,Daniel F. Lane,5.0,-6.733,-76.383,data/BirdClef/train_audio/sobtyr1/XC257091.ogg,gallery
XC1002597,sobtyr1,Camptostoma obsoletum,Southern Beardless Tyrannulet,Dante Buzzetti,4.0,-23.375,-46.4883,data/BirdClef/train_audio/sobtyr1/XC1002597.ogg,gallery
XC335011,sobtyr1,Camptostoma obsoletum,Southern Beardless Tyrannulet,Yair Guillermo Molina M. &amp; Rossmayra Marulanda,5.0,4.4192,-75.2178,data/BirdClef/train_audio/sobtyr1/XC335011.ogg,gallery
XC767451,sobtyr1,Camptostoma obsoletum,Southern Beardless Tyrannulet,Cristopher Rodríguez-Moreira,5.0,-0.9541,-80.7071,data/BirdClef/train_audio/sobtyr1/XC767451.ogg,gallery
XC534551,sobtyr1,Camptostoma obsoletum,Southern Beardless Tyrannulet,Jerome Fischer,5.0,4.351,-74.652,data/BirdClef/train_audio/sobtyr1/XC534551.ogg,gallery
XC419575,sobtyr1,Camptostoma obsoletum,Southern Beardless Tyrannulet,Fernando Igor de Godoy,3.0,-16.4525,-39.2554,data/BirdClef/train_audio/sobtyr1/XC419575.ogg,gallery
XC291664,sobtyr1,Camptostoma obsoletum,Southern Beardless Tyrannulet,Jeremy Minns,4.0,-20.309,-46.5234,data/BirdClef/train_audio/sobtyr1/XC291664.ogg,gallery
XC771586,sobtyr1,Camptostoma obsoletum,Southern Beardless Tyrannulet,David Monroy Rengifo,4.0,4.843,-75.8187,data/BirdClef/train_audio/sobtyr1/XC771586.ogg,gallery
XC258680,sobtyr1,Camptostoma obsoletum,Southern Beardless Tyrannulet,John V. Moore,5.0,-2.247,-80.941,data/BirdClef/train_audio/sobtyr1/XC258680.ogg,gallery
XC419304,sobtyr1,Camptostoma obsoletum,Southern Beardless Tyrannulet,JAYRSON ARAUJO DE OLIVEIRA,4.5,-14.625,-49.0051,data/BirdClef/train_audio/sobtyr1/XC419304.ogg,gallery
XC206698,sobtyr1,Camptostoma obsoletum,Southern Beardless Tyrannulet,Jerome Fischer,5.0,-4.257,-79.2175,data/BirdClef/train_audio/sobtyr1/XC206698.ogg,gallery
XC992031,sobtyr1,Camptostoma obsoletum,Southern Beardless Tyrannulet,Juan Freile,5.0,-0.1984,-78.3718,data/BirdClef/train_audio/sobtyr1/XC992031.ogg,gallery
XC135202,sobtyr1,Camptostoma obsoletum,Southern Beardless Tyrannulet,Roger Ahlman,4.5,-0.0192,-76.1929,data/BirdClef/train_audio/sobtyr1/XC135202.ogg,gallery
XC454137,sobtyr1,Camptostoma obsoletum,Southern Beardless Tyrannulet,Rosendo Manuel Fraga,3.0,-29.1231,-58.4465,data/BirdClef/train_audio/sobtyr1/XC454137.ogg,gallery
XC694912,sobtyr1,Camptostoma obsoletum,Southern Beardless Tyrannulet,Christopher Rodriguez-Moreira,5.0,-0.954,-80.7071,data/BirdClef/train_audio/sobtyr1/XC694912.ogg,gallery
XC418887,sobtyr1,Camptostoma obsoletum,Southern Beardless Tyrannulet,Fernando Igor de Godoy,4.0,-21.0944,-52.4465,data/BirdClef/train_audio/sobtyr1/XC418887.ogg,gallery
XC831950,sobtyr1,Camptostoma obsoletum,Southern Beardless Tyrannulet,Bernard BOUSQUET,3.0,-31.8165,-58.3214,data/BirdClef/train_audio/sobtyr1/XC831950.ogg,gallery
XC81498,sobtyr1,Camptostoma obsoletum,Southern Beardless Tyrannulet,Jeremy Minns,5.0,-12.5167,-41.4334,data/BirdClef/train_audio/sobtyr1/XC81498.ogg,gallery
XC337229,sobtyr1,Camptostoma obsoletum,Southern Beardless Tyrannulet,Jerome Fischer,3.5,-20.11,-43.491,data/BirdClef/train_audio/sobtyr1/XC337229.ogg,gallery
XC258679,sobtyr1,Camptostoma obsoletum,Southern Beardless Tyrannulet,John V. Moore,5.0,-2.427,-79.605,data/BirdClef/train_audio/sobtyr1/XC258679.ogg,gallery
XC245414,sobtyr1,Camptostoma obsoletum,Southern Beardless Tyrannulet,Oscar Humberto Marín Gómez &amp; Natalia Perez Amaya,3.0,6.28,-71.78,data/BirdClef/train_audio/sobtyr1/XC245414.ogg,gallery
XC150916,sobtyr1,Camptostoma obsoletum,Southern Beardless Tyrannulet,Paulo Affonso Fonseca Pires Neto,5.0,-26.3247,-53.2885,data/BirdClef/train_audio/sobtyr1/XC150916.ogg,gallery
XC258678,sobtyr1,Camptostoma obsoletum,Southern Beardless Tyrannulet,John V. Moore,5.0,-0.267,-75.883,data/BirdClef/train_audio/sobtyr1/XC258678.ogg,gallery
XC341386,sobtyr1,Camptostoma obsoletum,Southern Beardless Tyrannulet,Leonardo Ordóñez-Delgado,5.0,-4.8017,-79.1306,data/BirdClef/train_audio/sobtyr1/XC341386.ogg,gallery
XC534552,sobtyr1,Camptostoma obsoletum,Southern Beardless Tyrannulet,Jerome Fischer,4.5,4.351,-74.652,data/BirdClef/train_audio/sobtyr1/XC534552.ogg,gallery
XC857552,sobtyr1,Camptostoma obsoletum,Southern Beardless Tyrannulet,JAYRSON ARAUJO DE OLIVEIRA,4.0,-16.0781,-50.218,data/BirdClef/train_audio/sobtyr1/XC857552.ogg,gallery
XC190692,sobtyr1,Camptostoma obsoletum,Southern Beardless Tyrannulet,João Gava Just,3.0,-28.6155,-49.5164,data/BirdClef/train_audio/sobtyr1/XC190692.ogg,gallery
XC685534,sobtyr1,Camptostoma obsoletum,Southern Beardless Tyrannulet,Christopher Rodriguez-Moreira,4.5,-0.954,-80.7071,data/BirdClef/train_audio/sobtyr1/XC685534.ogg,gallery
XC767455,sobtyr1,Camptostoma obsoletum,Southern Beardless Tyrannulet,Cristopher Rodríguez-Moreira,5.0,-0.9541,-80.7071,data/BirdClef/train_audio/sobtyr1/XC767455.ogg,gallery
XC419574,sobtyr1,Camptostoma obsoletum,Southern Beardless Tyrannulet,Fernando Igor de Godoy,3.0,-16.4525,-39.2554,data/BirdClef/train_audio/sobtyr1/XC419574.ogg,gallery
XC463038,sobtyr1,Camptostoma obsoletum,Southern Beardless Tyrannulet,Leonardo Ordóñez-Delgado,3.5,-3.8162,-79.4964,data/BirdClef/train_audio/sobtyr1/XC463038.ogg,gallery
XC1006654,sobtyr1,Camptostoma obsoletum,Southern Beardless Tyrannulet,JAYRSON ARAUJO DE OLIVEIRA,5.0,-15.8195,-48.9861,data/BirdClef/train_audio/sobtyr1/XC1006654.ogg,gallery
XC987303,sobtyr1,Camptostoma obsoletum,Southern Beardless Tyrannulet,Delaitre guillaume,3.0,4.1586,-52.6728,data/BirdClef/train_audio/sobtyr1/XC987303.ogg,gallery
XC257090,sobtyr1,Camptostoma obsoletum,Southern Beardless Tyrannulet,Daniel F. Lane,5.0,-6.733,-76.383,data/BirdClef/train_audio/sobtyr1/XC257090.ogg,gallery
XC456241,sobtyr1,Camptostoma obsoletum,Southern Beardless Tyrannulet,Rosendo Manuel Fraga,3.0,-26.9334,-54.2167,data/BirdClef/train_audio/sobtyr1/XC456241.ogg,gallery
XC737422,sobtyr1,Camptostoma obsoletum,Southern Beardless Tyrannulet,JAYRSON ARAUJO DE OLIVEIRA,4.0,-17.1888,-48.7335,data/BirdClef/train_audio/sobtyr1/XC737422.ogg,gallery
XC627416,sobtyr1,Camptostoma obsoletum,Southern Beardless Tyrannulet,Mauricio Cuellar Ramirez (@Birding.travel),5.0,1.4898,-75.6801,data/BirdClef/train_audio/sobtyr1/XC627416.ogg,gallery
XC767448,sobtyr1,Camptostoma obsoletum,Southern Beardless Tyrannulet,Cristopher Rodríguez-Moreira,3.0,-0.9527,-80.745,data/BirdClef/train_audio/sobtyr1/XC767448.ogg,gallery
XC823808,sobtyr1,Camptostoma obsoletum,Southern Beardless Tyrannulet,Hans Groot,4.0,5.4617,-55.2283,data/BirdClef/train_audio/sobtyr1/XC823808.ogg,gallery
XC303846,sobtyr1,Camptostoma obsoletum,Southern Beardless Tyrannulet,Jeremy Minns,4.5,-12.6167,-41.3167,data/BirdClef/train_audio/sobtyr1/XC303846.ogg,gallery
XC339551,sobtyr1,Camptostoma obsoletum,Southern Beardless Tyrannulet,Roney Souza,5.0,-15.565,-40.4213,data/BirdClef/train_audio/sobtyr1/XC339551.ogg,gallery
XC935825,sobtyr1,Camptostoma obsoletum,Southern Beardless Tyrannulet,Fernanda Fernandex,3.0,-15.671,-47.7306,data/BirdClef/train_audio/sobtyr1/XC935825.ogg,gallery
XC989466,sobtyr1,Camptostoma obsoletum,Southern Beardless Tyrannulet,Juan Freile,5.0,-0.1984,-78.3718,data/BirdClef/train_audio/sobtyr1/XC989466.ogg,gallery
XC697144,sobtyr1,Camptostoma obsoletum,Southern Beardless Tyrannulet,JAYRSON ARAUJO DE OLIVEIRA,5.0,-9.5894,-35.721,data/BirdClef/train_audio/sobtyr1/XC697144.ogg,gallery
XC174813,sobtyr1,Camptostoma obsoletum,Southern Beardless Tyrannulet,João Antônio de B. Vitto,3.0,-28.7137,-49.3091,data/BirdClef/train_audio/sobtyr1/XC174813.ogg,gallery
XC81501,sobtyr1,Camptostoma obsoletum,Southern Beardless Tyrannulet,Jeremy Minns,4.0,-12.5834,-41.3667,data/BirdClef/train_audio/sobtyr1/XC81501.ogg,gallery
XC66025,sobtyr1,Camptostoma obsoletum,Southern Beardless Tyrannulet,Daniel Lane,4.0,8.9498,-68.0831,data/BirdClef/train_audio/sobtyr1/XC66025.ogg,gallery
XC911963,sobtyr1,Camptostoma obsoletum,Southern Beardless Tyrannulet,rudy gelis,5.0,-0.0553,-78.7704,data/BirdClef/train_audio/sobtyr1/XC911963.ogg,gallery
XC307322,sobtyr1,Camptostoma obsoletum,Southern Beardless Tyrannulet,Andrea Lopera-Salazar,5.0,6.3735,-75.5044,data/BirdClef/train_audio/sobtyr1/XC307322.ogg,gallery
XC484520,sobtyr1,Camptostoma obsoletum,Southern Beardless Tyrannulet,Jerome Fischer,4.0,-0.4383,-76.2791,data/BirdClef/train_audio/sobtyr1/XC484520.ogg,gallery
XC187982,sobtyr1,Camptostoma obsoletum,Southern Beardless Tyrannulet,Marcos Melo,4.0,-23.9557,-46.6503,data/BirdClef/train_audio/sobtyr1/XC187982.ogg,gallery
XC337230,sobtyr1,Camptostoma obsoletum,Southern Beardless Tyrannulet,Jerome Fischer,5.0,-20.11,-43.491,data/BirdClef/train_audio/sobtyr1/XC337230.ogg,gallery
XC823809,sobtyr1,Camptostoma obsoletum,Southern Beardless Tyrannulet,Hans Groot,4.0,5.4617,-55.2283,data/BirdClef/train_audio/sobtyr1/XC823809.ogg,gallery
XC299143,sobtyr1,Camptostoma obsoletum,Southern Beardless Tyrannulet,Fernando Igor de Godoy,3.0,-24.1086,-49.3608,data/BirdClef/train_audio/sobtyr1/XC299143.ogg,gallery
XC451885,sobtyr1,Camptostoma obsoletum,Southern Beardless Tyrannulet,JAYRSON ARAUJO DE OLIVEIRA,3.0,-7.0849,-40.0832,data/BirdClef/train_audio/sobtyr1/XC451885.ogg,gallery
XC419310,sobtyr1,Camptostoma obsoletum,Southern Beardless Tyrannulet,JAYRSON ARAUJO DE OLIVEIRA,4.5,-16.5631,-49.285,data/BirdClef/train_audio/sobtyr1/XC419310.ogg,gallery
XC647056,sobtyr1,Camptostoma obsoletum,Southern Beardless Tyrannulet,Ricardo José Mitidieri,5.0,-22.9249,-42.9889,data/BirdClef/train_audio/sobtyr1/XC647056.ogg,gallery
XC422602,sobtyr1,Camptostoma obsoletum,Southern Beardless Tyrannulet,Fernando Igor de Godoy,4.0,-17.3596,-39.4266,data/BirdClef/train_audio/sobtyr1/XC422602.ogg,gallery
XC148257,sobtyr1,Camptostoma obsoletum,Southern Beardless Tyrannulet,Gary Stiles (Colección de Sonidos Ambientales - Instituto Humboldt),5.0,4.2642,-73.05,data/BirdClef/train_audio/sobtyr1/XC148257.ogg,gallery
XC336406,sobtyr1,Camptostoma obsoletum,Southern Beardless Tyrannulet,Dominic Garcia-Hall,4.0,8.6076,-80.1283,data/BirdClef/train_audio/sobtyr1/XC336406.ogg,gallery
XC204716,sobtyr1,Camptostoma obsoletum,Southern Beardless Tyrannulet,Jeremy Minns,4.5,0.6667,-51.4001,data/BirdClef/train_audio/sobtyr1/XC204716.ogg,gallery
XC665438,sobtyr1,Camptostoma obsoletum,Southern Beardless Tyrannulet,Andrés Mauricio López,5.0,4.9731,-75.5452,data/BirdClef/train_audio/sobtyr1/XC665438.ogg,gallery
XC730395,sobtyr1,Camptostoma obsoletum,Southern Beardless Tyrannulet,Ricardo José Mitidieri,4.0,-22.9434,-43.0763,data/BirdClef/train_audio/sobtyr1/XC730395.ogg,gallery
XC454102,sobtyr1,Camptostoma obsoletum,Southern Beardless Tyrannulet,Jerome Fischer,3.0,8.9945,-79.5461,data/BirdClef/train_audio/sobtyr1/XC454102.ogg,gallery
XC81499,sobtyr1,Camptostoma obsoletum,Southern Beardless Tyrannulet,Jeremy Minns,5.0,-19.1456,-40.0645,data/BirdClef/train_audio/sobtyr1/XC81499.ogg,gallery
XC816682,sobtyr1,Camptostoma obsoletum,Southern Beardless Tyrannulet,David Monroy Rengifo,3.5,4.843,-75.8187,data/BirdClef/train_audio/sobtyr1/XC816682.ogg,gallery
XC246992,sobtyr1,Camptostoma obsoletum,Southern Beardless Tyrannulet,Jerome Fischer,4.0,-0.0523,-78.7764,data/BirdClef/train_audio/sobtyr1/XC246992.ogg,gallery
XC702457,sobtyr1,Camptostoma obsoletum,Southern Beardless Tyrannulet,Richard E. Webster,3.5,-13.7656,-66.1005,data/BirdClef/train_audio/sobtyr1/XC702457.ogg,gallery
XC1769,sobtyr1,Camptostoma obsoletum,Southern Beardless Tyrannulet,Sjoerd Mayer,3.5,-18.1884,-63.8792,data/BirdClef/train_audio/sobtyr1/XC1769.ogg,gallery
XC320634,sobtyr1,Camptostoma obsoletum,Southern Beardless Tyrannulet,Luiz C.  Silva,4.0,-24.1029,-52.3171,data/BirdClef/train_audio/sobtyr1/XC320634.ogg,gallery
XC150917,sobtyr1,Camptostoma obsoletum,Southern Beardless Tyrannulet,Paulo Affonso Fonseca Pires Neto,5.0,-26.3247,-53.2885,data/BirdClef/train_audio/sobtyr1/XC150917.ogg,gallery
XC408472,sobtyr1,Camptostoma obsoletum,Southern Beardless Tyrannulet,Nick Komar,3.0,9.05,-79.6342,data/BirdClef/train_audio/sobtyr1/XC408472.ogg,gallery
XC961444,sobtyr1,Camptostoma obsoletum,Southern Beardless Tyrannulet,Ricardo José Mitidieri,4.5,-22.4212,-42.9559,data/BirdClef/train_audio/sobtyr1/XC961444.ogg,gallery
XC657823,sobtyr1,Camptostoma obsoletum,Southern Beardless Tyrannulet,Dante Buzzetti,4.0,-16.7546,-56.8859,data/BirdClef/train_audio/sobtyr1/XC657823.ogg,gallery
XC898356,sobtyr1,Camptostoma obsoletum,Southern Beardless Tyrannulet,JAYRSON ARAUJO DE OLIVEIRA,5.0,-13.7349,-46.3569,data/BirdClef/train_audio/sobtyr1/XC898356.ogg,gallery
XC258684,sobtyr1,Camptostoma obsoletum,Southern Beardless Tyrannulet,John V. Moore,5.0,-4.467,-80.4,data/BirdClef/train_audio/sobtyr1/XC258684.ogg,gallery
XC665583,sobtyr1,Camptostoma obsoletum,Southern Beardless Tyrannulet,Jerome Fischer,4.0,-4.2889,-70.2948,data/BirdClef/train_audio/sobtyr1/XC665583.ogg,gallery
XC171644,sobtyr1,Camptostoma obsoletum,Southern Beardless Tyrannulet,Leonardo Ordóñez-Delgado,4.0,-4.4373,-79.8081,data/BirdClef/train_audio/sobtyr1/XC171644.ogg,gallery
XC168320,sobtyr1,Camptostoma obsoletum,Southern Beardless Tyrannulet,Martin St-Michel,5.0,-0.081,-78.7679,data/BirdClef/train_audio/sobtyr1/XC168320.ogg,gallery
XC335017,sobtyr1,Camptostoma obsoletum,Southern Beardless Tyrannulet,Yair Guillermo Molina M. &amp; Rossmayra Marulanda,5.0,4.4192,-75.2178,data/BirdClef/train_audio/sobtyr1/XC335017.ogg,gallery
XC493621,sobtyr1,Camptostoma obsoletum,Southern Beardless Tyrannulet,JAYRSON ARAUJO DE OLIVEIRA,5.0,-6.3761,-47.1085,data/BirdClef/train_audio/sobtyr1/XC493621.ogg,gallery
XC419301,sobtyr1,Camptostoma obsoletum,Southern Beardless Tyrannulet,JAYRSON ARAUJO DE OLIVEIRA,3.0,-16.9039,-49.2218,data/BirdClef/train_audio/sobtyr1/XC419301.ogg,gallery
XC605333,sobtyr1,Camptostoma obsoletum,Southern Beardless Tyrannulet,Ricardo José Mitidieri,3.5,-22.9516,-43.0472,data/BirdClef/train_audio/sobtyr1/XC605333.ogg,gallery
XC2420,sobtyr1,Camptostoma obsoletum,Southern Beardless Tyrannulet,Sjoerd Mayer,3.5,-11.0192,-66.0987,data/BirdClef/train_audio/sobtyr1/XC2420.ogg,gallery
XC186093,sobtyr1,Camptostoma obsoletum,Southern Beardless Tyrannulet,Fernando Igor de Godoy,5.0,-23.9501,-46.7667,data/BirdClef/train_audio/sobtyr1/XC186093.ogg,gallery
XC604864,sobtyr1,Camptostoma obsoletum,Southern Beardless Tyrannulet,Miguel Angel Muñoz-Amaya,4.0,4.6429,-75.9658,data/BirdClef/train_audio/sobtyr1/XC604864.ogg,gallery
XC419463,sobtyr1,Camptostoma obsoletum,Southern Beardless Tyrannulet,Victor Antonelli,3.0,-22.8842,-48.4442,data/BirdClef/train_audio/sobtyr1/XC419463.ogg,gallery
XC454416,sobtyr1,Camptostoma obsoletum,Southern Beardless Tyrannulet,Jerome Fischer,5.0,8.9945,-79.5461,data/BirdClef/train_audio/sobtyr1/XC454416.ogg,gallery
XC355955,sobtyr1,Camptostoma obsoletum,Southern Beardless Tyrannulet,Vanessa Luzuriaga,4.0,-3.8983,-80.087,data/BirdClef/train_audio/sobtyr1/XC355955.ogg,gallery
XC586946,sobtyr1,Camptostoma obsoletum,Southern Beardless Tyrannulet,Arthur Gomes,3.0,-22.9403,-46.955,data/BirdClef/train_audio/sobtyr1/XC586946.ogg,gallery
XC493813,sobtyr1,Camptostoma obsoletum,Southern Beardless Tyrannulet,JAYRSON ARAUJO DE OLIVEIRA,4.0,-3.2063,-60.1783,data/BirdClef/train_audio/sobtyr1/XC493813.ogg,gallery
XC872118,sobtyr1,Camptostoma obsoletum,Southern Beardless Tyrannulet,Cristopher Rodríguez-Moreira,4.5,-0.954,-80.7071,data/BirdClef/train_audio/sobtyr1/XC872118.ogg,gallery
XC973688,sobtyr1,Camptostoma obsoletum,Southern Beardless Tyrannulet,Dante Buzzetti,4.0,-23.5872,-46.9094,data/BirdClef/train_audio/sobtyr1/XC973688.ogg,gallery
XC931258,sobtyr1,Camptostoma obsoletum,Southern Beardless Tyrannulet,JAYRSON ARAUJO DE OLIVEIRA,4.5,-16.5631,-49.285,data/BirdClef/train_audio/sobtyr1/XC931258.ogg,gallery
XC175065,sobtyr1,Camptostoma obsoletum,Southern Beardless Tyrannulet,Roger Ahlman,4.0,-3.9384,-78.6975,data/BirdClef/train_audio/sobtyr1/XC175065.ogg,gallery
XC258685,sobtyr1,Camptostoma obsoletum,Southern Beardless Tyrannulet,John V. Moore,5.0,-4.3,-80.033,data/BirdClef/train_audio/sobtyr1/XC258685.ogg,gallery
XC872114,sobtyr1,Camptostoma obsoletum,Southern Beardless Tyrannulet,Cristopher Rodríguez-Moreira,5.0,-0.954,-80.7071,data/BirdClef/train_audio/sobtyr1/XC872114.ogg,gallery
XC855993,sobtyr1,Camptostoma obsoletum,Southern Beardless Tyrannulet,Jerome Fischer,4.0,-5.6831,-78.7697,data/BirdClef/train_audio/sobtyr1/XC855993.ogg,gallery
XC81495,sobtyr1,Camptostoma obsoletum,Southern Beardless Tyrannulet,Jeremy Minns,4.0,-23.5111,-45.174,data/BirdClef/train_audio/sobtyr1/XC81495.ogg,gallery
XC201966,sobtyr1,Camptostoma obsoletum,Southern Beardless Tyrannulet,Leonardo Ordóñez-Delgado,4.5,-4.272,-80.329,data/BirdClef/train_audio/sobtyr1/XC201966.ogg,gallery
XC1006623,sobtyr1,Camptostoma obsoletum,Southern Beardless Tyrannulet,JAYRSON ARAUJO DE OLIVEIRA,5.0,-15.8195,-48.9861,data/BirdClef/train_audio/sobtyr1/XC1006623.ogg,gallery
XC264662,sobtyr1,Camptostoma obsoletum,Southern Beardless Tyrannulet,Paul Coopmans,5.0,-4.825,-79.117,data/BirdClef/train_audio/sobtyr1/XC264662.ogg,gallery
XC627417,sobtyr1,Camptostoma obsoletum,Southern Beardless Tyrannulet,Mauricio Cuellar Ramirez (@Birding.travel),5.0,1.4898,-75.6801,data/BirdClef/train_audio/sobtyr1/XC627417.ogg,gallery
XC619637,sobtyr1,Camptostoma obsoletum,Southern Beardless Tyrannulet,José María Loaiza B.,5.0,-0.0213,-78.4545,data/BirdClef/train_audio/sobtyr1/XC619637.ogg,gallery
XC258677,sobtyr1,Camptostoma obsoletum,Southern Beardless Tyrannulet,John V. Moore,5.0,-0.601,-75.244,data/BirdClef/train_audio/sobtyr1/XC258677.ogg,gallery
XC235258,sobtyr1,Camptostoma obsoletum,Southern Beardless Tyrannulet,Leonardo Ordóñez-Delgado,5.0,-4.3428,-80.3068,data/BirdClef/train_audio/sobtyr1/XC235258.ogg,gallery
XC450811,sobtyr1,Camptostoma obsoletum,Southern Beardless Tyrannulet,Brice de la Croix,4.0,4.8313,-52.2973,data/BirdClef/train_audio/sobtyr1/XC450811.ogg,gallery
XC355956,sobtyr1,Camptostoma obsoletum,Southern Beardless Tyrannulet,Vanessa Luzuriaga,3.0,-3.8983,-80.087,data/BirdClef/train_audio/sobtyr1/XC355956.ogg,gallery
XC602556,sobtyr1,Camptostoma obsoletum,Southern Beardless Tyrannulet,Peter de Rouw,5.0,-1.6759,-80.8144,data/BirdClef/train_audio/sobtyr1/XC602556.ogg,gallery
XC912017,sobtyr1,Camptostoma obsoletum,Southern Beardless Tyrannulet,rudy gelis,5.0,-0.0553,-78.7704,data/BirdClef/train_audio/sobtyr1/XC912017.ogg,gallery
XC419306,sobtyr1,Camptostoma obsoletum,Southern Beardless Tyrannulet,JAYRSON ARAUJO DE OLIVEIRA,5.0,-14.625,-49.0051,data/BirdClef/train_audio/sobtyr1/XC419306.ogg,gallery
XC344295,sobtyr1,Camptostoma obsoletum,Southern Beardless Tyrannulet,Hotel Tinamu,4.5,5.0791,-75.6852,data/BirdClef/train_audio/sobtyr1/XC344295.ogg,gallery
XC696241,sobtyr1,Camptostoma obsoletum,Southern Beardless Tyrannulet,Dante Buzzetti,4.0,-22.4406,-44.6026,data/BirdClef/train_audio/sobtyr1/XC696241.ogg,gallery
XC789959,sobtyr1,Camptostoma obsoletum,Southern Beardless Tyrannulet,Jerome Fischer,4.0,-4.2623,-79.2254,data/BirdClef/train_audio/sobtyr1/XC789959.ogg,gallery
XC783230,sobtyr1,Camptostoma obsoletum,Southern Beardless Tyrannulet,JAYRSON ARAUJO DE OLIVEIRA,4.0,-11.8925,-55.6546,data/BirdClef/train_audio/sobtyr1/XC783230.ogg,gallery
XC580454,sobtyr1,Camptostoma obsoletum,Southern Beardless Tyrannulet,JAYRSON ARAUJO DE OLIVEIRA,4.5,-14.625,-49.0051,data/BirdClef/train_audio/sobtyr1/XC580454.ogg,gallery
XC964066,sobtyr1,Camptostoma obsoletum,Southern Beardless Tyrannulet,JAYRSON ARAUJO DE OLIVEIRA,4.5,-15.7904,-49.3412,data/BirdClef/train_audio/sobtyr1/XC964066.ogg,gallery
XC148254,sobtyr1,Camptostoma obsoletum,Southern Beardless Tyrannulet,Gary Stiles (Colección de Sonidos Ambientales - Instituto Humboldt),4.5,4.2642,-73.05,data/BirdClef/train_audio/sobtyr1/XC148254.ogg,gallery
XC428546,sobtyr1,Camptostoma obsoletum,Southern Beardless Tyrannulet,JAYRSON ARAUJO DE OLIVEIRA,3.0,-6.3761,-47.1085,data/BirdClef/train_audio/sobtyr1/XC428546.ogg,gallery
XC428395,sobtyr1,Camptostoma obsoletum,Southern Beardless Tyrannulet,Jerome Fischer,5.0,4.351,-74.652,data/BirdClef/train_audio/sobtyr1/XC428395.ogg,gallery
XC299144,sobtyr1,Camptostoma obsoletum,Southern Beardless Tyrannulet,Fernando Igor de Godoy,3.0,-24.1086,-49.3608,data/BirdClef/train_audio/sobtyr1/XC299144.ogg,gallery
XC376471,sobtyr1,Camptostoma obsoletum,Southern Beardless Tyrannulet,Yair Guillermo Molina Martínez.,4.0,4.4667,-75.2001,data/BirdClef/train_audio/sobtyr1/XC376471.ogg,gallery
XC202683,sobtyr1,Camptostoma obsoletum,Southern Beardless Tyrannulet,Leonardo Ordóñez-Delgado,4.0,-1.7103,-79.3876,data/BirdClef/train_audio/sobtyr1/XC202683.ogg,gallery
XC895827,sobtyr1,Camptostoma obsoletum,Southern Beardless Tyrannulet,Dante Buzzetti,4.0,-23.3607,-46.4753,data/BirdClef/train_audio/sobtyr1/XC895827.ogg,gallery
XC245394,sobtyr1,Camptostoma obsoletum,Southern Beardless Tyrannulet,Oscar Humberto Marín Gómez &amp; Natalia Perez Amaya,3.0,6.28,-71.78,data/BirdClef/train_audio/sobtyr1/XC245394.ogg,gallery
XC174812,sobtyr1,Camptostoma obsoletum,Southern Beardless Tyrannulet,João Antônio de B. Vitto,4.0,-28.7137,-49.3091,data/BirdClef/train_audio/sobtyr1/XC174812.ogg,gallery
XC817248,sobtyr1,Camptostoma obsoletum,Southern Beardless Tyrannulet,JAYRSON ARAUJO DE OLIVEIRA,5.0,-6.3776,-47.4047,data/BirdClef/train_audio/sobtyr1/XC817248.ogg,gallery
XC642669,sobtyr1,Camptostoma obsoletum,Southern Beardless Tyrannulet,Mauricio Cuellar Ramirez (@Birding.travel),5.0,1.4898,-75.6801,data/BirdClef/train_audio/sobtyr1/XC642669.ogg,gallery
XC285170,sobtyr1,Camptostoma obsoletum,Southern Beardless Tyrannulet,Jeremy Minns,5.0,-22.4001,-44.6667,data/BirdClef/train_audio/sobtyr1/XC285170.ogg,gallery
XC566554,sobtyr1,Camptostoma obsoletum,Southern Beardless Tyrannulet,Arthur Gomes,4.0,-22.9403,-46.955,data/BirdClef/train_audio/sobtyr1/XC566554.ogg,gallery
XC148187,sobtyr1,Camptostoma obsoletum,Southern Beardless Tyrannulet,Gary Stiles (Colección de Sonidos Ambientales - Instituto Humboldt),5.0,3.9506,-73.9667,data/BirdClef/train_audio/sobtyr1/XC148187.ogg,gallery
XC872121,sobtyr1,Camptostoma obsoletum,Southern Beardless Tyrannulet,Cristopher Rodríguez-Moreira,5.0,-0.954,-80.7071,data/BirdClef/train_audio/sobtyr1/XC872121.ogg,gallery
XC706964,sobtyr1,Camptostoma obsoletum,Southern Beardless Tyrannulet,JAYRSON ARAUJO DE OLIVEIRA,4.5,-16.0538,-49.604,data/BirdClef/train_audio/sobtyr1/XC706964.ogg,gallery
XC834907,sobtyr1,Camptostoma obsoletum,Southern Beardless Tyrannulet,Bernard BOUSQUET,4.0,-31.4072,-64.5041,data/BirdClef/train_audio/sobtyr1/XC834907.ogg,gallery
XC2328,sobtyr1,Camptostoma obsoletum,Southern Beardless Tyrannulet,Sjoerd Mayer,4.0,-13.55,-61.1,data/BirdClef/train_audio/sobtyr1/XC2328.ogg,gallery
XC118094,sobtyr1,Camptostoma obsoletum,Southern Beardless Tyrannulet,Eric DeFonso,4.0,-0.0501,-78.7735,data/BirdClef/train_audio/sobtyr1/XC118094.ogg,gallery
XC258681,sobtyr1,Camptostoma obsoletum,Southern Beardless Tyrannulet,John V. Moore,5.0,-0.017,-78.685,data/BirdClef/train_audio/sobtyr1/XC258681.ogg,gallery
XC115244,sobtyr1,Camptostoma obsoletum,Southern Beardless Tyrannulet,Noé Eiterer,4.0,-20.79,-42.8882,data/BirdClef/train_audio/sobtyr1/XC115244.ogg,gallery
XC148343,sobtyr1,Camptostoma obsoletum,Southern Beardless Tyrannulet,Gary Stiles (Colección de Sonidos Ambientales - Instituto Humboldt),4.0,1.8888,-76.2888,data/BirdClef/train_audio/sobtyr1/XC148343.ogg,gallery
XC898438,sobtyr1,Camptostoma obsoletum,Southern Beardless Tyrannulet,JAYRSON ARAUJO DE OLIVEIRA,5.0,-12.3747,-44.9552,data/BirdClef/train_audio/sobtyr1/XC898438.ogg,gallery
XC428321,sobtyr1,Camptostoma obsoletum,Southern Beardless Tyrannulet,Jerome Fischer,5.0,4.351,-74.652,data/BirdClef/train_audio/sobtyr1/XC428321.ogg,gallery
XC212875,sobtyr1,Camptostoma obsoletum,Southern Beardless Tyrannulet,Manuel Espejo,4.0,5.0791,-75.6852,data/BirdClef/train_audio/sobtyr1/XC212875.ogg,gallery
XC604865,sobtyr1,Camptostoma obsoletum,Southern Beardless Tyrannulet,Miguel Angel Muñoz-Amaya,4.0,4.6429,-75.9658,data/BirdClef/train_audio/sobtyr1/XC604865.ogg,gallery
XC115381,sobtyr1,Camptostoma obsoletum,Southern Beardless Tyrannulet,Eduardo D. Schultz,3.0,-22.3717,-41.7857,data/BirdClef/train_audio/sobtyr1/XC115381.ogg,gallery
XC1011391,sobtyr1,Camptostoma obsoletum,Southern Beardless Tyrannulet,JAYRSON ARAUJO DE OLIVEIRA,4.5,-16.4353,-49.3948,data/BirdClef/train_audio/sobtyr1/XC1011391.ogg,gallery
XC832014,sobtyr1,Camptostoma obsoletum,Southern Beardless Tyrannulet,Bernard BOUSQUET,4.0,-31.8165,-58.3214,data/BirdClef/train_audio/sobtyr1/XC832014.ogg,gallery
XC640874,sobtyr1,Camptostoma obsoletum,Southern Beardless Tyrannulet,Andrés Mauricio López,4.0,4.9793,-75.5386,data/BirdClef/train_audio/sobtyr1/XC640874.ogg,gallery
XC369886,sobtyr1,Camptostoma obsoletum,Southern Beardless Tyrannulet,Carlos S. Rodrigues,3.0,-15.5404,-47.3374,data/BirdClef/train_audio/sobtyr1/XC369886.ogg,gallery
XC482382,sobtyr1,Camptostoma obsoletum,Southern Beardless Tyrannulet,Fernando Igor de Godoy,4.0,-11.7911,-38.3563,data/BirdClef/train_audio/sobtyr1/XC482382.ogg,gallery
XC288156,sobtyr1,Camptostoma obsoletum,Southern Beardless Tyrannulet,Jerome Fischer,4.0,-22.4508,-42.7735,data/BirdClef/train_audio/sobtyr1/XC288156.ogg,gallery
XC546512,sobtyr1,Camptostoma obsoletum,Southern Beardless Tyrannulet,Nunes-de-Almeida,4.0,-0.0988,-78.4129,data/BirdClef/train_audio/sobtyr1/XC546512.ogg,gallery
XC425300,sobtyr1,Camptostoma obsoletum,Southern Beardless Tyrannulet,Ricardo José Mitidieri,4.0,-22.9529,-43.16,data/BirdClef/train_audio/sobtyr1/XC425300.ogg,gallery
XC252023,sobtyr1,Camptostoma obsoletum,Southern Beardless Tyrannulet,Mayron McKewy Mejía,3.0,9.0017,-79.5814,data/BirdClef/train_audio/sobtyr1/XC252023.ogg,gallery
XC143733,sobtyr1,Camptostoma obsoletum,Southern Beardless Tyrannulet,Diego Calderon-F.,3.5,6.4632,-75.7628,data/BirdClef/train_audio/sobtyr1/XC143733.ogg,gallery
XC904473,sobtyr1,Camptostoma obsoletum,Southern Beardless Tyrannulet,Sabrina Andrea Rendon Anaya,5.0,-34.4402,-58.5455,data/BirdClef/train_audio/sobtyr1/XC904473.ogg,gallery
XC287319,sobtyr1,Camptostoma obsoletum,Southern Beardless Tyrannulet,Kerem Ali Boyla,4.0,-0.217,-78.4,data/BirdClef/train_audio/sobtyr1/XC287319.ogg,gallery
XC1054021,sobtyr1,Camptostoma obsoletum,Southern Beardless Tyrannulet,Delaitre guillaume,3.0,4.2829,-52.2854,data/BirdClef/train_audio/sobtyr1/XC1054021.ogg,gallery
XC589601,sobtyr1,Camptostoma obsoletum,Southern Beardless Tyrannulet,Mauricio Cuellar Ramirez (@Birding.travel),5.0,2.1869,-75.5584,data/BirdClef/train_audio/sobtyr1/XC589601.ogg,gallery
XC66086,sobtyr1,Camptostoma obsoletum,Southern Beardless Tyrannulet,Daniel Lane,5.0,10.4167,-67.7834,data/BirdClef/train_audio/sobtyr1/XC66086.ogg,gallery
XC741871,sobtyr1,Camptostoma obsoletum,Southern Beardless Tyrannulet,JAYRSON ARAUJO DE OLIVEIRA,4.0,-16.5456,-49.1572,data/BirdClef/train_audio/sobtyr1/XC741871.ogg,gallery
XC419518,sobtyr1,Camptostoma obsoletum,Southern Beardless Tyrannulet,Fernando Igor de Godoy,3.0,-16.4525,-39.2554,data/BirdClef/train_audio/sobtyr1/XC419518.ogg,gallery
XC1034711,sobtyr1,Camptostoma obsoletum,Southern Beardless Tyrannulet,JAYRSON ARAUJO DE OLIVEIRA,5.0,-5.7717,-47.4806,data/BirdClef/train_audio/sobtyr1/XC1034711.ogg,gallery
XC698612,sobtyr1,Camptostoma obsoletum,Southern Beardless Tyrannulet,Tulio Dornas,3.0,-12.5815,-46.4063,data/BirdClef/train_audio/sobtyr1/XC698612.ogg,gallery
XC258686,sobtyr1,Camptostoma obsoletum,Southern Beardless Tyrannulet,John V. Moore,5.0,-4.467,-80.4,data/BirdClef/train_audio/sobtyr1/XC258686.ogg,gallery
XC817224,sobtyr1,Camptostoma obsoletum,Southern Beardless Tyrannulet,JAYRSON ARAUJO DE OLIVEIRA,4.5,-7.3499,-48.2929,data/BirdClef/train_audio/sobtyr1/XC817224.ogg,gallery
XC206763,sobtyr1,Camptostoma obsoletum,Southern Beardless Tyrannulet,Eric DeFonso,5.0,-22.4508,-42.7735,data/BirdClef/train_audio/sobtyr1/XC206763.ogg,gallery
XC380948,sobtyr1,Camptostoma obsoletum,Southern Beardless Tyrannulet,Daniel Blamires,3.5,-16.3198,-50.9076,data/BirdClef/train_audio/sobtyr1/XC380948.ogg,gallery
XC218731,sobtyr1,Camptostoma obsoletum,Southern Beardless Tyrannulet,Leonardo Ordóñez-Delgado,5.0,-4.3426,-80.3427,data/BirdClef/train_audio/sobtyr1/XC218731.ogg,gallery
XC215523,sobtyr1,Camptostoma obsoletum,Southern Beardless Tyrannulet,Matt Baumann,5.0,-11.8024,-76.6234,data/BirdClef/train_audio/sobtyr1/XC215523.ogg,gallery
XC81494,sobtyr1,Camptostoma obsoletum,Southern Beardless Tyrannulet,Jeremy Minns,4.0,-24.2667,-48.4167,data/BirdClef/train_audio/sobtyr1/XC81494.ogg,gallery
XC146975,sobtyr1,Camptostoma obsoletum,Southern Beardless Tyrannulet,Rafael Antunes Dias,3.5,-31.3266,-51.0719,data/BirdClef/train_audio/sobtyr1/XC146975.ogg,gallery
XC593033,sobtyr1,Camptostoma obsoletum,Southern Beardless Tyrannulet,Edison Ocaña,5.0,-0.1865,-78.4849,data/BirdClef/train_audio/sobtyr1/XC593033.ogg,gallery
XC208631,sobtyr1,Camptostoma obsoletum,Southern Beardless Tyrannulet,Oscar Herrera Mena,4.0,9.5826,-84.267,data/BirdClef/train_audio/sobtyr1/XC208631.ogg,gallery
XC190823,sobtyr1,Camptostoma obsoletum,Southern Beardless Tyrannulet,João Gava Just,4.0,-27.6393,-48.497,data/BirdClef/train_audio/sobtyr1/XC190823.ogg,gallery
XC599432,sobtyr1,Camptostoma obsoletum,Southern Beardless Tyrannulet,JAYRSON ARAUJO DE OLIVEIRA,3.0,-16.5631,-49.285,data/BirdClef/train_audio/sobtyr1/XC599432.ogg,gallery
XC538744,sobtyr1,Camptostoma obsoletum,Southern Beardless Tyrannulet,Jerome Fischer,5.0,4.351,-74.652,data/BirdClef/train_audio/sobtyr1/XC538744.ogg,gallery
XC66017,sobtyr1,Camptostoma obsoletum,Southern Beardless Tyrannulet,Daniel Lane,5.0,8.9498,-68.0831,data/BirdClef/train_audio/sobtyr1/XC66017.ogg,gallery
XC872137,sobtyr1,Camptostoma obsoletum,Southern Beardless Tyrannulet,Cristopher Rodríguez-Moreira,4.5,-0.954,-80.7071,data/BirdClef/train_audio/sobtyr1/XC872137.ogg,gallery
XC157391,sobtyr1,Camptostoma obsoletum,Southern Beardless Tyrannulet,Antonio de Almeida Correia Junior,4.0,-26.4944,-52.2086,data/BirdClef/train_audio/sobtyr1/XC157391.ogg,gallery
XC602558,sobtyr1,Camptostoma obsoletum,Southern Beardless Tyrannulet,Peter de Rouw,5.0,-1.6759,-80.8144,data/BirdClef/train_audio/sobtyr1/XC602558.ogg,gallery
XC430468,sobtyr1,Camptostoma obsoletum,Southern Beardless Tyrannulet,Jarrod Swackhamer,3.0,-9.5981,-55.932,data/BirdClef/train_audio/sobtyr1/XC430468.ogg,gallery
XC1886,sobtyr1,Camptostoma obsoletum,Southern Beardless Tyrannulet,Sjoerd Mayer,3.5,-13.55,-61.01,data/BirdClef/train_audio/sobtyr1/XC1886.ogg,gallery
XC201967,sobtyr1,Camptostoma obsoletum,Southern Beardless Tyrannulet,Leonardo Ordóñez-Delgado,4.5,-4.272,-80.329,data/BirdClef/train_audio/sobtyr1/XC201967.ogg,gallery
XC858385,sobtyr1,Camptostoma obsoletum,Southern Beardless Tyrannulet,András Schmidt,4.0,-0.1904,-78.3493,data/BirdClef/train_audio/sobtyr1/XC858385.ogg,gallery
XC264663,sobtyr1,Camptostoma obsoletum,Southern Beardless Tyrannulet,Paul Coopmans,5.0,-6.834,-78.017,data/BirdClef/train_audio/sobtyr1/XC264663.ogg,gallery
XC81497,sobtyr1,Camptostoma obsoletum,Southern Beardless Tyrannulet,Jeremy Minns,5.0,-23.3248,-45.1329,data/BirdClef/train_audio/sobtyr1/XC81497.ogg,gallery
XC278794,sobtyr1,Camptostoma obsoletum,Southern Beardless Tyrannulet,Leonardo Ordóñez-Delgado,4.5,-4.3465,-80.4064,data/BirdClef/train_audio/sobtyr1/XC278794.ogg,gallery
XC206143,sobtyr1,Camptostoma obsoletum,Southern Beardless Tyrannulet,Jerome Fischer,5.0,-4.257,-79.2162,data/BirdClef/train_audio/sobtyr1/XC206143.ogg,gallery
XC146736,sobtyr1,Camptostoma obsoletum,Southern Beardless Tyrannulet,Rafael Antunes Dias,3.5,-31.3266,-51.0719,data/BirdClef/train_audio/sobtyr1/XC146736.ogg,gallery
XC694919,sobtyr1,Camptostoma obsoletum,Southern Beardless Tyrannulet,Christopher Rodriguez-Moreira,4.0,-0.954,-80.7071,data/BirdClef/train_audio/sobtyr1/XC694919.ogg,gallery
XC654007,sobtyr1,Camptostoma obsoletum,Southern Beardless Tyrannulet,David Monroy Rengifo,3.0,4.843,-75.8187,data/BirdClef/train_audio/sobtyr1/XC654007.ogg,gallery
XC81644,sobtyr1,Camptostoma obsoletum,Southern Beardless Tyrannulet,Jeremy Minns,5.0,-19.1456,-40.0645,data/BirdClef/train_audio/sobtyr1/XC81644.ogg,gallery
XC244974,sobtyr1,Camptostoma obsoletum,Southern Beardless Tyrannulet,Oscar Humberto Marín Gómez &amp; Juan Pablo López,3.0,5.3131,-71.3681,data/BirdClef/train_audio/sobtyr1/XC244974.ogg,gallery
XC491920,sobtyr1,Camptostoma obsoletum,Southern Beardless Tyrannulet,Arthur Gomes,4.0,-22.4069,-47.5266,data/BirdClef/train_audio/sobtyr1/XC491920.ogg,gallery
XC890944,sobtyr1,Camptostoma obsoletum,Southern Beardless Tyrannulet,Dante Buzzetti,4.0,-29.9267,-50.6676,data/BirdClef/train_audio/sobtyr1/XC890944.ogg,gallery
XC244923,sobtyr1,Camptostoma obsoletum,Southern Beardless Tyrannulet,Oscar Humberto Marín Gómez &amp; Juan Pablo López,4.0,5.145,-70.9575,data/BirdClef/train_audio/sobtyr1/XC244923.ogg,gallery
XC407449,sobtyr1,Camptostoma obsoletum,Southern Beardless Tyrannulet,Bobby Wilcox,4.0,-1.6779,-80.7952,data/BirdClef/train_audio/sobtyr1/XC407449.ogg,gallery
XC482627,sobtyr1,Camptostoma obsoletum,Southern Beardless Tyrannulet,JAYRSON ARAUJO DE OLIVEIRA,3.0,-14.625,-49.0051,data/BirdClef/train_audio/sobtyr1/XC482627.ogg,gallery
XC213747,sobtyr1,Camptostoma obsoletum,Southern Beardless Tyrannulet,Meena Haribal,5.0,-4.2824,-79.2253,data/BirdClef/train_audio/sobtyr1/XC213747.ogg,gallery
XC737912,sobtyr1,Camptostoma obsoletum,Southern Beardless Tyrannulet,Yair Guillermo Molina Martínez.,3.0,4.4921,-75.2813,data/BirdClef/train_audio/sobtyr1/XC737912.ogg,gallery
XC303620,sobtyr1,Camptostoma obsoletum,Southern Beardless Tyrannulet,Jeremy Minns,4.0,-18.2786,-43.5432,data/BirdClef/train_audio/sobtyr1/XC303620.ogg,gallery
XC375518,soulap1,Vanellus chilensis,Southern Lapwing,Albert Lastukhin,5.0,9.8788,-85.5502,data/BirdClef/train_audio/soulap1/XC375518.ogg,gallery
XC924825,soulap1,Vanellus chilensis,Southern Lapwing,Daniel Blamires,4.0,-16.4456,-51.1201,data/BirdClef/train_audio/soulap1/XC924825.ogg,gallery
XC492892,soulap1,Vanellus chilensis,Southern Lapwing,Henrique Cardoso Delfino,4.0,-29.3375,-49.751,data/BirdClef/train_audio/soulap1/XC492892.ogg,gallery
XC470214,soulap1,Vanellus chilensis,Southern Lapwing,Bobby Wilcox,5.0,-40.6656,-71.3585,data/BirdClef/train_audio/soulap1/XC470214.ogg,gallery
XC131138,soulap1,Vanellus chilensis,Southern Lapwing,Eric DeFonso,5.0,-22.4508,-42.7735,data/BirdClef/train_audio/soulap1/XC131138.ogg,gallery
XC560824,soulap1,Vanellus chilensis,Southern Lapwing,Francisco contreras,3.0,11.4947,-69.5128,data/BirdClef/train_audio/soulap1/XC560824.ogg,gallery
XC440386,soulap1,Vanellus chilensis,Southern Lapwing,Manuel Grosselet,4.0,15.2899,-92.9603,data/BirdClef/train_audio/soulap1/XC440386.ogg,gallery
XC384415,soulap1,Vanellus chilensis,Southern Lapwing,Yair Guillermo Molina Martínez.,5.0,4.379,-75.1349,data/BirdClef/train_audio/soulap1/XC384415.ogg,gallery
XC433638,soulap1,Vanellus chilensis,Southern Lapwing,Oscar Campbell,5.0,9.121,-79.6938,data/BirdClef/train_audio/soulap1/XC433638.ogg,gallery
XC421860,soulap1,Vanellus chilensis,Southern Lapwing,Fernando Igor de Godoy,5.0,-24.2783,-50.5306,data/BirdClef/train_audio/soulap1/XC421860.ogg,gallery
XC130867,soulap1,Vanellus chilensis,Southern Lapwing,Eric DeFonso,5.0,-22.4508,-42.7735,data/BirdClef/train_audio/soulap1/XC130867.ogg,gallery
XC385647,soulap1,Vanellus chilensis,Southern Lapwing,Alfonso Auerbach,4.0,13.2691,-87.4057,data/BirdClef/train_audio/soulap1/XC385647.ogg,gallery
XC546406,soulap1,Vanellus chilensis,Southern Lapwing,Dante Buzzetti,4.0,-40.1508,-71.3279,data/BirdClef/train_audio/soulap1/XC546406.ogg,gallery
XC824281,soulap1,Vanellus chilensis,Southern Lapwing,Bernard BOUSQUET,5.0,-31.8165,-58.3214,data/BirdClef/train_audio/soulap1/XC824281.ogg,gallery
XC817544,soulap1,Vanellus chilensis,Southern Lapwing,Barry Edmonston,5.0,-0.4373,-76.2804,data/BirdClef/train_audio/soulap1/XC817544.ogg,gallery
XC85478,soulap1,Vanellus chilensis,Southern Lapwing,Jeremy Minns,4.0,-24.2667,-48.4167,data/BirdClef/train_audio/soulap1/XC85478.ogg,gallery
XC668987,soulap1,Vanellus chilensis,Southern Lapwing,Henrique Moutinho,4.0,-22.9511,-43.0384,data/BirdClef/train_audio/soulap1/XC668987.ogg,gallery
XC415863,soulap1,Vanellus chilensis,Southern Lapwing,Bobby Wilcox,5.0,-45.5994,-69.0835,data/BirdClef/train_audio/soulap1/XC415863.ogg,gallery
XC568152,soulap1,Vanellus chilensis,Southern Lapwing,Jerome Fischer,4.0,4.351,-74.652,data/BirdClef/train_audio/soulap1/XC568152.ogg,gallery
XC1023404,soulap1,Vanellus chilensis,Southern Lapwing,Smily Varon,4.0,4.382,-72.723,data/BirdClef/train_audio/soulap1/XC1023404.ogg,gallery
XC393398,soulap1,Vanellus chilensis,Southern Lapwing,Nick Komar,4.5,-15.6361,-56.0668,data/BirdClef/train_audio/soulap1/XC393398.ogg,gallery
XC871852,soulap1,Vanellus chilensis,Southern Lapwing,Scott Olmstead,5.0,-32.8826,-71.5046,data/BirdClef/train_audio/soulap1/XC871852.ogg,gallery
XC148064,soulap1,Vanellus chilensis,Southern Lapwing,Gary Stiles (Colección de Sonidos Ambientales - Instituto Humboldt),4.0,6.95,-71.0,data/BirdClef/train_audio/soulap1/XC148064.ogg,gallery
XC189822,soulap1,Vanellus chilensis,Southern Lapwing,Ricardo José Mitidieri,3.0,-22.3926,-42.3662,data/BirdClef/train_audio/soulap1/XC189822.ogg,gallery
XC1883,soulap1,Vanellus chilensis,Southern Lapwing,Sjoerd Mayer,5.0,-13.55,-61.01,data/BirdClef/train_audio/soulap1/XC1883.ogg,gallery
XC705508,soulap1,Vanellus chilensis,Southern Lapwing,Richard E. Webster,4.5,-13.7656,-66.1005,data/BirdClef/train_audio/soulap1/XC705508.ogg,gallery
XC620881,soulap1,Vanellus chilensis,Southern Lapwing,Meena Haribal,4.0,-30.856,-62.929,data/BirdClef/train_audio/soulap1/XC620881.ogg,gallery
XC359463,soulap1,Vanellus chilensis,Southern Lapwing,Nick Komar,5.0,9.4984,-75.3505,data/BirdClef/train_audio/soulap1/XC359463.ogg,gallery
XC317796,soulap1,Vanellus chilensis,Southern Lapwing,Nick Komar,5.0,8.8667,-75.7859,data/BirdClef/train_audio/soulap1/XC317796.ogg,gallery
XC296138,soulap1,Vanellus chilensis,Southern Lapwing,Ross Gallardy,5.0,-42.6392,-74.1107,data/BirdClef/train_audio/soulap1/XC296138.ogg,gallery
XC816998,soulap1,Vanellus chilensis,Southern Lapwing,JAYRSON ARAUJO DE OLIVEIRA,4.5,-6.7131,-47.017,data/BirdClef/train_audio/soulap1/XC816998.ogg,gallery
XC442652,soulap1,Vanellus chilensis,Southern Lapwing,Jerome Fischer,5.0,4.771,-75.6226,data/BirdClef/train_audio/soulap1/XC442652.ogg,gallery
XC595941,soulap1,Vanellus chilensis,Southern Lapwing,Erick Nicolás Patiño Acosta,5.0,4.6601,-74.0941,data/BirdClef/train_audio/soulap1/XC595941.ogg,gallery
XC1034704,soulap1,Vanellus chilensis,Southern Lapwing,JAYRSON ARAUJO DE OLIVEIRA,5.0,-5.7717,-47.4806,data/BirdClef/train_audio/soulap1/XC1034704.ogg,gallery
XC358450,soulap1,Vanellus chilensis,Southern Lapwing,Guillermo Funes,5.0,13.3308,-88.2628,data/BirdClef/train_audio/soulap1/XC358450.ogg,gallery
XC558367,soulap1,Vanellus chilensis,Southern Lapwing,Alejandro Vivas Ruiz,4.0,2.4799,-76.5406,data/BirdClef/train_audio/soulap1/XC558367.ogg,gallery
XC540445,soulap1,Vanellus chilensis,Southern Lapwing,Dante Buzzetti,5.0,-41.4915,-72.82,data/BirdClef/train_audio/soulap1/XC540445.ogg,gallery
XC328927,soulap1,Vanellus chilensis,Southern Lapwing,Ricardo José Mitidieri,5.0,-22.8588,-44.4714,data/BirdClef/train_audio/soulap1/XC328927.ogg,gallery
XC769555,soulap1,Vanellus chilensis,Southern Lapwing,JAYRSON ARAUJO DE OLIVEIRA,4.5,-6.3776,-47.4047,data/BirdClef/train_audio/soulap1/XC769555.ogg,gallery
XC800390,soulap1,Vanellus chilensis,Southern Lapwing,JAYRSON ARAUJO DE OLIVEIRA,3.0,-16.4727,-49.4959,data/BirdClef/train_audio/soulap1/XC800390.ogg,gallery
XC440385,soulap1,Vanellus chilensis,Southern Lapwing,Manuel Grosselet,4.0,15.2899,-92.9603,data/BirdClef/train_audio/soulap1/XC440385.ogg,gallery
XC825234,soulap1,Vanellus chilensis,Southern Lapwing,András Schmidt,3.0,-0.0641,-78.5794,data/BirdClef/train_audio/soulap1/XC825234.ogg,gallery
XC1035214,soulap1,Vanellus chilensis,Southern Lapwing,JAYRSON ARAUJO DE OLIVEIRA,4.5,-7.1545,-48.6915,data/BirdClef/train_audio/soulap1/XC1035214.ogg,gallery
XC66032,soulap1,Vanellus chilensis,Southern Lapwing,Daniel Lane,5.0,8.874,-68.258,data/BirdClef/train_audio/soulap1/XC66032.ogg,gallery
XC784101,soulap1,Vanellus chilensis,Southern Lapwing,Dante Buzzetti,4.0,-35.6716,-71.2256,data/BirdClef/train_audio/soulap1/XC784101.ogg,gallery
XC338057,soulap1,Vanellus chilensis,Southern Lapwing,Romuald Mikusek,4.0,-0.5883,-77.8815,data/BirdClef/train_audio/soulap1/XC338057.ogg,gallery
XC571087,soulap1,Vanellus chilensis,Southern Lapwing,Jerome Fischer,5.0,4.351,-74.652,data/BirdClef/train_audio/soulap1/XC571087.ogg,gallery
XC385646,soulap1,Vanellus chilensis,Southern Lapwing,Alfonso Auerbach,4.0,13.2691,-87.4057,data/BirdClef/train_audio/soulap1/XC385646.ogg,gallery
XC754867,soulap1,Vanellus chilensis,Southern Lapwing,Guillermo Treboux,4.0,-32.1578,-58.5308,data/BirdClef/train_audio/soulap1/XC754867.ogg,gallery
XC855283,soulap1,Vanellus chilensis,Southern Lapwing,Barry Edmonston,5.0,-52.7719,-69.2913,data/BirdClef/train_audio/soulap1/XC855283.ogg,gallery
XC318715,soulap1,Vanellus chilensis,Southern Lapwing,Nick Komar,5.0,4.7298,-74.1421,data/BirdClef/train_audio/soulap1/XC318715.ogg,gallery
XC534308,soulap1,Vanellus chilensis,Southern Lapwing,Dante Buzzetti,5.0,-41.4873,-72.9031,data/BirdClef/train_audio/soulap1/XC534308.ogg,gallery
XC146730,soulap1,Vanellus chilensis,Southern Lapwing,Rafael Antunes Dias,4.0,-31.2595,-50.9729,data/BirdClef/train_audio/soulap1/XC146730.ogg,gallery
XC413530,soulap1,Vanellus chilensis,Southern Lapwing,JAYRSON ARAUJO DE OLIVEIRA,4.5,-14.625,-49.0051,data/BirdClef/train_audio/soulap1/XC413530.ogg,gallery
XC270226,soulap1,Vanellus chilensis,Southern Lapwing,Jerome Fischer,5.0,-22.4508,-42.7735,data/BirdClef/train_audio/soulap1/XC270226.ogg,gallery
XC396560,soulap1,Vanellus chilensis,Southern Lapwing,Étienne Leroy,5.0,-41.0992,-71.4433,data/BirdClef/train_audio/soulap1/XC396560.ogg,gallery
XC690730,soulap1,Vanellus chilensis,Southern Lapwing,JAYRSON ARAUJO DE OLIVEIRA,3.5,-16.6003,-49.2802,data/BirdClef/train_audio/soulap1/XC690730.ogg,gallery
XC446954,soulap1,Vanellus chilensis,Southern Lapwing,Leonardo Ordóñez-Delgado,5.0,-3.5664,-78.4596,data/BirdClef/train_audio/soulap1/XC446954.ogg,gallery
XC524131,soulap1,Vanellus chilensis,Southern Lapwing,Mauricio Álvarez-Rebolledo (Colección de Sonidos Ambientales - Instituto Humboldt),4.0,9.9,-75.1167,data/BirdClef/train_audio/soulap1/XC524131.ogg,gallery
XC460550,soulap1,Vanellus chilensis,Southern Lapwing,Fernando Castro,5.0,4.9492,-73.9569,data/BirdClef/train_audio/soulap1/XC460550.ogg,gallery
XC288203,soulap1,Vanellus chilensis,Southern Lapwing,Jerome Fischer,5.0,-22.4508,-42.7735,data/BirdClef/train_audio/soulap1/XC288203.ogg,gallery
XC592819,soulap1,Vanellus chilensis,Southern Lapwing,Mauricio Cuellar Ramirez (@Birding.travel),5.0,1.4898,-75.6801,data/BirdClef/train_audio/soulap1/XC592819.ogg,gallery
XC782667,soulap1,Vanellus chilensis,Southern Lapwing,Sasha Robinson,4.0,-30.9458,-62.7124,data/BirdClef/train_audio/soulap1/XC782667.ogg,gallery
XC856411,soulap1,Vanellus chilensis,Southern Lapwing,Barry Edmonston,5.0,-41.4711,-72.8359,data/BirdClef/train_audio/soulap1/XC856411.ogg,gallery
XC534168,soulap1,Vanellus chilensis,Southern Lapwing,Dante Buzzetti,4.0,-41.5077,-72.7719,data/BirdClef/train_audio/soulap1/XC534168.ogg,gallery
XC154203,soulap1,Vanellus chilensis,Southern Lapwing,Danny Zapata-Henao,3.0,6.2808,-75.4675,data/BirdClef/train_audio/soulap1/XC154203.ogg,gallery
XC492891,soulap1,Vanellus chilensis,Southern Lapwing,Henrique Cardoso Delfino,3.0,-29.3375,-49.751,data/BirdClef/train_audio/soulap1/XC492891.ogg,gallery
XC697474,soulap1,Vanellus chilensis,Southern Lapwing,JAYRSON ARAUJO DE OLIVEIRA,3.0,-9.2524,-36.4187,data/BirdClef/train_audio/soulap1/XC697474.ogg,gallery
XC863923,soulap1,Vanellus chilensis,Southern Lapwing,JAYRSON ARAUJO DE OLIVEIRA,4.5,-18.9287,-51.679,data/BirdClef/train_audio/soulap1/XC863923.ogg,gallery
XC816991,soulap1,Vanellus chilensis,Southern Lapwing,JAYRSON ARAUJO DE OLIVEIRA,4.0,-6.7131,-47.017,data/BirdClef/train_audio/soulap1/XC816991.ogg,gallery
XC974094,soulap1,Vanellus chilensis,Southern Lapwing,JAYRSON ARAUJO DE OLIVEIRA,5.0,-8.8322,-42.5476,data/BirdClef/train_audio/soulap1/XC974094.ogg,gallery
XC346204,soulap1,Vanellus chilensis,Southern Lapwing,Nick Komar,3.5,10.5257,-75.469,data/BirdClef/train_audio/soulap1/XC346204.ogg,gallery
XC396559,soulap1,Vanellus chilensis,Southern Lapwing,Étienne Leroy,5.0,-41.0992,-71.4433,data/BirdClef/train_audio/soulap1/XC396559.ogg,gallery
XC421164,soulap1,Vanellus chilensis,Southern Lapwing,Victor Antonelli,4.0,-22.8842,-48.4442,data/BirdClef/train_audio/soulap1/XC421164.ogg,gallery
XC530225,soulap1,Vanellus chilensis,Southern Lapwing,Raúl Bartolo Gutiérrez,3.0,-37.9058,-73.2909,data/BirdClef/train_audio/soulap1/XC530225.ogg,gallery
XC157884,soulap1,Vanellus chilensis,Southern Lapwing,Jeisson Poveda,5.0,4.9166,-75.0937,data/BirdClef/train_audio/soulap1/XC157884.ogg,gallery
XC288528,soulap1,Vanellus chilensis,Southern Lapwing,Marcelo Villegas,5.0,-28.3286,-49.5848,data/BirdClef/train_audio/soulap1/XC288528.ogg,gallery
XC244850,soulap1,Vanellus chilensis,Southern Lapwing,Oscar Humberto Marín Gómez &amp; Juan Pablo López,5.0,5.145,-70.9575,data/BirdClef/train_audio/soulap1/XC244850.ogg,gallery
XC419261,soulap1,Vanellus chilensis,Southern Lapwing,JAYRSON ARAUJO DE OLIVEIRA,5.0,-16.5728,-49.3122,data/BirdClef/train_audio/soulap1/XC419261.ogg,gallery
XC737429,soulap1,Vanellus chilensis,Southern Lapwing,JAYRSON ARAUJO DE OLIVEIRA,4.5,-17.1888,-48.7335,data/BirdClef/train_audio/soulap1/XC737429.ogg,gallery
XC462571,soulap1,Vanellus chilensis,Southern Lapwing,Rosendo Manuel Fraga,4.0,-35.2501,-59.2167,data/BirdClef/train_audio/soulap1/XC462571.ogg,gallery
XC563293,soulap1,Vanellus chilensis,Southern Lapwing,Rosendo Manuel Fraga,4.0,10.5441,-63.1213,data/BirdClef/train_audio/soulap1/XC563293.ogg,gallery
XC435797,soulap1,Vanellus chilensis,Southern Lapwing,Guy Kirwan,4.0,-8.9371,-62.0576,data/BirdClef/train_audio/soulap1/XC435797.ogg,gallery
XC799783,soulap1,Vanellus chilensis,Southern Lapwing,Dante Buzzetti,4.0,5.0861,-74.7076,data/BirdClef/train_audio/soulap1/XC799783.ogg,gallery
XC507688,soulap1,Vanellus chilensis,Southern Lapwing,Daniel Blamires,3.5,-16.4456,-51.1201,data/BirdClef/train_audio/soulap1/XC507688.ogg,gallery
XC896063,soulap1,Vanellus chilensis,Southern Lapwing,Guillermo Treboux,4.0,-39.7572,-71.4355,data/BirdClef/train_audio/soulap1/XC896063.ogg,gallery
XC902289,soulap1,Vanellus chilensis,Southern Lapwing,Guillermo Treboux,4.0,-32.5117,-58.2963,data/BirdClef/train_audio/soulap1/XC902289.ogg,gallery
XC438169,soulap1,Vanellus chilensis,Southern Lapwing,Blair Jollands,3.0,6.2339,-75.1561,data/BirdClef/train_audio/soulap1/XC438169.ogg,gallery
XC660374,soulap1,Vanellus chilensis,Southern Lapwing,Jacob Socolar,3.0,-0.6382,-72.3624,data/BirdClef/train_audio/soulap1/XC660374.ogg,gallery
XC752860,soulap1,Vanellus chilensis,Southern Lapwing,Daniel Blamires,3.0,-16.4456,-51.1201,data/BirdClef/train_audio/soulap1/XC752860.ogg,gallery
XC456659,soulap1,Vanellus chilensis,Southern Lapwing,David Monroy Rengifo,5.0,4.7175,-75.6242,data/BirdClef/train_audio/soulap1/XC456659.ogg,gallery
XC811885,soulap1,Vanellus chilensis,Southern Lapwing,JAYRSON ARAUJO DE OLIVEIRA,5.0,-16.9039,-49.2218,data/BirdClef/train_audio/soulap1/XC811885.ogg,gallery
XC1012156,soulap1,Vanellus chilensis,Southern Lapwing,Marcos E. Sosa,5.0,-27.4902,-55.7766,data/BirdClef/train_audio/soulap1/XC1012156.ogg,gallery
XC1882,soulap1,Vanellus chilensis,Southern Lapwing,Sjoerd Mayer,5.0,-13.55,-61.01,data/BirdClef/train_audio/soulap1/XC1882.ogg,gallery
XC819400,soulap1,Vanellus chilensis,Southern Lapwing,David Monroy Rengifo,4.0,4.843,-75.8187,data/BirdClef/train_audio/soulap1/XC819400.ogg,gallery
XC837717,soulap1,Vanellus chilensis,Southern Lapwing,Bernard BOUSQUET,3.5,-31.8168,-64.4233,data/BirdClef/train_audio/soulap1/XC837717.ogg,gallery
XC116245,soulap1,Vanellus chilensis,Southern Lapwing,Andrew Spencer,5.0,-16.3834,-56.6167,data/BirdClef/train_audio/soulap1/XC116245.ogg,gallery
XC412737,soulap1,Vanellus chilensis,Southern Lapwing,Emmanuel Laverde,5.0,4.867,-73.995,data/BirdClef/train_audio/soulap1/XC412737.ogg,gallery
XC580177,soulap1,Vanellus chilensis,Southern Lapwing,Dante Buzzetti,5.0,-20.5983,-51.8416,data/BirdClef/train_audio/soulap1/XC580177.ogg,gallery
XC928580,soulap1,Vanellus chilensis,Southern Lapwing,JAYRSON ARAUJO DE OLIVEIRA,4.5,-16.4353,-49.3948,data/BirdClef/train_audio/soulap1/XC928580.ogg,gallery
XC446953,soulap1,Vanellus chilensis,Southern Lapwing,Leonardo Ordóñez-Delgado,5.0,-3.5664,-78.4596,data/BirdClef/train_audio/soulap1/XC446953.ogg,gallery
XC1039910,soulap1,Vanellus chilensis,Southern Lapwing,Smily Varon,4.0,4.446,-72.613,data/BirdClef/train_audio/soulap1/XC1039910.ogg,gallery
XC438580,soulap1,Vanellus chilensis,Southern Lapwing,Jerome Fischer,4.0,-4.2889,-70.2948,data/BirdClef/train_audio/soulap1/XC438580.ogg,gallery
XC789522,soulap1,Vanellus chilensis,Southern Lapwing,JAYRSON ARAUJO DE OLIVEIRA,5.0,-13.3558,-47.2809,data/BirdClef/train_audio/soulap1/XC789522.ogg,gallery
XC375519,soulap1,Vanellus chilensis,Southern Lapwing,Albert Lastukhin,5.0,9.8788,-85.5502,data/BirdClef/train_audio/soulap1/XC375519.ogg,gallery
XC883513,soulap1,Vanellus chilensis,Southern Lapwing,Daniel Capella,5.0,-6.3022,-50.4659,data/BirdClef/train_audio/soulap1/XC883513.ogg,gallery
XC343265,soulap1,Vanellus chilensis,Southern Lapwing,Nick Komar,5.0,-20.4554,-54.5798,data/BirdClef/train_audio/soulap1/XC343265.ogg,gallery
XC506875,soulap1,Vanellus chilensis,Southern Lapwing,Dennis Castillo-Figueroa,5.0,3.9917,-73.7661,data/BirdClef/train_audio/soulap1/XC506875.ogg,gallery
XC562823,soulap1,Vanellus chilensis,Southern Lapwing,Simon Mills,4.0,4.499,-73.6473,data/BirdClef/train_audio/soulap1/XC562823.ogg,gallery
XC531935,soulap1,Vanellus chilensis,Southern Lapwing,JAYRSON ARAUJO DE OLIVEIRA,3.0,-16.6003,-49.2802,data/BirdClef/train_audio/soulap1/XC531935.ogg,gallery
XC530724,soulap1,Vanellus chilensis,Southern Lapwing,Ricardo José Mitidieri,4.0,-22.9511,-43.0384,data/BirdClef/train_audio/soulap1/XC530724.ogg,gallery
XC974563,soulap1,Vanellus chilensis,Southern Lapwing,JAYRSON ARAUJO DE OLIVEIRA,4.5,-4.7958,-42.615,data/BirdClef/train_audio/soulap1/XC974563.ogg,gallery
XC244975,soulap1,Vanellus chilensis,Southern Lapwing,Oscar Humberto Marín Gómez &amp; Juan Pablo López,5.0,5.3131,-71.3681,data/BirdClef/train_audio/soulap1/XC244975.ogg,gallery
XC66050,soulap1,Vanellus chilensis,Southern Lapwing,Daniel Lane,5.0,8.967,-68.078,data/BirdClef/train_audio/soulap1/XC66050.ogg,gallery
XC625531,soulap1,Vanellus chilensis,Southern Lapwing,Mauricio Cuellar Ramirez (@Birding.travel),5.0,1.4898,-75.6801,data/BirdClef/train_audio/soulap1/XC625531.ogg,gallery
XC834382,soulap1,Vanellus chilensis,Southern Lapwing,Bernard BOUSQUET,5.0,-31.3976,-64.5081,data/BirdClef/train_audio/soulap1/XC834382.ogg,gallery
XC70818,soulap1,Vanellus chilensis,Southern Lapwing,Daniel Lane,4.0,-29.494,-50.73,data/BirdClef/train_audio/soulap1/XC70818.ogg,gallery
XC396548,soulap1,Vanellus chilensis,Southern Lapwing,"Karen Gómez Arias, Miyer Legarda Vera &amp; Karen Moreno Yate",4.0,5.0677,-75.5293,data/BirdClef/train_audio/soulap1/XC396548.ogg,gallery
XC915943,soulap1,Vanellus chilensis,Southern Lapwing,Sara L. Castro (Museo de Historia Natural Unillanos),5.0,4.0744,-73.5829,data/BirdClef/train_audio/soulap1/XC915943.ogg,gallery
XC713161,soulap1,Vanellus chilensis,Southern Lapwing,Barry Edmonston,4.0,-9.3633,-40.6869,data/BirdClef/train_audio/soulap1/XC713161.ogg,gallery
XC375517,soulap1,Vanellus chilensis,Southern Lapwing,Albert Lastukhin,5.0,9.8788,-85.5502,data/BirdClef/train_audio/soulap1/XC375517.ogg,gallery
XC232487,soulap1,Vanellus chilensis,Southern Lapwing,Mayron McKewy Mejía,4.0,8.9996,-79.5834,data/BirdClef/train_audio/soulap1/XC232487.ogg,gallery
XC269293,soulap1,Vanellus chilensis,Southern Lapwing,Jerome Fischer,5.0,-22.4508,-42.7735,data/BirdClef/train_audio/soulap1/XC269293.ogg,gallery
XC893888,soulap1,Vanellus chilensis,Southern Lapwing,Paul Driver,3.0,-0.4644,-77.888,data/BirdClef/train_audio/soulap1/XC893888.ogg,gallery
XC1067733,soulap1,Vanellus chilensis,Southern Lapwing,Guillermo Menéndez (gmmv80),5.0,-23.0677,-57.386,data/BirdClef/train_audio/soulap1/XC1067733.ogg,gallery
XC712956,soulap1,Vanellus chilensis,Southern Lapwing,Barry Edmonston,3.0,-7.7568,-39.8771,data/BirdClef/train_audio/soulap1/XC712956.ogg,gallery
XC113781,soulap1,Vanellus chilensis,Southern Lapwing,Noé Eiterer,4.0,-20.8004,-42.8884,data/BirdClef/train_audio/soulap1/XC113781.ogg,gallery
XC637646,soulap1,Vanellus chilensis,Southern Lapwing,daniel stiven osorio olaya,4.0,2.5468,-75.3,data/BirdClef/train_audio/soulap1/XC637646.ogg,gallery
XC699645,soulap1,Vanellus chilensis,Southern Lapwing,JAYRSON ARAUJO DE OLIVEIRA,4.0,-16.0538,-49.604,data/BirdClef/train_audio/soulap1/XC699645.ogg,gallery
XC902305,soulap1,Vanellus chilensis,Southern Lapwing,Guillermo Treboux,4.0,-32.5117,-58.2963,data/BirdClef/train_audio/soulap1/XC902305.ogg,gallery
XC170034,soulap1,Vanellus chilensis,Southern Lapwing,Roney Assis Souza,4.0,-19.2204,-42.4832,data/BirdClef/train_audio/soulap1/XC170034.ogg,gallery
XC415812,soulap1,Vanellus chilensis,Southern Lapwing,Bobby Wilcox,4.0,-44.8004,-65.7095,data/BirdClef/train_audio/soulap1/XC415812.ogg,gallery
XC85479,soulap1,Vanellus chilensis,Southern Lapwing,Jeremy Minns,4.0,-29.4501,-50.5667,data/BirdClef/train_audio/soulap1/XC85479.ogg,gallery
XC550002,soulap1,Vanellus chilensis,Southern Lapwing,Mauricio Cuellar Ramirez (@Birding.travel),5.0,1.4898,-75.6801,data/BirdClef/train_audio/soulap1/XC550002.ogg,gallery
XC130858,soulap1,Vanellus chilensis,Southern Lapwing,Eric DeFonso,3.5,-22.4508,-42.7735,data/BirdClef/train_audio/soulap1/XC130858.ogg,gallery
XC837994,soulap1,Vanellus chilensis,Southern Lapwing,JAYRSON ARAUJO DE OLIVEIRA,5.0,-14.0858,-50.8244,data/BirdClef/train_audio/soulap1/XC837994.ogg,gallery
XC600438,soulap1,Vanellus chilensis,Southern Lapwing,Thiago Augusto Mendes Pinheiro,4.0,-20.2551,-46.4101,data/BirdClef/train_audio/soulap1/XC600438.ogg,gallery
XC896043,squcuc1,Piaya cayana,Common Squirrel-Cuckoo,Guillermo Treboux,5.0,-31.869,-58.2089,data/BirdClef/train_audio/squcuc1/XC896043.ogg,gallery
XC198770,squcuc1,Piaya cayana,Common Squirrel-Cuckoo,Roberto Buss Stringari,5.0,-31.6832,-53.7472,data/BirdClef/train_audio/squcuc1/XC198770.ogg,gallery
XC118588,squcuc1,Piaya cayana,Common Squirrel-Cuckoo,João Gava,3.0,-28.638,-49.498,data/BirdClef/train_audio/squcuc1/XC118588.ogg,gallery
XC190829,squcuc1,Piaya cayana,Common Squirrel-Cuckoo,João Gava Just,4.0,-27.6393,-48.497,data/BirdClef/train_audio/squcuc1/XC190829.ogg,gallery
XC444441,squcuc1,Piaya cayana,Common Squirrel-Cuckoo,Rosendo Manuel Fraga,5.0,-27.4284,-56.7524,data/BirdClef/train_audio/squcuc1/XC444441.ogg,gallery
XC927104,squcuc1,Piaya cayana,Common Squirrel-Cuckoo,JAYRSON ARAUJO DE OLIVEIRA,5.0,-26.7756,-48.7144,data/BirdClef/train_audio/squcuc1/XC927104.ogg,gallery
XC377007,squcuc1,Piaya cayana,Common Squirrel-Cuckoo,Bobby Wilcox,3.0,-26.519,-53.991,data/BirdClef/train_audio/squcuc1/XC377007.ogg,gallery
XC958047,squcuc1,Piaya cayana,Common Squirrel-Cuckoo,Luisa,4.0,-26.5167,-53.9834,data/BirdClef/train_audio/squcuc1/XC958047.ogg,gallery
XC490717,squcuc1,Piaya cayana,Common Squirrel-Cuckoo,Fernando Igor de Godoy,4.0,-25.9809,-50.1977,data/BirdClef/train_audio/squcuc1/XC490717.ogg,gallery
XC490716,squcuc1,Piaya cayana,Common Squirrel-Cuckoo,Fernando Igor de Godoy,3.0,-25.9809,-50.1977,data/BirdClef/train_audio/squcuc1/XC490716.ogg,gallery
XC774703,squcuc1,Piaya cayana,Common Squirrel-Cuckoo,Bobby Wilcox,4.0,-25.6785,-54.4507,data/BirdClef/train_audio/squcuc1/XC774703.ogg,gallery
XC422162,squcuc1,Piaya cayana,Common Squirrel-Cuckoo,JAYRSON ARAUJO DE OLIVEIRA,4.0,-25.5163,-54.5854,data/BirdClef/train_audio/squcuc1/XC422162.ogg,gallery
XC299007,squcuc1,Piaya cayana,Common Squirrel-Cuckoo,Fernando Igor de Godoy,5.0,-24.2783,-50.5306,data/BirdClef/train_audio/squcuc1/XC299007.ogg,gallery
XC295939,squcuc1,Piaya cayana,Common Squirrel-Cuckoo,Fernando Igor de Godoy,3.0,-24.2783,-50.5306,data/BirdClef/train_audio/squcuc1/XC295939.ogg,gallery
XC384754,squcuc1,Piaya cayana,Common Squirrel-Cuckoo,Luiz C.  Silva,4.0,-23.9571,-52.1851,data/BirdClef/train_audio/squcuc1/XC384754.ogg,gallery
XC187456,squcuc1,Piaya cayana,Common Squirrel-Cuckoo,Marcos Melo,4.0,-23.9557,-46.6503,data/BirdClef/train_audio/squcuc1/XC187456.ogg,gallery
XC211707,squcuc1,Piaya cayana,Common Squirrel-Cuckoo,Fernando Igor de Godoy,5.0,-23.6551,-47.9195,data/BirdClef/train_audio/squcuc1/XC211707.ogg,gallery
XC211706,squcuc1,Piaya cayana,Common Squirrel-Cuckoo,Fernando Igor de Godoy,4.0,-23.59,-46.66,data/BirdClef/train_audio/squcuc1/XC211706.ogg,gallery
XC85305,squcuc1,Piaya cayana,Common Squirrel-Cuckoo,Jeremy Minns,4.0,-23.5684,-45.3026,data/BirdClef/train_audio/squcuc1/XC85305.ogg,gallery
XC1064355,squcuc1,Piaya cayana,Common Squirrel-Cuckoo,Henry Miller Alexandre,3.0,-23.4614,-45.1343,data/BirdClef/train_audio/squcuc1/XC1064355.ogg,gallery
XC85311,squcuc1,Piaya cayana,Common Squirrel-Cuckoo,Jeremy Minns,3.5,-23.3958,-45.0645,data/BirdClef/train_audio/squcuc1/XC85311.ogg,gallery
XC550377,squcuc1,Piaya cayana,Common Squirrel-Cuckoo,Dante Buzzetti,4.0,-23.2506,-45.9736,data/BirdClef/train_audio/squcuc1/XC550377.ogg,gallery
XC588081,squcuc1,Piaya cayana,Common Squirrel-Cuckoo,Rodrigo Dela Rosa,4.0,-23.07,-45.939,data/BirdClef/train_audio/squcuc1/XC588081.ogg,gallery
XC349309,squcuc1,Piaya cayana,Common Squirrel-Cuckoo,Rodrigo Dela Rosa,4.0,-23.0401,-46.0328,data/BirdClef/train_audio/squcuc1/XC349309.ogg,gallery
XC599771,squcuc1,Piaya cayana,Common Squirrel-Cuckoo,Ricardo José Mitidieri,5.0,-22.9511,-43.0384,data/BirdClef/train_audio/squcuc1/XC599771.ogg,gallery
XC433346,squcuc1,Piaya cayana,Common Squirrel-Cuckoo,Victor Antonelli,4.0,-22.8842,-48.4442,data/BirdClef/train_audio/squcuc1/XC433346.ogg,gallery
XC433345,squcuc1,Piaya cayana,Common Squirrel-Cuckoo,Victor Antonelli,4.0,-22.8842,-48.4442,data/BirdClef/train_audio/squcuc1/XC433345.ogg,gallery
XC604440,squcuc1,Piaya cayana,Common Squirrel-Cuckoo,Ricardo José Mitidieri,5.0,-22.758,-41.9659,data/BirdClef/train_audio/squcuc1/XC604440.ogg,gallery
XC1064336,squcuc1,Piaya cayana,Common Squirrel-Cuckoo,Fabrício Grigolin,5.0,-22.6198,-52.1829,data/BirdClef/train_audio/squcuc1/XC1064336.ogg,gallery
XC391951,squcuc1,Piaya cayana,Common Squirrel-Cuckoo,Bobby Wilcox,4.0,-22.4508,-42.7735,data/BirdClef/train_audio/squcuc1/XC391951.ogg,gallery
XC277071,squcuc1,Piaya cayana,Common Squirrel-Cuckoo,Jerome Fischer,5.0,-22.4508,-42.7735,data/BirdClef/train_audio/squcuc1/XC277071.ogg,gallery
XC277058,squcuc1,Piaya cayana,Common Squirrel-Cuckoo,Jerome Fischer,4.5,-22.4508,-42.7735,data/BirdClef/train_audio/squcuc1/XC277058.ogg,gallery
XC274856,squcuc1,Piaya cayana,Common Squirrel-Cuckoo,Jerome Fischer,5.0,-22.4508,-42.7735,data/BirdClef/train_audio/squcuc1/XC274856.ogg,gallery
XC85303,squcuc1,Piaya cayana,Common Squirrel-Cuckoo,Jeremy Minns,4.0,-22.4001,-44.6667,data/BirdClef/train_audio/squcuc1/XC85303.ogg,gallery
XC379257,squcuc1,Piaya cayana,Common Squirrel-Cuckoo,Ricardo José Mitidieri,4.0,-22.3809,-42.8169,data/BirdClef/train_audio/squcuc1/XC379257.ogg,gallery
XC496463,squcuc1,Piaya cayana,Common Squirrel-Cuckoo,Fernando Igor de Godoy,4.0,-22.3734,-48.3861,data/BirdClef/train_audio/squcuc1/XC496463.ogg,gallery
XC418645,squcuc1,Piaya cayana,Common Squirrel-Cuckoo,Ricardo José Mitidieri,4.0,-22.327,-43.1693,data/BirdClef/train_audio/squcuc1/XC418645.ogg,gallery
XC704304,squcuc1,Piaya cayana,Common Squirrel-Cuckoo,Fernando Igor de Godoy,3.0,-21.8933,-49.0196,data/BirdClef/train_audio/squcuc1/XC704304.ogg,gallery
XC704303,squcuc1,Piaya cayana,Common Squirrel-Cuckoo,Fernando Igor de Godoy,3.0,-21.8933,-49.0196,data/BirdClef/train_audio/squcuc1/XC704303.ogg,gallery
XC113860,squcuc1,Piaya cayana,Common Squirrel-Cuckoo,Noé Eiterer,4.0,-20.8004,-42.8884,data/BirdClef/train_audio/squcuc1/XC113860.ogg,gallery
XC537637,squcuc1,Piaya cayana,Common Squirrel-Cuckoo,Diego Murta,5.0,-20.3667,-43.4834,data/BirdClef/train_audio/squcuc1/XC537637.ogg,gallery
XC489716,squcuc1,Piaya cayana,Common Squirrel-Cuckoo,Diego Murta,5.0,-20.3667,-43.4834,data/BirdClef/train_audio/squcuc1/XC489716.ogg,gallery
XC489715,squcuc1,Piaya cayana,Common Squirrel-Cuckoo,Diego Murta,5.0,-20.0532,-44.0186,data/BirdClef/train_audio/squcuc1/XC489715.ogg,gallery
XC277108,squcuc1,Piaya cayana,Common Squirrel-Cuckoo,Lia Nahomi Kajiki,4.0,-19.8595,-43.0913,data/BirdClef/train_audio/squcuc1/XC277108.ogg,gallery
XC256638,squcuc1,Piaya cayana,Common Squirrel-Cuckoo,Roney Souza,4.0,-19.4144,-42.4151,data/BirdClef/train_audio/squcuc1/XC256638.ogg,gallery
XC169834,squcuc1,Piaya cayana,Common Squirrel-Cuckoo,Roney Assis Souza,5.0,-19.2204,-42.4832,data/BirdClef/train_audio/squcuc1/XC169834.ogg,gallery
XC170027,squcuc1,Piaya cayana,Common Squirrel-Cuckoo,Roney Assis Souza,4.0,-19.2204,-42.4832,data/BirdClef/train_audio/squcuc1/XC170027.ogg,gallery
XC263065,squcuc1,Piaya cayana,Common Squirrel-Cuckoo,Roney Souza,4.0,-19.2204,-42.4832,data/BirdClef/train_audio/squcuc1/XC263065.ogg,gallery
XC85313,squcuc1,Piaya cayana,Common Squirrel-Cuckoo,Jeremy Minns,4.0,-19.1456,-40.0645,data/BirdClef/train_audio/squcuc1/XC85313.ogg,gallery
XC838543,squcuc1,Piaya cayana,Common Squirrel-Cuckoo,JAYRSON ARAUJO DE OLIVEIRA,5.0,-18.9287,-51.679,data/BirdClef/train_audio/squcuc1/XC838543.ogg,gallery
XC863788,squcuc1,Piaya cayana,Common Squirrel-Cuckoo,JAYRSON ARAUJO DE OLIVEIRA,3.0,-18.9287,-51.679,data/BirdClef/train_audio/squcuc1/XC863788.ogg,gallery
XC703300,squcuc1,Piaya cayana,Common Squirrel-Cuckoo,Richard E. Webster,4.5,-18.1051,-63.5983,data/BirdClef/train_audio/squcuc1/XC703300.ogg,gallery
XC85304,squcuc1,Piaya cayana,Common Squirrel-Cuckoo,Jeremy Minns,3.5,-17.3986,-44.8068,data/BirdClef/train_audio/squcuc1/XC85304.ogg,gallery
XC2375,squcuc1,Piaya cayana,Common Squirrel-Cuckoo,Sjoerd Mayer,3.0,-16.9834,-65.4084,data/BirdClef/train_audio/squcuc1/XC2375.ogg,gallery
XC811922,squcuc1,Piaya cayana,Common Squirrel-Cuckoo,JAYRSON ARAUJO DE OLIVEIRA,5.0,-16.9039,-49.2218,data/BirdClef/train_audio/squcuc1/XC811922.ogg,gallery
XC124601,squcuc1,Piaya cayana,Common Squirrel-Cuckoo,Eric DeFonso,3.5,-16.7581,-56.8764,data/BirdClef/train_audio/squcuc1/XC124601.ogg,gallery
XC124599,squcuc1,Piaya cayana,Common Squirrel-Cuckoo,Eric DeFonso,4.0,-16.7581,-56.8764,data/BirdClef/train_audio/squcuc1/XC124599.ogg,gallery
XC500052,squcuc1,Piaya cayana,Common Squirrel-Cuckoo,JAYRSON ARAUJO DE OLIVEIRA,4.5,-16.6003,-49.2802,data/BirdClef/train_audio/squcuc1/XC500052.ogg,gallery
XC500038,squcuc1,Piaya cayana,Common Squirrel-Cuckoo,JAYRSON ARAUJO DE OLIVEIRA,5.0,-16.6003,-49.2802,data/BirdClef/train_audio/squcuc1/XC500038.ogg,gallery
XC662173,squcuc1,Piaya cayana,Common Squirrel-Cuckoo,JAYRSON ARAUJO DE OLIVEIRA,4.0,-16.5849,-49.1211,data/BirdClef/train_audio/squcuc1/XC662173.ogg,gallery
XC403835,squcuc1,Piaya cayana,Common Squirrel-Cuckoo,JAYRSON ARAUJO DE OLIVEIRA,4.0,-16.5631,-49.285,data/BirdClef/train_audio/squcuc1/XC403835.ogg,gallery
XC401246,squcuc1,Piaya cayana,Common Squirrel-Cuckoo,JAYRSON ARAUJO DE OLIVEIRA,5.0,-16.5587,-49.2795,data/BirdClef/train_audio/squcuc1/XC401246.ogg,gallery
XC1027574,squcuc1,Piaya cayana,Common Squirrel-Cuckoo,JAYRSON ARAUJO DE OLIVEIRA,5.0,-16.5108,-49.2939,data/BirdClef/train_audio/squcuc1/XC1027574.ogg,gallery
XC800378,squcuc1,Piaya cayana,Common Squirrel-Cuckoo,JAYRSON ARAUJO DE OLIVEIRA,3.5,-16.4727,-49.4959,data/BirdClef/train_audio/squcuc1/XC800378.ogg,gallery
XC961358,squcuc1,Piaya cayana,Common Squirrel-Cuckoo,JAYRSON ARAUJO DE OLIVEIRA,4.5,-16.4353,-49.3948,data/BirdClef/train_audio/squcuc1/XC961358.ogg,gallery
XC960460,squcuc1,Piaya cayana,Common Squirrel-Cuckoo,JAYRSON ARAUJO DE OLIVEIRA,3.5,-16.4353,-49.3948,data/BirdClef/train_audio/squcuc1/XC960460.ogg,gallery
XC572934,squcuc1,Piaya cayana,Common Squirrel-Cuckoo,JAYRSON ARAUJO DE OLIVEIRA,3.0,-16.4314,-49.1459,data/BirdClef/train_audio/squcuc1/XC572934.ogg,gallery
XC401255,squcuc1,Piaya cayana,Common Squirrel-Cuckoo,JAYRSON ARAUJO DE OLIVEIRA,5.0,-16.3579,-39.1351,data/BirdClef/train_audio/squcuc1/XC401255.ogg,gallery
XC305413,squcuc1,Piaya cayana,Common Squirrel-Cuckoo,Daniel Blamires,3.5,-16.3198,-50.9076,data/BirdClef/train_audio/squcuc1/XC305413.ogg,gallery
XC421429,squcuc1,Piaya cayana,Common Squirrel-Cuckoo,Fernando Igor de Godoy,3.0,-16.0845,-39.3405,data/BirdClef/train_audio/squcuc1/XC421429.ogg,gallery
XC682987,squcuc1,Piaya cayana,Common Squirrel-Cuckoo,JAYRSON ARAUJO DE OLIVEIRA,3.0,-16.0538,-49.604,data/BirdClef/train_audio/squcuc1/XC682987.ogg,gallery
XC419554,squcuc1,Piaya cayana,Common Squirrel-Cuckoo,Fernando Igor de Godoy,4.0,-15.8816,-38.9001,data/BirdClef/train_audio/squcuc1/XC419554.ogg,gallery
XC932689,squcuc1,Piaya cayana,Common Squirrel-Cuckoo,JAYRSON ARAUJO DE OLIVEIRA,4.5,-15.8751,-48.9345,data/BirdClef/train_audio/squcuc1/XC932689.ogg,gallery
XC1017591,squcuc1,Piaya cayana,Common Squirrel-Cuckoo,Fabrício Grigolin,4.0,-15.7826,-47.9265,data/BirdClef/train_audio/squcuc1/XC1017591.ogg,gallery
XC443357,squcuc1,Piaya cayana,Common Squirrel-Cuckoo,JAYRSON ARAUJO DE OLIVEIRA,4.5,-14.625,-49.0051,data/BirdClef/train_audio/squcuc1/XC443357.ogg,gallery
XC619313,squcuc1,Piaya cayana,Common Squirrel-Cuckoo,JAYRSON ARAUJO DE OLIVEIRA,3.5,-14.625,-49.0051,data/BirdClef/train_audio/squcuc1/XC619313.ogg,gallery
XC443356,squcuc1,Piaya cayana,Common Squirrel-Cuckoo,JAYRSON ARAUJO DE OLIVEIRA,4.0,-14.625,-49.0051,data/BirdClef/train_audio/squcuc1/XC443356.ogg,gallery
XC63870,squcuc1,Piaya cayana,Common Squirrel-Cuckoo,Joseph Tobias and Nathalie Seddon,4.0,-14.55,-60.93,data/BirdClef/train_audio/squcuc1/XC63870.ogg,gallery
XC85308,squcuc1,Piaya cayana,Common Squirrel-Cuckoo,Jeremy Minns,4.0,-14.3834,-40.1001,data/BirdClef/train_audio/squcuc1/XC85308.ogg,gallery
XC838062,squcuc1,Piaya cayana,Common Squirrel-Cuckoo,JAYRSON ARAUJO DE OLIVEIRA,4.5,-14.0858,-50.8244,data/BirdClef/train_audio/squcuc1/XC838062.ogg,gallery
XC837927,squcuc1,Piaya cayana,Common Squirrel-Cuckoo,JAYRSON ARAUJO DE OLIVEIRA,4.5,-14.0858,-50.8244,data/BirdClef/train_audio/squcuc1/XC837927.ogg,gallery
XC901539,squcuc1,Piaya cayana,Common Squirrel-Cuckoo,JAYRSON ARAUJO DE OLIVEIRA,5.0,-13.8891,-50.1832,data/BirdClef/train_audio/squcuc1/XC901539.ogg,gallery
XC901370,squcuc1,Piaya cayana,Common Squirrel-Cuckoo,JAYRSON ARAUJO DE OLIVEIRA,5.0,-13.8891,-50.1832,data/BirdClef/train_audio/squcuc1/XC901370.ogg,gallery
XC789601,squcuc1,Piaya cayana,Common Squirrel-Cuckoo,JAYRSON ARAUJO DE OLIVEIRA,5.0,-13.3558,-47.2809,data/BirdClef/train_audio/squcuc1/XC789601.ogg,gallery
XC962453,squcuc1,Piaya cayana,Common Squirrel-Cuckoo,Richard E. Webster,4.0,-12.8754,-69.4096,data/BirdClef/train_audio/squcuc1/XC962453.ogg,gallery
XC123090,squcuc1,Piaya cayana,Common Squirrel-Cuckoo,Eric DeFonso,5.0,-12.7945,-71.3979,data/BirdClef/train_audio/squcuc1/XC123090.ogg,gallery
XC85310,squcuc1,Piaya cayana,Common Squirrel-Cuckoo,Jeremy Minns,4.0,-12.5834,-41.3667,data/BirdClef/train_audio/squcuc1/XC85310.ogg,gallery
XC85309,squcuc1,Piaya cayana,Common Squirrel-Cuckoo,Jeremy Minns,3.5,-12.5834,-41.3667,data/BirdClef/train_audio/squcuc1/XC85309.ogg,gallery
XC132047,squcuc1,Piaya cayana,Common Squirrel-Cuckoo,Martin St-Michel,4.0,-12.0478,-69.6759,data/BirdClef/train_audio/squcuc1/XC132047.ogg,gallery
XC755109,squcuc1,Piaya cayana,Common Squirrel-Cuckoo,JAYRSON ARAUJO DE OLIVEIRA,5.0,-11.7734,-55.3891,data/BirdClef/train_audio/squcuc1/XC755109.ogg,gallery
XC978451,squcuc1,Piaya cayana,Common Squirrel-Cuckoo,JAYRSON ARAUJO DE OLIVEIRA,4.5,-11.7646,-55.4282,data/BirdClef/train_audio/squcuc1/XC978451.ogg,gallery
XC755027,squcuc1,Piaya cayana,Common Squirrel-Cuckoo,JAYRSON ARAUJO DE OLIVEIRA,4.0,-11.586,-55.3988,data/BirdClef/train_audio/squcuc1/XC755027.ogg,gallery
XC2434,squcuc1,Piaya cayana,Common Squirrel-Cuckoo,Sjoerd Mayer,5.0,-10.9334,-65.9667,data/BirdClef/train_audio/squcuc1/XC2434.ogg,gallery
XC859103,squcuc1,Piaya cayana,Common Squirrel-Cuckoo,Richard E. Webster,4.0,-10.8616,-65.9704,data/BirdClef/train_audio/squcuc1/XC859103.ogg,gallery
XC296724,squcuc1,Piaya cayana,Common Squirrel-Cuckoo,Ross Gallardy,5.0,-10.737,-75.2834,data/BirdClef/train_audio/squcuc1/XC296724.ogg,gallery
XC85307,squcuc1,Piaya cayana,Common Squirrel-Cuckoo,Jeremy Minns,4.0,-9.5981,-55.932,data/BirdClef/train_audio/squcuc1/XC85307.ogg,gallery
XC429381,squcuc1,Piaya cayana,Common Squirrel-Cuckoo,Bobby Wilcox,3.0,-9.5975,-55.9325,data/BirdClef/train_audio/squcuc1/XC429381.ogg,gallery
XC490303,squcuc1,Piaya cayana,Common Squirrel-Cuckoo,Dante Buzzetti,4.0,-9.545,-70.089,data/BirdClef/train_audio/squcuc1/XC490303.ogg,gallery
XC497985,squcuc1,Piaya cayana,Common Squirrel-Cuckoo,Dante Buzzetti,4.0,-9.4462,-70.4362,data/BirdClef/train_audio/squcuc1/XC497985.ogg,gallery
XC546468,squcuc1,Piaya cayana,Common Squirrel-Cuckoo,Dante Buzzetti,4.0,-9.2119,-35.8731,data/BirdClef/train_audio/squcuc1/XC546468.ogg,gallery
XC511864,squcuc1,Piaya cayana,Common Squirrel-Cuckoo,Dante Buzzetti,4.0,-9.2093,-35.8681,data/BirdClef/train_audio/squcuc1/XC511864.ogg,gallery
XC583770,squcuc1,Piaya cayana,Common Squirrel-Cuckoo,Dante Buzzetti,4.0,-9.1992,-35.8871,data/BirdClef/train_audio/squcuc1/XC583770.ogg,gallery
XC85312,squcuc1,Piaya cayana,Common Squirrel-Cuckoo,Jeremy Minns,4.0,-9.0501,-56.5834,data/BirdClef/train_audio/squcuc1/XC85312.ogg,gallery
XC1044971,squcuc1,Piaya cayana,Common Squirrel-Cuckoo,JAYRSON ARAUJO DE OLIVEIRA,4.0,-8.716,-63.9286,data/BirdClef/train_audio/squcuc1/XC1044971.ogg,gallery
XC860558,squcuc1,Piaya cayana,Common Squirrel-Cuckoo,Kenny Uéslei,4.0,-8.6128,-63.8638,data/BirdClef/train_audio/squcuc1/XC860558.ogg,gallery
XC944045,squcuc1,Piaya cayana,Common Squirrel-Cuckoo,JAYRSON ARAUJO DE OLIVEIRA,5.0,-6.7455,-46.9907,data/BirdClef/train_audio/squcuc1/XC944045.ogg,gallery
XC769664,squcuc1,Piaya cayana,Common Squirrel-Cuckoo,JAYRSON ARAUJO DE OLIVEIRA,4.5,-6.3761,-47.1085,data/BirdClef/train_audio/squcuc1/XC769664.ogg,gallery
XC830324,squcuc1,Piaya cayana,Common Squirrel-Cuckoo,JAYRSON ARAUJO DE OLIVEIRA,4.0,-6.0657,-49.9182,data/BirdClef/train_audio/squcuc1/XC830324.ogg,gallery
XC569119,squcuc1,Piaya cayana,Common Squirrel-Cuckoo,Guilherme Santos Toledo de Lima,4.0,-5.9474,-35.1661,data/BirdClef/train_audio/squcuc1/XC569119.ogg,gallery
XC1034673,squcuc1,Piaya cayana,Common Squirrel-Cuckoo,JAYRSON ARAUJO DE OLIVEIRA,4.5,-5.7717,-47.4806,data/BirdClef/train_audio/squcuc1/XC1034673.ogg,gallery
XC1035083,squcuc1,Piaya cayana,Common Squirrel-Cuckoo,JAYRSON ARAUJO DE OLIVEIRA,3.0,-5.7717,-47.4806,data/BirdClef/train_audio/squcuc1/XC1035083.ogg,gallery
XC85306,squcuc1,Piaya cayana,Common Squirrel-Cuckoo,Jeremy Minns,4.0,-4.5167,-56.3001,data/BirdClef/train_audio/squcuc1/XC85306.ogg,gallery
XC120149,squcuc1,Piaya cayana,Common Squirrel-Cuckoo,Leonardo Ordóñez-Delgado,5.0,-4.4797,-79.391,data/BirdClef/train_audio/squcuc1/XC120149.ogg,gallery
XC705243,squcuc1,Piaya cayana,Common Squirrel-Cuckoo,Fernando Igor de Godoy,4.0,-4.293,-47.5569,data/BirdClef/train_audio/squcuc1/XC705243.ogg,gallery
XC207184,squcuc1,Piaya cayana,Common Squirrel-Cuckoo,Jerome Fischer,5.0,-4.2567,-79.2178,data/BirdClef/train_audio/squcuc1/XC207184.ogg,gallery
XC120161,squcuc1,Piaya cayana,Common Squirrel-Cuckoo,Eric DeFonso,4.0,-4.1139,-78.9637,data/BirdClef/train_audio/squcuc1/XC120161.ogg,gallery
XC127444,squcuc1,Piaya cayana,Common Squirrel-Cuckoo,Leonardo Ordóñez-Delgado,3.0,-3.7614,-78.5053,data/BirdClef/train_audio/squcuc1/XC127444.ogg,gallery
XC156273,squcuc1,Piaya cayana,Common Squirrel-Cuckoo,Leonardo Ordóñez-Delgado,5.0,-0.9415,-77.8989,data/BirdClef/train_audio/squcuc1/XC156273.ogg,gallery
XC156272,squcuc1,Piaya cayana,Common Squirrel-Cuckoo,Leonardo Ordóñez-Delgado,5.0,-0.9415,-77.8989,data/BirdClef/train_audio/squcuc1/XC156272.ogg,gallery
XC116236,squcuc1,Piaya cayana,Common Squirrel-Cuckoo,Leonardo Ordóñez-Delgado,4.0,-0.9415,-77.8989,data/BirdClef/train_audio/squcuc1/XC116236.ogg,gallery
XC274947,squcuc1,Piaya cayana,Common Squirrel-Cuckoo,Robert S. Ridgely,5.0,-0.641,-76.461,data/BirdClef/train_audio/squcuc1/XC274947.ogg,gallery
XC257710,squcuc1,Piaya cayana,Common Squirrel-Cuckoo,John V. Moore,5.0,-0.638,-76.149,data/BirdClef/train_audio/squcuc1/XC257710.ogg,gallery
XC257709,squcuc1,Piaya cayana,Common Squirrel-Cuckoo,John V. Moore,5.0,-0.589,-77.877,data/BirdClef/train_audio/squcuc1/XC257709.ogg,gallery
XC229939,squcuc1,Piaya cayana,Common Squirrel-Cuckoo,Cedric MROCZKO,3.0,-0.5864,-77.8778,data/BirdClef/train_audio/squcuc1/XC229939.ogg,gallery
XC257707,squcuc1,Piaya cayana,Common Squirrel-Cuckoo,John V. Moore,5.0,-0.523,-76.438,data/BirdClef/train_audio/squcuc1/XC257707.ogg,gallery
XC257706,squcuc1,Piaya cayana,Common Squirrel-Cuckoo,John V. Moore,5.0,-0.498,-76.373,data/BirdClef/train_audio/squcuc1/XC257706.ogg,gallery
XC257708,squcuc1,Piaya cayana,Common Squirrel-Cuckoo,John V. Moore,5.0,-0.472,-76.459,data/BirdClef/train_audio/squcuc1/XC257708.ogg,gallery
XC164517,squcuc1,Piaya cayana,Common Squirrel-Cuckoo,Martin St-Michel,5.0,-0.081,-78.7679,data/BirdClef/train_audio/squcuc1/XC164517.ogg,gallery
XC164516,squcuc1,Piaya cayana,Common Squirrel-Cuckoo,Martin St-Michel,4.0,-0.081,-78.7679,data/BirdClef/train_audio/squcuc1/XC164516.ogg,gallery
XC976622,squcuc1,Piaya cayana,Common Squirrel-Cuckoo,rudy gelis,5.0,-0.0639,-78.7652,data/BirdClef/train_audio/squcuc1/XC976622.ogg,gallery
XC845081,squcuc1,Piaya cayana,Common Squirrel-Cuckoo,Paul Driver,4.0,-0.0627,-78.7696,data/BirdClef/train_audio/squcuc1/XC845081.ogg,gallery
XC114020,squcuc1,Piaya cayana,Common Squirrel-Cuckoo,Eric DeFonso,4.0,-0.0501,-78.7735,data/BirdClef/train_audio/squcuc1/XC114020.ogg,gallery
XC843870,squcuc1,Piaya cayana,Common Squirrel-Cuckoo,Paul Driver,3.0,-0.0166,-78.9875,data/BirdClef/train_audio/squcuc1/XC843870.ogg,gallery
XC257711,squcuc1,Piaya cayana,Common Squirrel-Cuckoo,John V. Moore,5.0,0.033,-78.6,data/BirdClef/train_audio/squcuc1/XC257711.ogg,gallery
XC766547,squcuc1,Piaya cayana,Common Squirrel-Cuckoo,José María Loaiza B.,5.0,0.0667,-78.5167,data/BirdClef/train_audio/squcuc1/XC766547.ogg,gallery
XC766546,squcuc1,Piaya cayana,Common Squirrel-Cuckoo,José María Loaiza B.,5.0,0.0667,-78.5167,data/BirdClef/train_audio/squcuc1/XC766546.ogg,gallery
XC766545,squcuc1,Piaya cayana,Common Squirrel-Cuckoo,José María Loaiza B.,5.0,0.0667,-78.5167,data/BirdClef/train_audio/squcuc1/XC766545.ogg,gallery
XC766544,squcuc1,Piaya cayana,Common Squirrel-Cuckoo,José María Loaiza B.,5.0,0.0667,-78.5167,data/BirdClef/train_audio/squcuc1/XC766544.ogg,gallery
XC1009365,squcuc1,Piaya cayana,Common Squirrel-Cuckoo,José María Loaiza B.,5.0,0.0797,-78.6838,data/BirdClef/train_audio/squcuc1/XC1009365.ogg,gallery
XC1009364,squcuc1,Piaya cayana,Common Squirrel-Cuckoo,José María Loaiza B.,5.0,0.0797,-78.6838,data/BirdClef/train_audio/squcuc1/XC1009364.ogg,gallery
XC833609,squcuc1,Piaya cayana,Common Squirrel-Cuckoo,José María Loaiza B.,5.0,0.0797,-78.6838,data/BirdClef/train_audio/squcuc1/XC833609.ogg,gallery
XC833607,squcuc1,Piaya cayana,Common Squirrel-Cuckoo,José María Loaiza B.,5.0,0.0797,-78.6838,data/BirdClef/train_audio/squcuc1/XC833607.ogg,gallery
XC833602,squcuc1,Piaya cayana,Common Squirrel-Cuckoo,José María Loaiza B.,5.0,0.0797,-78.6838,data/BirdClef/train_audio/squcuc1/XC833602.ogg,gallery
XC833600,squcuc1,Piaya cayana,Common Squirrel-Cuckoo,José María Loaiza B.,5.0,0.0797,-78.6838,data/BirdClef/train_audio/squcuc1/XC833600.ogg,gallery
XC681869,squcuc1,Piaya cayana,Common Squirrel-Cuckoo,José María Loaiza B.,5.0,0.0797,-78.6838,data/BirdClef/train_audio/squcuc1/XC681869.ogg,gallery
XC972798,squcuc1,Piaya cayana,Common Squirrel-Cuckoo,Juan Freile,4.5,0.373,-79.6652,data/BirdClef/train_audio/squcuc1/XC972798.ogg,gallery
XC971179,squcuc1,Piaya cayana,Common Squirrel-Cuckoo,Juan Freile,4.0,0.373,-79.6652,data/BirdClef/train_audio/squcuc1/XC971179.ogg,gallery
XC931687,squcuc1,Piaya cayana,Common Squirrel-Cuckoo,Daniel Valencia,5.0,0.785,-78.2061,data/BirdClef/train_audio/squcuc1/XC931687.ogg,gallery
XC524036,squcuc1,Piaya cayana,Common Squirrel-Cuckoo,Mauricio Álvarez-Rebolledo (Colección de Sonidos Ambientales - Instituto Humboldt),4.0,1.3486,-76.1031,data/BirdClef/train_audio/squcuc1/XC524036.ogg,gallery
XC724692,squcuc1,Piaya cayana,Common Squirrel-Cuckoo,Katherine Moreno,5.0,3.1164,-75.6346,data/BirdClef/train_audio/squcuc1/XC724692.ogg,gallery
XC1040225,squcuc1,Piaya cayana,Common Squirrel-Cuckoo,Delaitre guillaume,3.0,3.9902,-52.5904,data/BirdClef/train_audio/squcuc1/XC1040225.ogg,gallery
XC1040152,squcuc1,Piaya cayana,Common Squirrel-Cuckoo,Delaitre guillaume,3.0,3.9902,-52.5904,data/BirdClef/train_audio/squcuc1/XC1040152.ogg,gallery
XC912187,squcuc1,Piaya cayana,Common Squirrel-Cuckoo,Delaitre guillaume,3.0,4.1129,-52.6198,data/BirdClef/train_audio/squcuc1/XC912187.ogg,gallery
XC529548,squcuc1,Piaya cayana,Common Squirrel-Cuckoo,Mauricio Álvarez-Rebolledo (Colección de Sonidos Ambientales - Instituto Humboldt),4.0,4.3414,-75.7333,data/BirdClef/train_audio/squcuc1/XC529548.ogg,gallery
XC540106,squcuc1,Piaya cayana,Common Squirrel-Cuckoo,Jerome Fischer,5.0,4.351,-74.652,data/BirdClef/train_audio/squcuc1/XC540106.ogg,gallery
XC531570,squcuc1,Piaya cayana,Common Squirrel-Cuckoo,Jerome Fischer,5.0,4.5585,-75.3275,data/BirdClef/train_audio/squcuc1/XC531570.ogg,gallery
XC459610,squcuc1,Piaya cayana,Common Squirrel-Cuckoo,David Monroy Rengifo,3.0,4.7144,-75.6718,data/BirdClef/train_audio/squcuc1/XC459610.ogg,gallery
XC508192,squcuc1,Piaya cayana,Common Squirrel-Cuckoo,Brice de la Croix,4.0,4.7216,-52.3073,data/BirdClef/train_audio/squcuc1/XC508192.ogg,gallery
XC74910,squcuc1,Piaya cayana,Common Squirrel-Cuckoo,Daniel Lane,3.5,4.725,-56.206,data/BirdClef/train_audio/squcuc1/XC74910.ogg,gallery
XC403394,squcuc1,Piaya cayana,Common Squirrel-Cuckoo,Brice de la Croix,3.0,4.8313,-52.2973,data/BirdClef/train_audio/squcuc1/XC403394.ogg,gallery
XC902717,squcuc1,Piaya cayana,Common Squirrel-Cuckoo,Andrés Mauricio López,5.0,5.0551,-75.5361,data/BirdClef/train_audio/squcuc1/XC902717.ogg,gallery
XC532826,squcuc1,Piaya cayana,Common Squirrel-Cuckoo,Sergio Córdoba-Córdoba (Colección de Sonidos Ambientales - Instituto Humboldt),4.0,5.0844,-75.7922,data/BirdClef/train_audio/squcuc1/XC532826.ogg,gallery
XC543331,squcuc1,Piaya cayana,Common Squirrel-Cuckoo,Fabio Agudelo Zapata,4.0,5.115,-75.9289,data/BirdClef/train_audio/squcuc1/XC543331.ogg,gallery
XC293277,squcuc1,Piaya cayana,Common Squirrel-Cuckoo,Diana Carolina Macana,4.0,5.1508,-73.1226,data/BirdClef/train_audio/squcuc1/XC293277.ogg,gallery
XC532824,squcuc1,Piaya cayana,Common Squirrel-Cuckoo,Mauricio Álvarez-Rebolledo (Colección de Sonidos Ambientales - Instituto Humboldt),4.0,5.2461,-75.6853,data/BirdClef/train_audio/squcuc1/XC532824.ogg,gallery
XC532373,squcuc1,Piaya cayana,Common Squirrel-Cuckoo,Mauricio Álvarez-Rebolledo (Colección de Sonidos Ambientales - Instituto Humboldt),4.0,5.2461,-75.6853,data/BirdClef/train_audio/squcuc1/XC532373.ogg,gallery
XC532372,squcuc1,Piaya cayana,Common Squirrel-Cuckoo,Sergio Córdoba-Córdoba (Colección de Sonidos Ambientales - Instituto Humboldt),4.0,5.2461,-75.6853,data/BirdClef/train_audio/squcuc1/XC532372.ogg,gallery
XC532371,squcuc1,Piaya cayana,Common Squirrel-Cuckoo,Sergio Córdoba-Córdoba (Colección de Sonidos Ambientales - Instituto Humboldt),4.0,5.2461,-75.6853,data/BirdClef/train_audio/squcuc1/XC532371.ogg,gallery
XC245289,squcuc1,Piaya cayana,Common Squirrel-Cuckoo,Oscar Humberto Marín Gómez &amp; Luis Hernán Carrasco Guanay,4.0,5.76,-72.2,data/BirdClef/train_audio/squcuc1/XC245289.ogg,gallery
XC245331,squcuc1,Piaya cayana,Common Squirrel-Cuckoo,Oscar Humberto Marín Gómez &amp; Luis Hernán Carrasco Guanay,4.0,5.78,-72.2,data/BirdClef/train_audio/squcuc1/XC245331.ogg,gallery
XC425724,squcuc1,Piaya cayana,Common Squirrel-Cuckoo,Jerome Fischer,4.0,5.9002,-74.8485,data/BirdClef/train_audio/squcuc1/XC425724.ogg,gallery
XC518098,squcuc1,Piaya cayana,Common Squirrel-Cuckoo,Mauricio Álvarez-Rebolledo (Colección de Sonidos Ambientales - Instituto Humboldt),4.0,6.165,-73.1375,data/BirdClef/train_audio/squcuc1/XC518098.ogg,gallery
XC532825,squcuc1,Piaya cayana,Common Squirrel-Cuckoo,Sergio Córdoba-Córdoba (Colección de Sonidos Ambientales - Instituto Humboldt),4.0,7.4661,-72.8494,data/BirdClef/train_audio/squcuc1/XC532825.ogg,gallery
XC957414,squcuc1,Piaya cayana,Common Squirrel-Cuckoo,Scott Olmstead,5.0,8.3751,-77.7648,data/BirdClef/train_audio/squcuc1/XC957414.ogg,gallery
XC875486,squcuc1,Piaya cayana,Common Squirrel-Cuckoo,Alain Verneau,4.0,8.6935,-83.6824,data/BirdClef/train_audio/squcuc1/XC875486.ogg,gallery
XC536122,squcuc1,Piaya cayana,Common Squirrel-Cuckoo,Jorge Medina-Madrid,5.0,8.7567,-79.8754,data/BirdClef/train_audio/squcuc1/XC536122.ogg,gallery
XC408499,squcuc1,Piaya cayana,Common Squirrel-Cuckoo,Nick Komar,3.0,9.05,-79.6342,data/BirdClef/train_audio/squcuc1/XC408499.ogg,gallery
XC538049,squcuc1,Piaya cayana,Common Squirrel-Cuckoo,Enrique Varela,3.0,10.0573,-84.4965,data/BirdClef/train_audio/squcuc1/XC538049.ogg,gallery
XC375506,squcuc1,Piaya cayana,Common Squirrel-Cuckoo,Albert Lastukhin,5.0,10.8333,-85.6667,data/BirdClef/train_audio/squcuc1/XC375506.ogg,gallery
XC284445,squcuc1,Piaya cayana,Common Squirrel-Cuckoo,Orlando Jarquín G.,5.0,12.8709,-87.3997,data/BirdClef/train_audio/squcuc1/XC284445.ogg,gallery
XC642883,squcuc1,Piaya cayana,Common Squirrel-Cuckoo,Liliana Chavarria-Duriaux,3.0,13.1834,-85.5043,data/BirdClef/train_audio/squcuc1/XC642883.ogg,gallery
XC197665,squcuc1,Piaya cayana,Common Squirrel-Cuckoo,Guillermo Funes,5.0,13.7333,-89.2167,data/BirdClef/train_audio/squcuc1/XC197665.ogg,gallery
XC198347,squcuc1,Piaya cayana,Common Squirrel-Cuckoo,Guillermo Funes,5.0,13.7672,-88.1889,data/BirdClef/train_audio/squcuc1/XC198347.ogg,gallery
XC365860,squcuc1,Piaya cayana,Common Squirrel-Cuckoo,Alfonso Auerbach,5.0,14.0736,-87.3441,data/BirdClef/train_audio/squcuc1/XC365860.ogg,gallery
XC411742,squcuc1,Piaya cayana,Common Squirrel-Cuckoo,Alfonso Auerbach,5.0,14.1481,-87.3139,data/BirdClef/train_audio/squcuc1/XC411742.ogg,gallery
XC411740,squcuc1,Piaya cayana,Common Squirrel-Cuckoo,Alfonso Auerbach,5.0,14.1481,-87.3139,data/BirdClef/train_audio/squcuc1/XC411740.ogg,gallery
XC301213,squcuc1,Piaya cayana,Common Squirrel-Cuckoo,Alfonso Auerbach,3.0,15.0294,-86.7951,data/BirdClef/train_audio/squcuc1/XC301213.ogg,gallery
XC614344,squcuc1,Piaya cayana,Common Squirrel-Cuckoo,Manuel Grosselet,3.5,15.669,-96.5732,data/BirdClef/train_audio/squcuc1/XC614344.ogg,gallery
XC614343,squcuc1,Piaya cayana,Common Squirrel-Cuckoo,Manuel Grosselet,3.5,15.669,-96.5732,data/BirdClef/train_audio/squcuc1/XC614343.ogg,gallery
XC327931,squcuc1,Piaya cayana,Common Squirrel-Cuckoo,Alfonso Auerbach,4.0,15.7391,-87.4536,data/BirdClef/train_audio/squcuc1/XC327931.ogg,gallery
XC327930,squcuc1,Piaya cayana,Common Squirrel-Cuckoo,Alfonso Auerbach,4.0,15.7391,-87.4536,data/BirdClef/train_audio/squcuc1/XC327930.ogg,gallery
XC335516,squcuc1,Piaya cayana,Common Squirrel-Cuckoo,Richard E. Webster,3.5,15.77,-92.8226,data/BirdClef/train_audio/squcuc1/XC335516.ogg,gallery
XC925559,squcuc1,Piaya cayana,Common Squirrel-Cuckoo,Richard E. Webster,3.5,15.8637,-96.3645,data/BirdClef/train_audio/squcuc1/XC925559.ogg,gallery
XC925557,squcuc1,Piaya cayana,Common Squirrel-Cuckoo,Richard E. Webster,4.0,15.8637,-96.3645,data/BirdClef/train_audio/squcuc1/XC925557.ogg,gallery
XC265398,squcuc1,Piaya cayana,Common Squirrel-Cuckoo,Andrew Spencer,4.0,15.934,-96.43,data/BirdClef/train_audio/squcuc1/XC265398.ogg,gallery
XC907553,squcuc1,Piaya cayana,Common Squirrel-Cuckoo,Manuel Grosselet,5.0,17.0438,-96.7681,data/BirdClef/train_audio/squcuc1/XC907553.ogg,gallery
XC907549,squcuc1,Piaya cayana,Common Squirrel-Cuckoo,Manuel Grosselet,5.0,17.0438,-96.7681,data/BirdClef/train_audio/squcuc1/XC907549.ogg,gallery
XC907543,squcuc1,Piaya cayana,Common Squirrel-Cuckoo,Manuel Grosselet,5.0,17.0438,-96.7681,data/BirdClef/train_audio/squcuc1/XC907543.ogg,gallery
XC907539,squcuc1,Piaya cayana,Common Squirrel-Cuckoo,Manuel Grosselet,5.0,17.0438,-96.7681,data/BirdClef/train_audio/squcuc1/XC907539.ogg,gallery
XC735835,squcuc1,Piaya cayana,Common Squirrel-Cuckoo,Manuel Grosselet,4.0,17.083,-96.6225,data/BirdClef/train_audio/squcuc1/XC735835.ogg,gallery
XC735834,squcuc1,Piaya cayana,Common Squirrel-Cuckoo,Manuel Grosselet,4.0,17.083,-96.6225,data/BirdClef/train_audio/squcuc1/XC735834.ogg,gallery
XC735833,squcuc1,Piaya cayana,Common Squirrel-Cuckoo,Manuel Grosselet,4.0,17.083,-96.6225,data/BirdClef/train_audio/squcuc1/XC735833.ogg,gallery
XC346504,squcuc1,Piaya cayana,Common Squirrel-Cuckoo,Olivier SWIFT,4.0,17.936,-96.934,data/BirdClef/train_audio/squcuc1/XC346504.ogg,gallery
XC688649,squcuc1,Piaya cayana,Common Squirrel-Cuckoo,Alán Palacios,5.0,18.6906,-100.3324,data/BirdClef/train_audio/squcuc1/XC688649.ogg,gallery
XC686079,squcuc1,Piaya cayana,Common Squirrel-Cuckoo,Alán Palacios,5.0,18.6906,-100.3324,data/BirdClef/train_audio/squcuc1/XC686079.ogg,gallery
XC686078,squcuc1,Piaya cayana,Common Squirrel-Cuckoo,Alán Palacios,5.0,18.6906,-100.3324,data/BirdClef/train_audio/squcuc1/XC686078.ogg,gallery
XC678398,squcuc1,Piaya cayana,Common Squirrel-Cuckoo,Alán Palacios,5.0,18.6906,-100.3324,data/BirdClef/train_audio/squcuc1/XC678398.ogg,gallery
XC181493,squcuc1,Piaya cayana,Common Squirrel-Cuckoo,Manuel Grosselet,4.0,18.7224,-99.1639,data/BirdClef/train_audio/squcuc1/XC181493.ogg,gallery
XC584579,squcuc1,Piaya cayana,Common Squirrel-Cuckoo,Isain Contreras Rodríguez,4.0,18.9669,-99.1089,data/BirdClef/train_audio/squcuc1/XC584579.ogg,gallery
XC584577,squcuc1,Piaya cayana,Common Squirrel-Cuckoo,Isain Contreras Rodríguez,4.0,18.9669,-99.1089,data/BirdClef/train_audio/squcuc1/XC584577.ogg,gallery
XC584576,squcuc1,Piaya cayana,Common Squirrel-Cuckoo,Isain Contreras Rodríguez,4.0,18.9669,-99.1089,data/BirdClef/train_audio/squcuc1/XC584576.ogg,gallery
XC348276,squcuc1,Piaya cayana,Common Squirrel-Cuckoo,Jorge Daniel Ruiz Contreras,5.0,18.9897,-99.2546,data/BirdClef/train_audio/squcuc1/XC348276.ogg,gallery
XC305651,squcuc1,Piaya cayana,Common Squirrel-Cuckoo,James Bradley,4.0,19.1118,-99.1949,data/BirdClef/train_audio/squcuc1/XC305651.ogg,gallery
XC265405,squcuc1,Piaya cayana,Common Squirrel-Cuckoo,Andrew Spencer,5.0,19.143,-104.507,data/BirdClef/train_audio/squcuc1/XC265405.ogg,gallery
XC265400,squcuc1,Piaya cayana,Common Squirrel-Cuckoo,Andrew Spencer,5.0,19.143,-104.507,data/BirdClef/train_audio/squcuc1/XC265400.ogg,gallery
XC265401,squcuc1,Piaya cayana,Common Squirrel-Cuckoo,Andrew Spencer,4.0,19.143,-104.507,data/BirdClef/train_audio/squcuc1/XC265401.ogg,gallery
XC332457,squcuc1,Piaya cayana,Common Squirrel-Cuckoo,Manuel Grosselet,4.0,19.2899,-103.6276,data/BirdClef/train_audio/squcuc1/XC332457.ogg,gallery
XC332456,squcuc1,Piaya cayana,Common Squirrel-Cuckoo,Manuel Grosselet,4.0,19.2899,-103.6276,data/BirdClef/train_audio/squcuc1/XC332456.ogg,gallery
XC65608,squcuc1,Piaya cayana,Common Squirrel-Cuckoo,Daniel Lane,4.0,19.341,-104.735,data/BirdClef/train_audio/squcuc1/XC65608.ogg,gallery
XC308828,squcuc1,Piaya cayana,Common Squirrel-Cuckoo,Jesper Bay Jacobsen,4.0,20.7085,-103.3972,data/BirdClef/train_audio/squcuc1/XC308828.ogg,gallery
XC376252,squcuc1,Piaya cayana,Common Squirrel-Cuckoo,Manuel Grosselet,5.0,20.7839,-105.3299,data/BirdClef/train_audio/squcuc1/XC376252.ogg,gallery
XC905702,squcuc1,Piaya cayana,Common Squirrel-Cuckoo,Leonardo Guzman Hernandez,4.0,23.0563,-99.2157,data/BirdClef/train_audio/squcuc1/XC905702.ogg,gallery
XC28762,squcuc1,Piaya cayana,Common Squirrel-Cuckoo,Daniel Lane,3.0,23.1162,-99.1414,data/BirdClef/train_audio/squcuc1/XC28762.ogg,gallery
XC497499,squcuc1,Piaya cayana,Common Squirrel-Cuckoo,Richard E. Webster,5.0,23.3955,-105.9319,data/BirdClef/train_audio/squcuc1/XC497499.ogg,gallery
XC265408,squcuc1,Piaya cayana,Common Squirrel-Cuckoo,Andrew Spencer,5.0,23.4067,-105.9352,data/BirdClef/train_audio/squcuc1/XC265408.ogg,gallery
XC400276,squcuc1,Piaya cayana,Common Squirrel-Cuckoo,Richard E. Webster,5.0,27.0415,-108.7339,data/BirdClef/train_audio/squcuc1/XC400276.ogg,gallery
XC347779,squcuc1,Piaya cayana,Common Squirrel-Cuckoo,Matt Baumann,4.0,27.0431,-108.7333,data/BirdClef/train_audio/squcuc1/XC347779.ogg,gallery
XC400274,squcuc1,Piaya cayana,Common Squirrel-Cuckoo,Richard E. Webster,5.0,27.0633,-109.0398,data/BirdClef/train_audio/squcuc1/XC400274.ogg,gallery
XC400273,squcuc1,Piaya cayana,Common Squirrel-Cuckoo,Richard E. Webster,5.0,27.0633,-109.0398,data/BirdClef/train_audio/squcuc1/XC400273.ogg,gallery
XC440699,squcuc1,Piaya cayana,Common Squirrel-Cuckoo,Richard E. Webster,3.5,27.0633,-109.0398,data/BirdClef/train_audio/squcuc1/XC440699.ogg,gallery
XC440697,squcuc1,Piaya cayana,Common Squirrel-Cuckoo,Richard E. Webster,4.0,27.0633,-109.0398,data/BirdClef/train_audio/squcuc1/XC440697.ogg,gallery
XC465035,strcuc1,Tapera naevia,Striped Cuckoo,Rosendo Manuel Fraga,5.0,-32.5404,-63.044,data/BirdClef/train_audio/strcuc1/XC465035.ogg,gallery
XC463489,strcuc1,Tapera naevia,Striped Cuckoo,Rosendo Manuel Fraga,4.0,-31.8645,-58.2591,data/BirdClef/train_audio/strcuc1/XC463489.ogg,gallery
XC463585,strcuc1,Tapera naevia,Striped Cuckoo,Rosendo Manuel Fraga,4.0,-31.2829,-64.4902,data/BirdClef/train_audio/strcuc1/XC463585.ogg,gallery
XC174818,strcuc1,Tapera naevia,Striped Cuckoo,João Antônio de B. Vitto,3.0,-28.7137,-49.3091,data/BirdClef/train_audio/strcuc1/XC174818.ogg,gallery
XC186345,strcuc1,Tapera naevia,Striped Cuckoo,João Gava,3.0,-28.6307,-49.5072,data/BirdClef/train_audio/strcuc1/XC186345.ogg,gallery
XC947304,strcuc1,Tapera naevia,Striped Cuckoo,Sabrina Andrea Rendon Anaya,4.0,-28.0528,-59.2047,data/BirdClef/train_audio/strcuc1/XC947304.ogg,gallery
XC506428,strcuc1,Tapera naevia,Striped Cuckoo,Miguel Angelo Biz,5.0,-27.1426,-49.7143,data/BirdClef/train_audio/strcuc1/XC506428.ogg,gallery
XC484917,strcuc1,Tapera naevia,Striped Cuckoo,Rosendo Manuel Fraga,4.0,-27.0736,-56.1735,data/BirdClef/train_audio/strcuc1/XC484917.ogg,gallery
XC365181,strcuc1,Tapera naevia,Striped Cuckoo,Bobby Wilcox,4.0,-26.7966,-59.6056,data/BirdClef/train_audio/strcuc1/XC365181.ogg,gallery
XC315728,strcuc1,Tapera naevia,Striped Cuckoo,Antonio de Almeida Correia Junior,4.0,-26.4895,-52.2009,data/BirdClef/train_audio/strcuc1/XC315728.ogg,gallery
XC315727,strcuc1,Tapera naevia,Striped Cuckoo,Antonio de Almeida Correia Junior,4.0,-26.4895,-52.2009,data/BirdClef/train_audio/strcuc1/XC315727.ogg,gallery
XC150890,strcuc1,Tapera naevia,Striped Cuckoo,Paulo Affonso Fonseca Pires Neto,4.0,-26.3247,-53.2885,data/BirdClef/train_audio/strcuc1/XC150890.ogg,gallery
XC150817,strcuc1,Tapera naevia,Striped Cuckoo,Paulo Affonso Fonseca Pires Neto,4.0,-26.3247,-53.2885,data/BirdClef/train_audio/strcuc1/XC150817.ogg,gallery
XC709066,strcuc1,Tapera naevia,Striped Cuckoo,Nykolas da Rocha Moreira,4.0,-26.226,-48.594,data/BirdClef/train_audio/strcuc1/XC709066.ogg,gallery
XC943387,strcuc1,Tapera naevia,Striped Cuckoo,Marcos E. Sosa,4.0,-25.6694,-54.5694,data/BirdClef/train_audio/strcuc1/XC943387.ogg,gallery
XC943385,strcuc1,Tapera naevia,Striped Cuckoo,Marcos E. Sosa,4.0,-25.6694,-54.5694,data/BirdClef/train_audio/strcuc1/XC943385.ogg,gallery
XC943379,strcuc1,Tapera naevia,Striped Cuckoo,Marcos E. Sosa,4.0,-25.6694,-54.5694,data/BirdClef/train_audio/strcuc1/XC943379.ogg,gallery
XC834887,strcuc1,Tapera naevia,Striped Cuckoo,Edgar Romero,4.0,-25.4112,-57.5823,data/BirdClef/train_audio/strcuc1/XC834887.ogg,gallery
XC1034159,strcuc1,Tapera naevia,Striped Cuckoo,Guillermo Menéndez (gmmv80),4.5,-24.9811,-57.2921,data/BirdClef/train_audio/strcuc1/XC1034159.ogg,gallery
XC420890,strcuc1,Tapera naevia,Striped Cuckoo,Fernando Igor de Godoy,3.0,-24.2783,-50.5306,data/BirdClef/train_audio/strcuc1/XC420890.ogg,gallery
XC391110,strcuc1,Tapera naevia,Striped Cuckoo,Luis Fernandez Campos,4.0,-24.1532,-65.3694,data/BirdClef/train_audio/strcuc1/XC391110.ogg,gallery
XC150257,strcuc1,Tapera naevia,Striped Cuckoo,Luiz C.  Silva,5.0,-24.0458,-52.3828,data/BirdClef/train_audio/strcuc1/XC150257.ogg,gallery
XC443799,strcuc1,Tapera naevia,Striped Cuckoo,Luis Fernandez Campos,4.0,-23.9965,-64.2599,data/BirdClef/train_audio/strcuc1/XC443799.ogg,gallery
XC85430,strcuc1,Tapera naevia,Striped Cuckoo,Jeremy Minns,4.0,-23.4727,-45.1892,data/BirdClef/train_audio/strcuc1/XC85430.ogg,gallery
XC582168,strcuc1,Tapera naevia,Striped Cuckoo,Ricardo Gagliardi,4.0,-22.9588,-42.8742,data/BirdClef/train_audio/strcuc1/XC582168.ogg,gallery
XC605436,strcuc1,Tapera naevia,Striped Cuckoo,Ricardo José Mitidieri,5.0,-22.9511,-43.0384,data/BirdClef/train_audio/strcuc1/XC605436.ogg,gallery
XC698406,strcuc1,Tapera naevia,Striped Cuckoo,Ricardo José Mitidieri,4.0,-22.9511,-43.0384,data/BirdClef/train_audio/strcuc1/XC698406.ogg,gallery
XC575521,strcuc1,Tapera naevia,Striped Cuckoo,Ricardo José Mitidieri,3.5,-22.9511,-43.0384,data/BirdClef/train_audio/strcuc1/XC575521.ogg,gallery
XC530716,strcuc1,Tapera naevia,Striped Cuckoo,Ricardo José Mitidieri,4.0,-22.9511,-43.0384,data/BirdClef/train_audio/strcuc1/XC530716.ogg,gallery
XC501595,strcuc1,Tapera naevia,Striped Cuckoo,Ricardo José Mitidieri,3.5,-22.9511,-43.0384,data/BirdClef/train_audio/strcuc1/XC501595.ogg,gallery
XC647077,strcuc1,Tapera naevia,Striped Cuckoo,Ricardo José Mitidieri,4.0,-22.9434,-43.0763,data/BirdClef/train_audio/strcuc1/XC647077.ogg,gallery
XC428633,strcuc1,Tapera naevia,Striped Cuckoo,Victor Antonelli,5.0,-22.8842,-48.4442,data/BirdClef/train_audio/strcuc1/XC428633.ogg,gallery
XC428350,strcuc1,Tapera naevia,Striped Cuckoo,Victor Antonelli,4.0,-22.8842,-48.4442,data/BirdClef/train_audio/strcuc1/XC428350.ogg,gallery
XC424983,strcuc1,Tapera naevia,Striped Cuckoo,Victor Antonelli,4.0,-22.8842,-48.4442,data/BirdClef/train_audio/strcuc1/XC424983.ogg,gallery
XC414730,strcuc1,Tapera naevia,Striped Cuckoo,Victor Antonelli,3.0,-22.8842,-48.4442,data/BirdClef/train_audio/strcuc1/XC414730.ogg,gallery
XC391363,strcuc1,Tapera naevia,Striped Cuckoo,Bobby Wilcox,4.0,-22.4805,-42.7612,data/BirdClef/train_audio/strcuc1/XC391363.ogg,gallery
XC396040,strcuc1,Tapera naevia,Striped Cuckoo,Bobby Wilcox,3.0,-22.4805,-42.7612,data/BirdClef/train_audio/strcuc1/XC396040.ogg,gallery
XC247437,strcuc1,Tapera naevia,Striped Cuckoo,Eric DeFonso,4.5,-22.4805,-42.7612,data/BirdClef/train_audio/strcuc1/XC247437.ogg,gallery
XC131321,strcuc1,Tapera naevia,Striped Cuckoo,Eric DeFonso,3.5,-22.4508,-42.7735,data/BirdClef/train_audio/strcuc1/XC131321.ogg,gallery
XC472073,strcuc1,Tapera naevia,Striped Cuckoo,Ricardo Gagliardi,4.0,-22.117,-43.2189,data/BirdClef/train_audio/strcuc1/XC472073.ogg,gallery
XC472072,strcuc1,Tapera naevia,Striped Cuckoo,Ricardo Gagliardi,4.0,-22.117,-43.2189,data/BirdClef/train_audio/strcuc1/XC472072.ogg,gallery
XC212389,strcuc1,Tapera naevia,Striped Cuckoo,Fernando Igor de Godoy,4.0,-21.8625,-49.643,data/BirdClef/train_audio/strcuc1/XC212389.ogg,gallery
XC212390,strcuc1,Tapera naevia,Striped Cuckoo,Fernando Igor de Godoy,4.0,-21.854,-47.4925,data/BirdClef/train_audio/strcuc1/XC212390.ogg,gallery
XC749031,strcuc1,Tapera naevia,Striped Cuckoo,Ricardo José Mitidieri,4.0,-21.4748,-44.6372,data/BirdClef/train_audio/strcuc1/XC749031.ogg,gallery
XC113862,strcuc1,Tapera naevia,Striped Cuckoo,Noé Eiterer,5.0,-20.8004,-42.8884,data/BirdClef/train_audio/strcuc1/XC113862.ogg,gallery
XC419109,strcuc1,Tapera naevia,Striped Cuckoo,Fernando Igor de Godoy,3.0,-20.442,-52.8782,data/BirdClef/train_audio/strcuc1/XC419109.ogg,gallery
XC337551,strcuc1,Tapera naevia,Striped Cuckoo,Jerome Fischer,4.0,-19.7714,-43.6551,data/BirdClef/train_audio/strcuc1/XC337551.ogg,gallery
XC1017619,strcuc1,Tapera naevia,Striped Cuckoo,Dante Buzzetti,4.0,-19.3527,-43.6048,data/BirdClef/train_audio/strcuc1/XC1017619.ogg,gallery
XC1017618,strcuc1,Tapera naevia,Striped Cuckoo,Dante Buzzetti,4.0,-19.3527,-43.6048,data/BirdClef/train_audio/strcuc1/XC1017618.ogg,gallery
XC1017634,strcuc1,Tapera naevia,Striped Cuckoo,Dante Buzzetti,4.0,-19.3432,-43.5731,data/BirdClef/train_audio/strcuc1/XC1017634.ogg,gallery
XC64230,strcuc1,Tapera naevia,Striped Cuckoo,Joseph Tobias and Nathalie Seddon,4.0,-18.1884,-63.8792,data/BirdClef/train_audio/strcuc1/XC64230.ogg,gallery
XC617210,strcuc1,Tapera naevia,Striped Cuckoo,JAYRSON ARAUJO DE OLIVEIRA,4.5,-16.6003,-49.2802,data/BirdClef/train_audio/strcuc1/XC617210.ogg,gallery
XC498107,strcuc1,Tapera naevia,Striped Cuckoo,JAYRSON ARAUJO DE OLIVEIRA,5.0,-16.6003,-49.2802,data/BirdClef/train_audio/strcuc1/XC498107.ogg,gallery
XC419347,strcuc1,Tapera naevia,Striped Cuckoo,JAYRSON ARAUJO DE OLIVEIRA,5.0,-16.5631,-49.285,data/BirdClef/train_audio/strcuc1/XC419347.ogg,gallery
XC419346,strcuc1,Tapera naevia,Striped Cuckoo,JAYRSON ARAUJO DE OLIVEIRA,4.5,-16.5631,-49.285,data/BirdClef/train_audio/strcuc1/XC419346.ogg,gallery
XC743988,strcuc1,Tapera naevia,Striped Cuckoo,JAYRSON ARAUJO DE OLIVEIRA,5.0,-16.5456,-49.1572,data/BirdClef/train_audio/strcuc1/XC743988.ogg,gallery
XC419267,strcuc1,Tapera naevia,Striped Cuckoo,Fernando Igor de Godoy,3.0,-16.4794,-39.354,data/BirdClef/train_audio/strcuc1/XC419267.ogg,gallery
XC419266,strcuc1,Tapera naevia,Striped Cuckoo,Fernando Igor de Godoy,3.0,-16.4794,-39.354,data/BirdClef/train_audio/strcuc1/XC419266.ogg,gallery
XC331699,strcuc1,Tapera naevia,Striped Cuckoo,Daniel Blamires,4.0,-16.3198,-50.9076,data/BirdClef/train_audio/strcuc1/XC331699.ogg,gallery
XC737012,strcuc1,Tapera naevia,Striped Cuckoo,JAYRSON ARAUJO DE OLIVEIRA,4.5,-16.1605,-49.5395,data/BirdClef/train_audio/strcuc1/XC737012.ogg,gallery
XC857538,strcuc1,Tapera naevia,Striped Cuckoo,JAYRSON ARAUJO DE OLIVEIRA,5.0,-16.0781,-50.218,data/BirdClef/train_audio/strcuc1/XC857538.ogg,gallery
XC755395,strcuc1,Tapera naevia,Striped Cuckoo,JAYRSON ARAUJO DE OLIVEIRA,4.0,-16.0538,-49.604,data/BirdClef/train_audio/strcuc1/XC755395.ogg,gallery
XC419560,strcuc1,Tapera naevia,Striped Cuckoo,Fernando Igor de Godoy,4.0,-15.8816,-38.9001,data/BirdClef/train_audio/strcuc1/XC419560.ogg,gallery
XC419559,strcuc1,Tapera naevia,Striped Cuckoo,Fernando Igor de Godoy,4.0,-15.8816,-38.9001,data/BirdClef/train_audio/strcuc1/XC419559.ogg,gallery
XC85431,strcuc1,Tapera naevia,Striped Cuckoo,Jeremy Minns,3.5,-15.1334,-44.01,data/BirdClef/train_audio/strcuc1/XC85431.ogg,gallery
XC2763,strcuc1,Tapera naevia,Striped Cuckoo,Sjoerd Mayer,4.5,-14.9001,-64.7167,data/BirdClef/train_audio/strcuc1/XC2763.ogg,gallery
XC577350,strcuc1,Tapera naevia,Striped Cuckoo,JAYRSON ARAUJO DE OLIVEIRA,4.5,-14.625,-49.0051,data/BirdClef/train_audio/strcuc1/XC577350.ogg,gallery
XC577347,strcuc1,Tapera naevia,Striped Cuckoo,JAYRSON ARAUJO DE OLIVEIRA,4.5,-14.625,-49.0051,data/BirdClef/train_audio/strcuc1/XC577347.ogg,gallery
XC419350,strcuc1,Tapera naevia,Striped Cuckoo,JAYRSON ARAUJO DE OLIVEIRA,5.0,-14.625,-49.0051,data/BirdClef/train_audio/strcuc1/XC419350.ogg,gallery
XC774828,strcuc1,Tapera naevia,Striped Cuckoo,Mateus Gonçalves Santos ,3.5,-14.5654,-40.3364,data/BirdClef/train_audio/strcuc1/XC774828.ogg,gallery
XC838043,strcuc1,Tapera naevia,Striped Cuckoo,JAYRSON ARAUJO DE OLIVEIRA,4.5,-14.0858,-50.8244,data/BirdClef/train_audio/strcuc1/XC838043.ogg,gallery
XC838042,strcuc1,Tapera naevia,Striped Cuckoo,JAYRSON ARAUJO DE OLIVEIRA,5.0,-14.0858,-50.8244,data/BirdClef/train_audio/strcuc1/XC838042.ogg,gallery
XC838040,strcuc1,Tapera naevia,Striped Cuckoo,JAYRSON ARAUJO DE OLIVEIRA,5.0,-14.0858,-50.8244,data/BirdClef/train_audio/strcuc1/XC838040.ogg,gallery
XC703303,strcuc1,Tapera naevia,Striped Cuckoo,Richard E. Webster,4.5,-13.7656,-66.1005,data/BirdClef/train_audio/strcuc1/XC703303.ogg,gallery
XC297344,strcuc1,Tapera naevia,Striped Cuckoo,Sebastian K. Herzog,4.5,-13.693,-65.2131,data/BirdClef/train_audio/strcuc1/XC297344.ogg,gallery
XC698674,strcuc1,Tapera naevia,Striped Cuckoo,Tulio Dornas,5.0,-9.5841,-48.3936,data/BirdClef/train_audio/strcuc1/XC698674.ogg,gallery
XC799751,strcuc1,Tapera naevia,Striped Cuckoo,Dante Buzzetti,5.0,-9.2856,-50.0142,data/BirdClef/train_audio/strcuc1/XC799751.ogg,gallery
XC686416,strcuc1,Tapera naevia,Striped Cuckoo,Dante Buzzetti,5.0,-9.2561,-49.9805,data/BirdClef/train_audio/strcuc1/XC686416.ogg,gallery
XC686417,strcuc1,Tapera naevia,Striped Cuckoo,Dante Buzzetti,4.0,-9.2561,-49.9805,data/BirdClef/train_audio/strcuc1/XC686417.ogg,gallery
XC613873,strcuc1,Tapera naevia,Striped Cuckoo,Dante Buzzetti,4.0,-9.1992,-35.8871,data/BirdClef/train_audio/strcuc1/XC613873.ogg,gallery
XC831107,strcuc1,Tapera naevia,Striped Cuckoo,JAYRSON ARAUJO DE OLIVEIRA,4.5,-8.4577,-34.9918,data/BirdClef/train_audio/strcuc1/XC831107.ogg,gallery
XC698667,strcuc1,Tapera naevia,Striped Cuckoo,Tulio Dornas,5.0,-7.6643,-48.2217,data/BirdClef/train_audio/strcuc1/XC698667.ogg,gallery
XC402906,strcuc1,Tapera naevia,Striped Cuckoo,Tulio Dornas,4.0,-7.2196,-48.6388,data/BirdClef/train_audio/strcuc1/XC402906.ogg,gallery
XC340500,strcuc1,Tapera naevia,Striped Cuckoo,Manuel Roberto Roncal Rabanal,4.0,-6.8772,-78.0885,data/BirdClef/train_audio/strcuc1/XC340500.ogg,gallery
XC769625,strcuc1,Tapera naevia,Striped Cuckoo,JAYRSON ARAUJO DE OLIVEIRA,4.5,-6.3776,-47.4047,data/BirdClef/train_audio/strcuc1/XC769625.ogg,gallery
XC883510,strcuc1,Tapera naevia,Striped Cuckoo,Daniel Capella,4.5,-6.3009,-50.4667,data/BirdClef/train_audio/strcuc1/XC883510.ogg,gallery
XC85432,strcuc1,Tapera naevia,Striped Cuckoo,Jeremy Minns,3.5,-6.0501,-50.2667,data/BirdClef/train_audio/strcuc1/XC85432.ogg,gallery
XC122185,strcuc1,Tapera naevia,Striped Cuckoo,Eric DeFonso,3.5,-5.6833,-78.7962,data/BirdClef/train_audio/strcuc1/XC122185.ogg,gallery
XC358593,strcuc1,Tapera naevia,Striped Cuckoo,Tulio Dornas,4.0,-5.2036,-48.371,data/BirdClef/train_audio/strcuc1/XC358593.ogg,gallery
XC257733,strcuc1,Tapera naevia,Striped Cuckoo,John V. Moore,5.0,-4.3,-80.033,data/BirdClef/train_audio/strcuc1/XC257733.ogg,gallery
XC338765,strcuc1,Tapera naevia,Striped Cuckoo,Jeremy Minns,3.5,-4.2889,-70.2948,data/BirdClef/train_audio/strcuc1/XC338765.ogg,gallery
XC436988,strcuc1,Tapera naevia,Striped Cuckoo,Jerome Fischer,4.5,-4.2889,-70.2948,data/BirdClef/train_audio/strcuc1/XC436988.ogg,gallery
XC257730,strcuc1,Tapera naevia,Striped Cuckoo,John V. Moore,5.0,-4.117,-80.067,data/BirdClef/train_audio/strcuc1/XC257730.ogg,gallery
XC355951,strcuc1,Tapera naevia,Striped Cuckoo,Vanessa Luzuriaga,4.0,-3.8983,-80.087,data/BirdClef/train_audio/strcuc1/XC355951.ogg,gallery
XC257731,strcuc1,Tapera naevia,Striped Cuckoo,John V. Moore,5.0,-1.7,-80.767,data/BirdClef/train_audio/strcuc1/XC257731.ogg,gallery
XC714435,strcuc1,Tapera naevia,Striped Cuckoo,Bobby Wilcox,5.0,-1.6848,-80.8099,data/BirdClef/train_audio/strcuc1/XC714435.ogg,gallery
XC257732,strcuc1,Tapera naevia,Striped Cuckoo,John V. Moore,5.0,-1.35,-80.733,data/BirdClef/train_audio/strcuc1/XC257732.ogg,gallery
XC413099,strcuc1,Tapera naevia,Striped Cuckoo,José María Loaiza B.,4.0,0.0797,-78.6838,data/BirdClef/train_audio/strcuc1/XC413099.ogg,gallery
XC1001101,strcuc1,Tapera naevia,Striped Cuckoo,Peter de Rouw,4.0,0.154,-79.1522,data/BirdClef/train_audio/strcuc1/XC1001101.ogg,gallery
XC1001099,strcuc1,Tapera naevia,Striped Cuckoo,Peter de Rouw,4.0,0.154,-79.1522,data/BirdClef/train_audio/strcuc1/XC1001099.ogg,gallery
XC711059,strcuc1,Tapera naevia,Striped Cuckoo,Dante Buzzetti,4.0,0.1591,-51.0538,data/BirdClef/train_audio/strcuc1/XC711059.ogg,gallery
XC960929,strcuc1,Tapera naevia,Striped Cuckoo,Juan Freile,5.0,0.4466,-78.1839,data/BirdClef/train_audio/strcuc1/XC960929.ogg,gallery
XC960926,strcuc1,Tapera naevia,Striped Cuckoo,Juan Freile,4.5,0.4466,-78.1839,data/BirdClef/train_audio/strcuc1/XC960926.ogg,gallery
XC960920,strcuc1,Tapera naevia,Striped Cuckoo,Juan Freile,4.5,0.4466,-78.1839,data/BirdClef/train_audio/strcuc1/XC960920.ogg,gallery
XC683904,strcuc1,Tapera naevia,Striped Cuckoo,Mauricio Cuellar Ramirez (@Birding.travel),5.0,1.4886,-75.6911,data/BirdClef/train_audio/strcuc1/XC683904.ogg,gallery
XC683903,strcuc1,Tapera naevia,Striped Cuckoo,Mauricio Cuellar Ramirez (@Birding.travel),5.0,1.4886,-75.6911,data/BirdClef/train_audio/strcuc1/XC683903.ogg,gallery
XC591808,strcuc1,Tapera naevia,Striped Cuckoo,Mauricio Cuellar Ramirez (@Birding.travel),5.0,1.4898,-75.6801,data/BirdClef/train_audio/strcuc1/XC591808.ogg,gallery
XC157753,strcuc1,Tapera naevia,Striped Cuckoo,Yair G. Molina M.,3.0,3.2011,-75.6398,data/BirdClef/train_audio/strcuc1/XC157753.ogg,gallery
XC801659,strcuc1,Tapera naevia,Striped Cuckoo,Mauricio Cuéllar-Ramírez,4.0,3.4943,-73.0593,data/BirdClef/train_audio/strcuc1/XC801659.ogg,gallery
XC1054421,strcuc1,Tapera naevia,Striped Cuckoo,Delaitre guillaume,3.0,4.2829,-52.2854,data/BirdClef/train_audio/strcuc1/XC1054421.ogg,gallery
XC557247,strcuc1,Tapera naevia,Striped Cuckoo,Jerome Fischer,5.0,4.351,-74.652,data/BirdClef/train_audio/strcuc1/XC557247.ogg,gallery
XC433296,strcuc1,Tapera naevia,Striped Cuckoo,Victor Vanegas,4.0,4.5801,-74.5371,data/BirdClef/train_audio/strcuc1/XC433296.ogg,gallery
XC607763,strcuc1,Tapera naevia,Striped Cuckoo,Fernando Castro,4.0,4.8192,-74.5152,data/BirdClef/train_audio/strcuc1/XC607763.ogg,gallery
XC433180,strcuc1,Tapera naevia,Striped Cuckoo,David Monroy Rengifo,5.0,4.843,-75.8187,data/BirdClef/train_audio/strcuc1/XC433180.ogg,gallery
XC771593,strcuc1,Tapera naevia,Striped Cuckoo,David Monroy Rengifo,3.5,4.843,-75.8187,data/BirdClef/train_audio/strcuc1/XC771593.ogg,gallery
XC433182,strcuc1,Tapera naevia,Striped Cuckoo,David Monroy Rengifo,4.0,4.843,-75.8187,data/BirdClef/train_audio/strcuc1/XC433182.ogg,gallery
XC461017,strcuc1,Tapera naevia,Striped Cuckoo,David Monroy Rengifo,3.0,4.843,-75.8187,data/BirdClef/train_audio/strcuc1/XC461017.ogg,gallery
XC188219,strcuc1,Tapera naevia,Striped Cuckoo,Jeisson Poveda,4.0,4.9219,-75.076,data/BirdClef/train_audio/strcuc1/XC188219.ogg,gallery
XC122354,strcuc1,Tapera naevia,Striped Cuckoo,Jeisson Poveda,3.0,4.9259,-75.0732,data/BirdClef/train_audio/strcuc1/XC122354.ogg,gallery
XC449710,strcuc1,Tapera naevia,Striped Cuckoo,Brice de la Croix,4.0,5.1567,-52.6698,data/BirdClef/train_audio/strcuc1/XC449710.ogg,gallery
XC424251,strcuc1,Tapera naevia,Striped Cuckoo,Judith PRIAM,5.0,5.3959,-53.9868,data/BirdClef/train_audio/strcuc1/XC424251.ogg,gallery
XC481621,strcuc1,Tapera naevia,Striped Cuckoo,Arne Thelin,5.0,5.8523,-55.0784,data/BirdClef/train_audio/strcuc1/XC481621.ogg,gallery
XC291921,strcuc1,Tapera naevia,Striped Cuckoo,Andrea Lopera-Salazar,4.0,6.4128,-75.4298,data/BirdClef/train_audio/strcuc1/XC291921.ogg,gallery
XC435949,strcuc1,Tapera naevia,Striped Cuckoo,Andres Angulo ,3.0,6.4788,-75.8398,data/BirdClef/train_audio/strcuc1/XC435949.ogg,gallery
XC353888,strcuc1,Tapera naevia,Striped Cuckoo,Ross Gallardy,5.0,6.8614,-73.3842,data/BirdClef/train_audio/strcuc1/XC353888.ogg,gallery
XC928829,strcuc1,Tapera naevia,Striped Cuckoo,Xavier Riera,5.0,9.202,-79.6171,data/BirdClef/train_audio/strcuc1/XC928829.ogg,gallery
XC192109,strcuc1,Tapera naevia,Striped Cuckoo,Thore Noernberg,4.0,10.2114,-63.5695,data/BirdClef/train_audio/strcuc1/XC192109.ogg,gallery
XC376320,strcuc1,Tapera naevia,Striped Cuckoo,Albert Lastukhin,4.0,10.471,-84.646,data/BirdClef/train_audio/strcuc1/XC376320.ogg,gallery
XC443832,strcuc1,Tapera naevia,Striped Cuckoo,Jerome Fischer,5.0,10.7355,-75.101,data/BirdClef/train_audio/strcuc1/XC443832.ogg,gallery
XC443830,strcuc1,Tapera naevia,Striped Cuckoo,Jerome Fischer,5.0,10.7355,-75.101,data/BirdClef/train_audio/strcuc1/XC443830.ogg,gallery
XC838749,strcuc1,Tapera naevia,Striped Cuckoo,Francisco contreras,4.0,10.8564,-68.3634,data/BirdClef/train_audio/strcuc1/XC838749.ogg,gallery
XC664279,strcuc1,Tapera naevia,Striped Cuckoo,Francisco contreras,4.0,11.4947,-69.5128,data/BirdClef/train_audio/strcuc1/XC664279.ogg,gallery
XC331337,strcuc1,Tapera naevia,Striped Cuckoo,Eduardo Acevedo,5.0,12.5506,-87.176,data/BirdClef/train_audio/strcuc1/XC331337.ogg,gallery
XC384197,strcuc1,Tapera naevia,Striped Cuckoo,Orlando Jarquín G.,4.5,13.0122,-87.5761,data/BirdClef/train_audio/strcuc1/XC384197.ogg,gallery
XC200615,strcuc1,Tapera naevia,Striped Cuckoo,Mayron McKewy Mejía,5.0,13.1848,-87.146,data/BirdClef/train_audio/strcuc1/XC200615.ogg,gallery
XC274901,strcuc1,Tapera naevia,Striped Cuckoo,Angel Fong,4.0,13.242,-87.061,data/BirdClef/train_audio/strcuc1/XC274901.ogg,gallery
XC274900,strcuc1,Tapera naevia,Striped Cuckoo,Angel Fong,4.0,13.242,-87.061,data/BirdClef/train_audio/strcuc1/XC274900.ogg,gallery
XC729524,strcuc1,Tapera naevia,Striped Cuckoo,Alfonso Auerbach,4.0,13.2956,-87.0747,data/BirdClef/train_audio/strcuc1/XC729524.ogg,gallery
XC313548,strcuc1,Tapera naevia,Striped Cuckoo,Alfonso Auerbach,3.0,13.3292,-87.6023,data/BirdClef/train_audio/strcuc1/XC313548.ogg,gallery
XC128939,strcuc1,Tapera naevia,Striped Cuckoo,Lety Andino,3.0,13.8219,-89.8041,data/BirdClef/train_audio/strcuc1/XC128939.ogg,gallery
XC128935,strcuc1,Tapera naevia,Striped Cuckoo,Lety Andino,3.0,13.8219,-89.8041,data/BirdClef/train_audio/strcuc1/XC128935.ogg,gallery
XC465796,strcuc1,Tapera naevia,Striped Cuckoo,Mario Trejo,4.5,13.9808,-89.1668,data/BirdClef/train_audio/strcuc1/XC465796.ogg,gallery
XC613887,strcuc1,Tapera naevia,Striped Cuckoo,Mario Trejo,5.0,13.9808,-89.1651,data/BirdClef/train_audio/strcuc1/XC613887.ogg,gallery
XC349794,strcuc1,Tapera naevia,Striped Cuckoo,Nick Komar,4.0,14.0047,-86.9887,data/BirdClef/train_audio/strcuc1/XC349794.ogg,gallery
XC349792,strcuc1,Tapera naevia,Striped Cuckoo,Nick Komar,4.0,14.0047,-86.9887,data/BirdClef/train_audio/strcuc1/XC349792.ogg,gallery
XC197664,strcuc1,Tapera naevia,Striped Cuckoo,Guillermo Funes,4.0,14.0601,-89.1343,data/BirdClef/train_audio/strcuc1/XC197664.ogg,gallery
XC937867,strcuc1,Tapera naevia,Striped Cuckoo,Manuel Grosselet,4.0,14.397,-91.0909,data/BirdClef/train_audio/strcuc1/XC937867.ogg,gallery
XC937866,strcuc1,Tapera naevia,Striped Cuckoo,Manuel Grosselet,4.0,14.397,-91.0909,data/BirdClef/train_audio/strcuc1/XC937866.ogg,gallery
XC404240,strcuc1,Tapera naevia,Striped Cuckoo,Alfonso Auerbach,5.0,14.926,-85.9514,data/BirdClef/train_audio/strcuc1/XC404240.ogg,gallery
XC264338,strcuc1,Tapera naevia,Striped Cuckoo,Alfonso Auerbach,3.0,14.936,-88.0252,data/BirdClef/train_audio/strcuc1/XC264338.ogg,gallery
XC131547,strcuc1,Tapera naevia,Striped Cuckoo,Mayron McKewy Mejía,5.0,14.9521,-88.6761,data/BirdClef/train_audio/strcuc1/XC131547.ogg,gallery
XC333851,strcuc1,Tapera naevia,Striped Cuckoo,Richard E. Webster,4.5,15.5927,-92.8492,data/BirdClef/train_audio/strcuc1/XC333851.ogg,gallery
XC333854,strcuc1,Tapera naevia,Striped Cuckoo,Richard E. Webster,3.5,15.5927,-92.8492,data/BirdClef/train_audio/strcuc1/XC333854.ogg,gallery
XC129299,strcuc1,Tapera naevia,Striped Cuckoo,Manuel Grosselet,4.0,17.3377,-95.0505,data/BirdClef/train_audio/strcuc1/XC129299.ogg,gallery
XC150837,trokin,Tyrannus melancholicus,Tropical Kingbird,Herman van Oosten,4.0,-7.3984,-76.2996,data/BirdClef/train_audio/trokin/XC150837.ogg,gallery
XC566836,trokin,Tyrannus melancholicus,Tropical Kingbird,Isain Contreras Rodríguez,5.0,25.6036,-109.0521,data/BirdClef/train_audio/trokin/XC566836.ogg,gallery
XC82487,trokin,Tyrannus melancholicus,Tropical Kingbird,Jeremy Minns,5.0,-23.6334,-45.8667,data/BirdClef/train_audio/trokin/XC82487.ogg,gallery
XC423704,trokin,Tyrannus melancholicus,Tropical Kingbird,Yair Guillermo Molina Martínez.,5.0,4.4216,-75.2387,data/BirdClef/train_audio/trokin/XC423704.ogg,gallery
XC347896,trokin,Tyrannus melancholicus,Tropical Kingbird,Leonardo Ordóñez-Delgado,5.0,-3.0936,-78.3951,data/BirdClef/train_audio/trokin/XC347896.ogg,gallery
XC384644,trokin,Tyrannus melancholicus,Tropical Kingbird,Orlando Jarquín G.,5.0,12.6333,-87.1362,data/BirdClef/train_audio/trokin/XC384644.ogg,gallery
XC200922,trokin,Tyrannus melancholicus,Tropical Kingbird,Dave Slager,3.0,48.3669,-124.6204,data/BirdClef/train_audio/trokin/XC200922.ogg,gallery
XC560167,trokin,Tyrannus melancholicus,Tropical Kingbird,Jerome Fischer,5.0,4.351,-74.652,data/BirdClef/train_audio/trokin/XC560167.ogg,gallery
XC572040,trokin,Tyrannus melancholicus,Tropical Kingbird,Manuel Grosselet,5.0,25.7324,-109.0271,data/BirdClef/train_audio/trokin/XC572040.ogg,gallery
XC319082,trokin,Tyrannus melancholicus,Tropical Kingbird,Jacob R. Saucier,3.0,17.0273,-88.9758,data/BirdClef/train_audio/trokin/XC319082.ogg,gallery
XC499368,trokin,Tyrannus melancholicus,Tropical Kingbird,Isain Contreras Rodríguez,5.0,25.6036,-109.0521,data/BirdClef/train_audio/trokin/XC499368.ogg,gallery
XC872349,trokin,Tyrannus melancholicus,Tropical Kingbird,Alain Malengreau,4.5,4.5666,-52.2094,data/BirdClef/train_audio/trokin/XC872349.ogg,gallery
XC524130,trokin,Tyrannus melancholicus,Tropical Kingbird,Mauricio Álvarez-Rebolledo (Colección de Sonidos Ambientales - Instituto Humboldt),4.0,10.36,-75.5697,data/BirdClef/train_audio/trokin/XC524130.ogg,gallery
XC446384,trokin,Tyrannus melancholicus,Tropical Kingbird,Richard E. Webster,4.5,27.0262,-108.9761,data/BirdClef/train_audio/trokin/XC446384.ogg,gallery
XC857553,trokin,Tyrannus melancholicus,Tropical Kingbird,JAYRSON ARAUJO DE OLIVEIRA,3.0,-16.0781,-50.218,data/BirdClef/train_audio/trokin/XC857553.ogg,gallery
XC751275,trokin,Tyrannus melancholicus,Tropical Kingbird,"Cheng-En, HSIEH",4.0,17.237,-88.784,data/BirdClef/train_audio/trokin/XC751275.ogg,gallery
XC167035,trokin,Tyrannus melancholicus,Tropical Kingbird,Ottavio Janni,5.0,3.8627,-67.9688,data/BirdClef/train_audio/trokin/XC167035.ogg,gallery
XC609459,trokin,Tyrannus melancholicus,Tropical Kingbird,Jonathan Candil Méndez,4.0,4.9488,-73.9577,data/BirdClef/train_audio/trokin/XC609459.ogg,gallery
XC570674,trokin,Tyrannus melancholicus,Tropical Kingbird,Dante Buzzetti,4.0,-9.4215,-70.4894,data/BirdClef/train_audio/trokin/XC570674.ogg,gallery
XC845070,trokin,Tyrannus melancholicus,Tropical Kingbird,Paul Driver,4.0,-0.0609,-78.7708,data/BirdClef/train_audio/trokin/XC845070.ogg,gallery
XC385283,trokin,Tyrannus melancholicus,Tropical Kingbird,Albert Lastukhin,3.0,9.9813,-69.5325,data/BirdClef/train_audio/trokin/XC385283.ogg,gallery
XC157879,trokin,Tyrannus melancholicus,Tropical Kingbird,Leonardo Ordóñez-Delgado,4.0,-3.9992,-79.0192,data/BirdClef/train_audio/trokin/XC157879.ogg,gallery
XC789209,trokin,Tyrannus melancholicus,Tropical Kingbird,Olivier SWIFT,4.0,16.2092,-94.1611,data/BirdClef/train_audio/trokin/XC789209.ogg,gallery
XC841613,trokin,Tyrannus melancholicus,Tropical Kingbird,Francisco contreras,5.0,11.4064,-69.6675,data/BirdClef/train_audio/trokin/XC841613.ogg,gallery
XC124243,trokin,Tyrannus melancholicus,Tropical Kingbird,Richard E. Webster,3.0,31.34,-109.273,data/BirdClef/train_audio/trokin/XC124243.ogg,gallery
XC705426,trokin,Tyrannus melancholicus,Tropical Kingbird,Richard E. Webster,4.5,-18.1352,-64.8296,data/BirdClef/train_audio/trokin/XC705426.ogg,gallery
XC446380,trokin,Tyrannus melancholicus,Tropical Kingbird,Richard E. Webster,4.0,27.9601,-110.9806,data/BirdClef/train_audio/trokin/XC446380.ogg,gallery
XC124253,trokin,Tyrannus melancholicus,Tropical Kingbird,Richard E. Webster,5.0,31.34,-109.273,data/BirdClef/train_audio/trokin/XC124253.ogg,gallery
XC1028834,trokin,Tyrannus melancholicus,Tropical Kingbird,Max Noack,4.0,15.5308,-88.0449,data/BirdClef/train_audio/trokin/XC1028834.ogg,gallery
XC573999,trokin,Tyrannus melancholicus,Tropical Kingbird,Manuel Grosselet,4.0,25.6602,-109.0033,data/BirdClef/train_audio/trokin/XC573999.ogg,gallery
XC158292,trokin,Tyrannus melancholicus,Tropical Kingbird,Martin St-Michel,5.0,-0.0523,-78.7764,data/BirdClef/train_audio/trokin/XC158292.ogg,gallery
XC433172,trokin,Tyrannus melancholicus,Tropical Kingbird,David Monroy Rengifo,4.0,4.8114,-75.7038,data/BirdClef/train_audio/trokin/XC433172.ogg,gallery
XC756056,trokin,Tyrannus melancholicus,Tropical Kingbird,Guillermo Treboux,4.0,-32.2341,-58.1302,data/BirdClef/train_audio/trokin/XC756056.ogg,gallery
XC934133,trokin,Tyrannus melancholicus,Tropical Kingbird,Fernanda Fernandex,3.0,-15.6552,-47.8588,data/BirdClef/train_audio/trokin/XC934133.ogg,gallery
XC451992,trokin,Tyrannus melancholicus,Tropical Kingbird,JAYRSON ARAUJO DE OLIVEIRA,5.0,-7.2395,-39.9782,data/BirdClef/train_audio/trokin/XC451992.ogg,gallery
XC446379,trokin,Tyrannus melancholicus,Tropical Kingbird,Richard E. Webster,4.0,27.7141,-109.9042,data/BirdClef/train_audio/trokin/XC446379.ogg,gallery
XC537721,trokin,Tyrannus melancholicus,Tropical Kingbird,Brice de la Croix,4.5,4.7216,-52.3073,data/BirdClef/train_audio/trokin/XC537721.ogg,gallery
XC503804,trokin,Tyrannus melancholicus,Tropical Kingbird,Richard E. Webster,4.0,27.1621,-109.3975,data/BirdClef/train_audio/trokin/XC503804.ogg,gallery
XC446368,trokin,Tyrannus melancholicus,Tropical Kingbird,Richard E. Webster,3.5,27.7141,-109.9042,data/BirdClef/train_audio/trokin/XC446368.ogg,gallery
XC124261,trokin,Tyrannus melancholicus,Tropical Kingbird,Richard E. Webster,4.0,31.34,-109.273,data/BirdClef/train_audio/trokin/XC124261.ogg,gallery
XC821362,trokin,Tyrannus melancholicus,Tropical Kingbird,rudy gelis,5.0,-0.046,-78.7545,data/BirdClef/train_audio/trokin/XC821362.ogg,gallery
XC636053,trokin,Tyrannus melancholicus,Tropical Kingbird,Mauricio Cuellar Ramirez (@Birding.travel),5.0,1.1316,-75.6081,data/BirdClef/train_audio/trokin/XC636053.ogg,gallery
XC320170,trokin,Tyrannus melancholicus,Tropical Kingbird,Nick Komar,5.0,8.7566,-75.8851,data/BirdClef/train_audio/trokin/XC320170.ogg,gallery
XC243472,trokin,Tyrannus melancholicus,Tropical Kingbird,Eric DeFonso,4.5,-22.4508,-42.7735,data/BirdClef/train_audio/trokin/XC243472.ogg,gallery
XC148137,trokin,Tyrannus melancholicus,Tropical Kingbird,Gary Stiles (Colección de Sonidos Ambientales - Instituto Humboldt),4.0,1.1557,-77.9799,data/BirdClef/train_audio/trokin/XC148137.ogg,gallery
XC259037,trokin,Tyrannus melancholicus,Tropical Kingbird,John V. Moore,5.0,-0.548,-76.041,data/BirdClef/train_audio/trokin/XC259037.ogg,gallery
XC860721,trokin,Tyrannus melancholicus,Tropical Kingbird,José María Loaiza B.,5.0,0.0797,-78.6838,data/BirdClef/train_audio/trokin/XC860721.ogg,gallery
XC446377,trokin,Tyrannus melancholicus,Tropical Kingbird,Richard E. Webster,5.0,27.0099,-108.9131,data/BirdClef/train_audio/trokin/XC446377.ogg,gallery
XC825534,trokin,Tyrannus melancholicus,Tropical Kingbird,Mauricio Cuéllar-Ramírez,5.0,1.4956,-75.6821,data/BirdClef/train_audio/trokin/XC825534.ogg,gallery
XC707622,trokin,Tyrannus melancholicus,Tropical Kingbird,Fernando Igor de Godoy,5.0,-17.7419,-39.4548,data/BirdClef/train_audio/trokin/XC707622.ogg,gallery
XC362789,trokin,Tyrannus melancholicus,Tropical Kingbird,Luis Fernandez Campos,5.0,-24.173,-65.3071,data/BirdClef/train_audio/trokin/XC362789.ogg,gallery
XC743257,trokin,Tyrannus melancholicus,Tropical Kingbird,JAYRSON ARAUJO DE OLIVEIRA,4.0,-16.5456,-49.1572,data/BirdClef/train_audio/trokin/XC743257.ogg,gallery
XC67068,trokin,Tyrannus melancholicus,Tropical Kingbird,Daniel Lane,4.0,17.0739,-96.7228,data/BirdClef/train_audio/trokin/XC67068.ogg,gallery
XC569600,trokin,Tyrannus melancholicus,Tropical Kingbird,Isain Contreras Rodríguez,5.0,25.6036,-109.0521,data/BirdClef/train_audio/trokin/XC569600.ogg,gallery
XC955659,trokin,Tyrannus melancholicus,Tropical Kingbird,Paul Driver,4.0,9.8328,-83.5635,data/BirdClef/train_audio/trokin/XC955659.ogg,gallery
XC212088,trokin,Tyrannus melancholicus,Tropical Kingbird,Jerome Fischer,5.0,-0.0523,-78.7764,data/BirdClef/train_audio/trokin/XC212088.ogg,gallery
XC256063,trokin,Tyrannus melancholicus,Tropical Kingbird,Bruce Fall,4.0,44.7003,-93.3326,data/BirdClef/train_audio/trokin/XC256063.ogg,gallery
XC375952,trokin,Tyrannus melancholicus,Tropical Kingbird,Albert Lastukhin,5.0,9.8788,-85.5502,data/BirdClef/train_audio/trokin/XC375952.ogg,gallery
XC124262,trokin,Tyrannus melancholicus,Tropical Kingbird,Richard E. Webster,5.0,31.34,-109.273,data/BirdClef/train_audio/trokin/XC124262.ogg,gallery
XC28296,trokin,Tyrannus melancholicus,Tropical Kingbird,Daniel Lane,4.0,17.8587,-89.047,data/BirdClef/train_audio/trokin/XC28296.ogg,gallery
XC767469,trokin,Tyrannus melancholicus,Tropical Kingbird,Cristopher Rodríguez-Moreira,5.0,-0.9541,-80.7071,data/BirdClef/train_audio/trokin/XC767469.ogg,gallery
XC247446,trokin,Tyrannus melancholicus,Tropical Kingbird,Eric DeFonso,4.5,-22.4508,-42.7735,data/BirdClef/train_audio/trokin/XC247446.ogg,gallery
XC345790,trokin,Tyrannus melancholicus,Tropical Kingbird,Leonardo Ordóñez-Delgado,5.0,-4.7533,-79.0515,data/BirdClef/train_audio/trokin/XC345790.ogg,gallery
XC543737,trokin,Tyrannus melancholicus,Tropical Kingbird,Mauricio Cuellar Ramirez (@Birding.travel),5.0,1.4898,-75.6801,data/BirdClef/train_audio/trokin/XC543737.ogg,gallery
XC862523,trokin,Tyrannus melancholicus,Tropical Kingbird,Francisco contreras,4.0,11.4086,-69.6793,data/BirdClef/train_audio/trokin/XC862523.ogg,gallery
XC572041,trokin,Tyrannus melancholicus,Tropical Kingbird,Manuel Grosselet,5.0,25.7324,-109.0271,data/BirdClef/train_audio/trokin/XC572041.ogg,gallery
XC974371,trokin,Tyrannus melancholicus,Tropical Kingbird,JAYRSON ARAUJO DE OLIVEIRA,4.5,-4.0588,-41.6864,data/BirdClef/train_audio/trokin/XC974371.ogg,gallery
XC446375,trokin,Tyrannus melancholicus,Tropical Kingbird,Richard E. Webster,4.0,27.0149,-108.9351,data/BirdClef/train_audio/trokin/XC446375.ogg,gallery
XC446383,trokin,Tyrannus melancholicus,Tropical Kingbird,Richard E. Webster,3.5,27.0262,-108.9761,data/BirdClef/train_audio/trokin/XC446383.ogg,gallery
XC687385,trokin,Tyrannus melancholicus,Tropical Kingbird,Bruce McCulloch,4.5,-23.6522,-46.6919,data/BirdClef/train_audio/trokin/XC687385.ogg,gallery
XC296755,trokin,Tyrannus melancholicus,Tropical Kingbird,David Ricardo Rodríguez Villamil,4.0,4.3977,-74.3789,data/BirdClef/train_audio/trokin/XC296755.ogg,gallery
XC513642,trokin,Tyrannus melancholicus,Tropical Kingbird,Arthur Gomes,3.0,-22.4069,-47.5266,data/BirdClef/train_audio/trokin/XC513642.ogg,gallery
XC940003,trokin,Tyrannus melancholicus,Tropical Kingbird,JAYRSON ARAUJO DE OLIVEIRA,5.0,1.7932,-61.2351,data/BirdClef/train_audio/trokin/XC940003.ogg,gallery
XC939115,trokin,Tyrannus melancholicus,Tropical Kingbird,JAYRSON ARAUJO DE OLIVEIRA,5.0,2.8044,-60.6718,data/BirdClef/train_audio/trokin/XC939115.ogg,gallery
XC974128,trokin,Tyrannus melancholicus,Tropical Kingbird,JAYRSON ARAUJO DE OLIVEIRA,4.5,-8.8322,-42.5476,data/BirdClef/train_audio/trokin/XC974128.ogg,gallery
XC1035572,trokin,Tyrannus melancholicus,Tropical Kingbird,JAYRSON ARAUJO DE OLIVEIRA,4.5,-7.1545,-48.6915,data/BirdClef/train_audio/trokin/XC1035572.ogg,gallery
XC318776,trokin,Tyrannus melancholicus,Tropical Kingbird,Nick Komar,4.0,4.7303,-74.1405,data/BirdClef/train_audio/trokin/XC318776.ogg,gallery
XC421628,trokin,Tyrannus melancholicus,Tropical Kingbird,JAYRSON ARAUJO DE OLIVEIRA,5.0,-16.5631,-49.285,data/BirdClef/train_audio/trokin/XC421628.ogg,gallery
XC669569,trokin,Tyrannus melancholicus,Tropical Kingbird,Dante Buzzetti,5.0,-9.3153,-49.9383,data/BirdClef/train_audio/trokin/XC669569.ogg,gallery
XC156225,trokin,Tyrannus melancholicus,Tropical Kingbird,Danny Zapata-Henao,3.0,6.1424,-75.6182,data/BirdClef/train_audio/trokin/XC156225.ogg,gallery
XC1035215,trokin,Tyrannus melancholicus,Tropical Kingbird,JAYRSON ARAUJO DE OLIVEIRA,4.5,-7.1545,-48.6915,data/BirdClef/train_audio/trokin/XC1035215.ogg,gallery
XC292358,trokin,Tyrannus melancholicus,Tropical Kingbird,Luiz C.  Silva,5.0,-24.1029,-52.3171,data/BirdClef/train_audio/trokin/XC292358.ogg,gallery
XC709814,trokin,Tyrannus melancholicus,Tropical Kingbird,JAYRSON ARAUJO DE OLIVEIRA,4.5,-16.6122,-50.3301,data/BirdClef/train_audio/trokin/XC709814.ogg,gallery
XC532995,trokin,Tyrannus melancholicus,Tropical Kingbird,Mauricio Álvarez-Rebolledo (Colección de Sonidos Ambientales - Instituto Humboldt),4.0,5.2461,-75.6853,data/BirdClef/train_audio/trokin/XC532995.ogg,gallery
XC776321,trokin,Tyrannus melancholicus,Tropical Kingbird,Jerome Fischer,5.0,-0.0523,-78.7764,data/BirdClef/train_audio/trokin/XC776321.ogg,gallery
XC386672,trokin,Tyrannus melancholicus,Tropical Kingbird,Albert Lastukhin,3.0,8.8526,-70.5806,data/BirdClef/train_audio/trokin/XC386672.ogg,gallery
XC82489,trokin,Tyrannus melancholicus,Tropical Kingbird,Jeremy Minns,4.5,-19.2667,-57.0167,data/BirdClef/train_audio/trokin/XC82489.ogg,gallery
XC321829,trokin,Tyrannus melancholicus,Tropical Kingbird,Richard E. Webster,4.0,31.34,-109.273,data/BirdClef/train_audio/trokin/XC321829.ogg,gallery
XC614140,trokin,Tyrannus melancholicus,Tropical Kingbird,Manuel Grosselet,4.5,15.669,-96.5732,data/BirdClef/train_audio/trokin/XC614140.ogg,gallery
XC334502,trokin,Tyrannus melancholicus,Tropical Kingbird,Richard E. Webster,3.5,15.9492,-93.8029,data/BirdClef/train_audio/trokin/XC334502.ogg,gallery
XC446373,trokin,Tyrannus melancholicus,Tropical Kingbird,Richard E. Webster,5.0,27.7141,-109.9042,data/BirdClef/train_audio/trokin/XC446373.ogg,gallery
XC317607,trokin,Tyrannus melancholicus,Tropical Kingbird,Manuel Grosselet,5.0,19.2561,-103.6886,data/BirdClef/train_audio/trokin/XC317607.ogg,gallery
XC532996,trokin,Tyrannus melancholicus,Tropical Kingbird,Sergio Córdoba-Córdoba (Colección de Sonidos Ambientales - Instituto Humboldt),4.0,7.4389,-72.8408,data/BirdClef/train_audio/trokin/XC532996.ogg,gallery
XC934844,trokin,Tyrannus melancholicus,Tropical Kingbird,Fernanda Fernandex,4.0,-15.6552,-47.8588,data/BirdClef/train_audio/trokin/XC934844.ogg,gallery
XC235528,trokin,Tyrannus melancholicus,Tropical Kingbird,Francisco Dubon,5.0,15.5654,-87.9989,data/BirdClef/train_audio/trokin/XC235528.ogg,gallery
XC446378,trokin,Tyrannus melancholicus,Tropical Kingbird,Richard E. Webster,3.5,27.7834,-109.8984,data/BirdClef/train_audio/trokin/XC446378.ogg,gallery
XC400227,trokin,Tyrannus melancholicus,Tropical Kingbird,Bobby Wilcox,5.0,-0.0546,-78.7758,data/BirdClef/train_audio/trokin/XC400227.ogg,gallery
XC839870,trokin,Tyrannus melancholicus,Tropical Kingbird,Ana María Duque Ortiz,3.0,5.0635,-75.5181,data/BirdClef/train_audio/trokin/XC839870.ogg,gallery
XC82488,trokin,Tyrannus melancholicus,Tropical Kingbird,Jeremy Minns,4.0,-19.01,-40.01,data/BirdClef/train_audio/trokin/XC82488.ogg,gallery
XC67060,trokin,Tyrannus melancholicus,Tropical Kingbird,Daniel Lane,3.0,17.0739,-96.7228,data/BirdClef/train_audio/trokin/XC67060.ogg,gallery
XC860581,trokin,Tyrannus melancholicus,Tropical Kingbird,Richard E. Webster,3.5,-11.0086,-66.057,data/BirdClef/train_audio/trokin/XC860581.ogg,gallery
XC530782,trokin,Tyrannus melancholicus,Tropical Kingbird,Jerome Fischer,5.0,4.5585,-75.3275,data/BirdClef/train_audio/trokin/XC530782.ogg,gallery
XC627056,trokin,Tyrannus melancholicus,Tropical Kingbird,Dante Buzzetti,4.0,-17.6635,-63.1621,data/BirdClef/train_audio/trokin/XC627056.ogg,gallery
XC934135,trokin,Tyrannus melancholicus,Tropical Kingbird,Fernanda Fernandex,3.0,-15.6552,-47.8588,data/BirdClef/train_audio/trokin/XC934135.ogg,gallery
XC532999,trokin,Tyrannus melancholicus,Tropical Kingbird,Sergio Córdoba-Córdoba (Colección de Sonidos Ambientales - Instituto Humboldt),4.0,7.4661,-72.8494,data/BirdClef/train_audio/trokin/XC532999.ogg,gallery
XC446361,trokin,Tyrannus melancholicus,Tropical Kingbird,Richard E. Webster,4.0,27.0149,-108.9351,data/BirdClef/train_audio/trokin/XC446361.ogg,gallery
XC813196,trokin,Tyrannus melancholicus,Tropical Kingbird,JAYRSON ARAUJO DE OLIVEIRA,5.0,-16.9039,-49.2218,data/BirdClef/train_audio/trokin/XC813196.ogg,gallery
XC944358,trokin,Tyrannus melancholicus,Tropical Kingbird,JAYRSON ARAUJO DE OLIVEIRA,4.5,-6.3761,-47.1085,data/BirdClef/train_audio/trokin/XC944358.ogg,gallery
XC2633,trokin,Tyrannus melancholicus,Tropical Kingbird,Sjoerd Mayer,3.5,-19.5501,-62.5623,data/BirdClef/train_audio/trokin/XC2633.ogg,gallery
XC611127,trokin,Tyrannus melancholicus,Tropical Kingbird,Manuel Grosselet,5.0,17.067,-96.722,data/BirdClef/train_audio/trokin/XC611127.ogg,gallery
XC174821,trokin,Tyrannus melancholicus,Tropical Kingbird,João Antônio de B. Vitto,4.0,-28.7137,-49.3091,data/BirdClef/train_audio/trokin/XC174821.ogg,gallery
XC65747,trokin,Tyrannus melancholicus,Tropical Kingbird,Daniel Lane,4.0,17.074,-96.723,data/BirdClef/train_audio/trokin/XC65747.ogg,gallery
XC579636,trokin,Tyrannus melancholicus,Tropical Kingbird,Isain Contreras Rodríguez,4.0,18.8728,-99.2004,data/BirdClef/train_audio/trokin/XC579636.ogg,gallery
XC155967,trokin,Tyrannus melancholicus,Tropical Kingbird,Danny Zapata-Henao,3.0,6.1412,-75.6168,data/BirdClef/train_audio/trokin/XC155967.ogg,gallery
XC799803,trokin,Tyrannus melancholicus,Tropical Kingbird,Dante Buzzetti,4.0,5.0861,-74.7076,data/BirdClef/train_audio/trokin/XC799803.ogg,gallery
XC212465,trokin,Tyrannus melancholicus,Tropical Kingbird,Fernando Igor de Godoy,4.0,-23.6866,-46.7013,data/BirdClef/train_audio/trokin/XC212465.ogg,gallery
XC259038,trokin,Tyrannus melancholicus,Tropical Kingbird,John V. Moore,5.0,-0.548,-76.041,data/BirdClef/train_audio/trokin/XC259038.ogg,gallery
XC542114,trokin,Tyrannus melancholicus,Tropical Kingbird,Gina paola Torres,4.0,4.8659,-74.0635,data/BirdClef/train_audio/trokin/XC542114.ogg,gallery
XC457445,trokin,Tyrannus melancholicus,Tropical Kingbird,David Monroy Rengifo,5.0,4.8101,-75.71,data/BirdClef/train_audio/trokin/XC457445.ogg,gallery
XC789208,trokin,Tyrannus melancholicus,Tropical Kingbird,Olivier SWIFT,4.0,16.2092,-94.1611,data/BirdClef/train_audio/trokin/XC789208.ogg,gallery
XC788957,trokin,Tyrannus melancholicus,Tropical Kingbird,JAYRSON ARAUJO DE OLIVEIRA,5.0,-13.3558,-47.2809,data/BirdClef/train_audio/trokin/XC788957.ogg,gallery
XC799784,trokin,Tyrannus melancholicus,Tropical Kingbird,Dante Buzzetti,4.0,5.0861,-74.7076,data/BirdClef/train_audio/trokin/XC799784.ogg,gallery
XC82376,trokin,Tyrannus melancholicus,Tropical Kingbird,Jeremy Minns,4.0,-15.3851,-39.5709,data/BirdClef/train_audio/trokin/XC82376.ogg,gallery
XC772524,trokin,Tyrannus melancholicus,Tropical Kingbird,JAYRSON ARAUJO DE OLIVEIRA,4.5,-16.4353,-49.3948,data/BirdClef/train_audio/trokin/XC772524.ogg,gallery
XC292420,trokin,Tyrannus melancholicus,Tropical Kingbird,Jerome Fischer,5.0,-22.4508,-42.7735,data/BirdClef/train_audio/trokin/XC292420.ogg,gallery
XC454496,trokin,Tyrannus melancholicus,Tropical Kingbird,Andres Angulo ,5.0,6.3308,-75.7697,data/BirdClef/train_audio/trokin/XC454496.ogg,gallery
XC956082,trokin,Tyrannus melancholicus,Tropical Kingbird,Carol Moreira,5.0,-22.8599,-45.2362,data/BirdClef/train_audio/trokin/XC956082.ogg,gallery
XC278259,trokin,Tyrannus melancholicus,Tropical Kingbird,Jerome Fischer,5.0,-22.4508,-42.7735,data/BirdClef/train_audio/trokin/XC278259.ogg,gallery
XC82486,trokin,Tyrannus melancholicus,Tropical Kingbird,Jeremy Minns,5.0,-23.4727,-45.1892,data/BirdClef/train_audio/trokin/XC82486.ogg,gallery
XC147395,trokin,Tyrannus melancholicus,Tropical Kingbird,Chris Benesh,4.0,31.612,-111.041,data/BirdClef/train_audio/trokin/XC147395.ogg,gallery
XC900831,trokin,Tyrannus melancholicus,Tropical Kingbird,David Tattersley,5.0,25.9298,-97.4131,data/BirdClef/train_audio/trokin/XC900831.ogg,gallery
XC932701,trokin,Tyrannus melancholicus,Tropical Kingbird,JAYRSON ARAUJO DE OLIVEIRA,5.0,-15.8751,-48.9345,data/BirdClef/train_audio/trokin/XC932701.ogg,gallery
XC443541,trokin,Tyrannus melancholicus,Tropical Kingbird,JAYRSON ARAUJO DE OLIVEIRA,5.0,-14.625,-49.0051,data/BirdClef/train_audio/trokin/XC443541.ogg,gallery
XC563208,trokin,Tyrannus melancholicus,Tropical Kingbird,Isain Contreras Rodríguez,4.0,25.6036,-109.0521,data/BirdClef/train_audio/trokin/XC563208.ogg,gallery
XC624270,trokin,Tyrannus melancholicus,Tropical Kingbird,Rafael Gianni,3.5,10.469,-66.8362,data/BirdClef/train_audio/trokin/XC624270.ogg,gallery
XC837934,trokin,Tyrannus melancholicus,Tropical Kingbird,JAYRSON ARAUJO DE OLIVEIRA,5.0,-14.0858,-50.8244,data/BirdClef/train_audio/trokin/XC837934.ogg,gallery
XC615061,trokin,Tyrannus melancholicus,Tropical Kingbird,Manuel Grosselet,5.0,15.669,-96.5732,data/BirdClef/train_audio/trokin/XC615061.ogg,gallery
XC237816,trokin,Tyrannus melancholicus,Tropical Kingbird,emganin,3.5,10.78,-85.3615,data/BirdClef/train_audio/trokin/XC237816.ogg,gallery
XC540100,trokin,Tyrannus melancholicus,Tropical Kingbird,Jerome Fischer,4.0,4.351,-74.652,data/BirdClef/train_audio/trokin/XC540100.ogg,gallery
XC460842,trokin,Tyrannus melancholicus,Tropical Kingbird,Rosendo Manuel Fraga,5.0,-35.2501,-59.2167,data/BirdClef/train_audio/trokin/XC460842.ogg,gallery
XC5238,trokin,Tyrannus melancholicus,Tropical Kingbird,Willem-Pier Vellinga,5.0,-6.3498,-79.4848,data/BirdClef/train_audio/trokin/XC5238.ogg,gallery
XC956678,trokin,Tyrannus melancholicus,Tropical Kingbird,Scott Olmstead,5.0,9.832,-83.5639,data/BirdClef/train_audio/trokin/XC956678.ogg,gallery
XC974144,trokin,Tyrannus melancholicus,Tropical Kingbird,JAYRSON ARAUJO DE OLIVEIRA,5.0,-8.8322,-42.5476,data/BirdClef/train_audio/trokin/XC974144.ogg,gallery
XC137689,trokin,Tyrannus melancholicus,Tropical Kingbird,Paul Driver,5.0,10.2993,-84.8174,data/BirdClef/train_audio/trokin/XC137689.ogg,gallery
XC974316,trokin,Tyrannus melancholicus,Tropical Kingbird,JAYRSON ARAUJO DE OLIVEIRA,3.5,-4.0588,-41.6864,data/BirdClef/train_audio/trokin/XC974316.ogg,gallery
XC653362,trokin,Tyrannus melancholicus,Tropical Kingbird,Manuel Grosselet,5.0,17.067,-96.722,data/BirdClef/train_audio/trokin/XC653362.ogg,gallery
XC375953,trokin,Tyrannus melancholicus,Tropical Kingbird,Albert Lastukhin,4.0,9.8788,-85.5502,data/BirdClef/train_audio/trokin/XC375953.ogg,gallery
XC706827,trokin,Tyrannus melancholicus,Tropical Kingbird,JAYRSON ARAUJO DE OLIVEIRA,4.5,-16.5631,-49.285,data/BirdClef/train_audio/trokin/XC706827.ogg,gallery
XC879492,trokin,Tyrannus melancholicus,Tropical Kingbird,Cristopher Rodríguez-Moreira,5.0,-0.9505,-80.7459,data/BirdClef/train_audio/trokin/XC879492.ogg,gallery
XC137690,trokin,Tyrannus melancholicus,Tropical Kingbird,Paul Driver,4.0,10.2993,-84.8174,data/BirdClef/train_audio/trokin/XC137690.ogg,gallery
XC317608,trokin,Tyrannus melancholicus,Tropical Kingbird,Manuel Grosselet,4.5,19.2561,-103.6886,data/BirdClef/train_audio/trokin/XC317608.ogg,gallery
XC694903,trokin,Tyrannus melancholicus,Tropical Kingbird,Christopher Rodriguez-Moreira,3.0,-0.954,-80.7071,data/BirdClef/train_audio/trokin/XC694903.ogg,gallery
XC974370,trokin,Tyrannus melancholicus,Tropical Kingbird,JAYRSON ARAUJO DE OLIVEIRA,5.0,-4.0588,-41.6864,data/BirdClef/train_audio/trokin/XC974370.ogg,gallery
XC115603,trokin,Tyrannus melancholicus,Tropical Kingbird,Noé Eiterer,5.0,-21.6725,-43.2209,data/BirdClef/train_audio/trokin/XC115603.ogg,gallery
XC201884,trokin,Tyrannus melancholicus,Tropical Kingbird,Leonardo Ordóñez-Delgado,5.0,-4.0025,-79.2,data/BirdClef/train_audio/trokin/XC201884.ogg,gallery
XC85268,trsowl,Megascops choliba,Tropical Screech Owl,Jeremy Minns,4.0,-24.2667,-48.4167,data/BirdClef/train_audio/trsowl/XC85268.ogg,gallery
XC217208,trsowl,Megascops choliba,Tropical Screech Owl,Cedric MROCZKO,3.0,-1.7757,-77.8468,data/BirdClef/train_audio/trsowl/XC217208.ogg,gallery
XC288213,trsowl,Megascops choliba,Tropical Screech Owl,Jerome Fischer,3.5,-22.4508,-42.7735,data/BirdClef/train_audio/trsowl/XC288213.ogg,gallery
XC1033727,trsowl,Megascops choliba,Tropical Screech Owl,Bobby Wilcox,4.0,-25.6177,-54.5485,data/BirdClef/train_audio/trsowl/XC1033727.ogg,gallery
XC961510,trsowl,Megascops choliba,Tropical Screech Owl,Luciano Buck,4.0,-31.2819,-57.8941,data/BirdClef/train_audio/trsowl/XC961510.ogg,gallery
XC329226,trsowl,Megascops choliba,Tropical Screech Owl,Fernando Igor de Godoy,4.0,-10.652,-68.4974,data/BirdClef/train_audio/trsowl/XC329226.ogg,gallery
XC564403,trsowl,Megascops choliba,Tropical Screech Owl,Jerome Fischer,4.0,4.351,-74.652,data/BirdClef/train_audio/trsowl/XC564403.ogg,gallery
XC813083,trsowl,Megascops choliba,Tropical Screech Owl,JAYRSON ARAUJO DE OLIVEIRA,4.0,-16.9039,-49.2218,data/BirdClef/train_audio/trsowl/XC813083.ogg,gallery
XC813084,trsowl,Megascops choliba,Tropical Screech Owl,JAYRSON ARAUJO DE OLIVEIRA,4.0,-16.9039,-49.2218,data/BirdClef/train_audio/trsowl/XC813084.ogg,gallery
XC1045414,trsowl,Megascops choliba,Tropical Screech Owl,Guillermo Menéndez (gmmv80),5.0,-25.6069,-56.8706,data/BirdClef/train_audio/trsowl/XC1045414.ogg,gallery
XC845265,trsowl,Megascops choliba,Tropical Screech Owl,JAYRSON ARAUJO DE OLIVEIRA,3.5,-16.5631,-49.285,data/BirdClef/train_audio/trsowl/XC845265.ogg,gallery
XC475353,trsowl,Megascops choliba,Tropical Screech Owl,Jerome Fischer,4.0,-0.4383,-76.2791,data/BirdClef/train_audio/trsowl/XC475353.ogg,gallery
XC113189,trsowl,Megascops choliba,Tropical Screech Owl,Bernardo Lacombe,4.0,-22.3023,-43.077,data/BirdClef/train_audio/trsowl/XC113189.ogg,gallery
XC286824,trsowl,Megascops choliba,Tropical Screech Owl,Danny Zapata-Henao,3.5,6.1411,-75.6167,data/BirdClef/train_audio/trsowl/XC286824.ogg,gallery
XC884359,trsowl,Megascops choliba,Tropical Screech Owl,JAYRSON ARAUJO DE OLIVEIRA,4.5,-14.917,-51.0755,data/BirdClef/train_audio/trsowl/XC884359.ogg,gallery
XC1064961,trsowl,Megascops choliba,Tropical Screech Owl,Ricardo José Mitidieri,3.0,-22.3926,-42.3662,data/BirdClef/train_audio/trsowl/XC1064961.ogg,gallery
XC619559,trsowl,Megascops choliba,Tropical Screech Owl,Bruce McCulloch,4.0,-23.6506,-46.6884,data/BirdClef/train_audio/trsowl/XC619559.ogg,gallery
XC364775,trsowl,Megascops choliba,Tropical Screech Owl,Bobby Wilcox,4.0,-26.8109,-59.597,data/BirdClef/train_audio/trsowl/XC364775.ogg,gallery
XC141613,trsowl,Megascops choliba,Tropical Screech Owl,Marcos Melo,3.0,-10.65,-68.5053,data/BirdClef/train_audio/trsowl/XC141613.ogg,gallery
XC961509,trsowl,Megascops choliba,Tropical Screech Owl,Luciano Buck,4.0,-31.2819,-57.8941,data/BirdClef/train_audio/trsowl/XC961509.ogg,gallery
XC941723,trsowl,Megascops choliba,Tropical Screech Owl,Miguel Angelo Biz,5.0,-27.2527,-49.7475,data/BirdClef/train_audio/trsowl/XC941723.ogg,gallery
XC296792,trsowl,Megascops choliba,Tropical Screech Owl,Roney Souza,4.0,-19.2204,-42.4832,data/BirdClef/train_audio/trsowl/XC296792.ogg,gallery
XC172835,trsowl,Megascops choliba,Tropical Screech Owl,João Antônio de B. Vitto,4.0,-27.6061,-52.2735,data/BirdClef/train_audio/trsowl/XC172835.ogg,gallery
XC414183,trsowl,Megascops choliba,Tropical Screech Owl,JAYRSON ARAUJO DE OLIVEIRA,3.0,-14.625,-49.0051,data/BirdClef/train_audio/trsowl/XC414183.ogg,gallery
XC862349,trsowl,Megascops choliba,Tropical Screech Owl,Richard E. Webster,3.0,-11.0362,-65.7375,data/BirdClef/train_audio/trsowl/XC862349.ogg,gallery
XC531216,trsowl,Megascops choliba,Tropical Screech Owl,Felipe Arantes,5.0,-22.3181,-48.0732,data/BirdClef/train_audio/trsowl/XC531216.ogg,gallery
XC573739,trsowl,Megascops choliba,Tropical Screech Owl,Dante Buzzetti,5.0,-20.5751,-51.857,data/BirdClef/train_audio/trsowl/XC573739.ogg,gallery
XC216350,trsowl,Megascops choliba,Tropical Screech Owl,Cedric MROCZKO,4.0,-1.7874,-77.8326,data/BirdClef/train_audio/trsowl/XC216350.ogg,gallery
XC216352,trsowl,Megascops choliba,Tropical Screech Owl,Cedric MROCZKO,4.0,-1.7874,-77.8326,data/BirdClef/train_audio/trsowl/XC216352.ogg,gallery
XC800293,trsowl,Megascops choliba,Tropical Screech Owl,JAYRSON ARAUJO DE OLIVEIRA,3.5,-16.4727,-49.4959,data/BirdClef/train_audio/trsowl/XC800293.ogg,gallery
XC1006047,trsowl,Megascops choliba,Tropical Screech Owl,Dante Buzzetti,4.0,-20.6381,-51.8071,data/BirdClef/train_audio/trsowl/XC1006047.ogg,gallery
XC1032525,trsowl,Megascops choliba,Tropical Screech Owl,Richard E. Webster,4.0,4.1616,-59.0616,data/BirdClef/train_audio/trsowl/XC1032525.ogg,gallery
XC257034,trsowl,Megascops choliba,Tropical Screech Owl,Daniel F. Lane,3.0,-6.733,-76.383,data/BirdClef/train_audio/trsowl/XC257034.ogg,gallery
XC589903,trsowl,Megascops choliba,Tropical Screech Owl,Mauricio Cuellar Ramirez (@Birding.travel),5.0,1.4898,-75.6801,data/BirdClef/train_audio/trsowl/XC589903.ogg,gallery
XC748981,trsowl,Megascops choliba,Tropical Screech Owl,Ricardo José Mitidieri,4.0,-21.4748,-44.6372,data/BirdClef/train_audio/trsowl/XC748981.ogg,gallery
XC438059,trsowl,Megascops choliba,Tropical Screech Owl,Andres Angulo ,4.0,6.3273,-75.77,data/BirdClef/train_audio/trsowl/XC438059.ogg,gallery
XC837831,trsowl,Megascops choliba,Tropical Screech Owl,Francisco contreras,4.0,11.1681,-69.6947,data/BirdClef/train_audio/trsowl/XC837831.ogg,gallery
XC1044654,trsowl,Megascops choliba,Tropical Screech Owl,JAYRSON ARAUJO DE OLIVEIRA,4.0,-8.8525,-63.2316,data/BirdClef/train_audio/trsowl/XC1044654.ogg,gallery
XC974387,trsowl,Megascops choliba,Tropical Screech Owl,JAYRSON ARAUJO DE OLIVEIRA,3.5,-4.0588,-41.6864,data/BirdClef/train_audio/trsowl/XC974387.ogg,gallery
XC612637,trsowl,Megascops choliba,Tropical Screech Owl,Marcelo Javier Wioneczak,3.0,-25.5337,-54.1342,data/BirdClef/train_audio/trsowl/XC612637.ogg,gallery
XC209307,trsowl,Megascops choliba,Tropical Screech Owl,Fabricio Gorleri,5.0,-26.7966,-59.6056,data/BirdClef/train_audio/trsowl/XC209307.ogg,gallery
XC493624,trsowl,Megascops choliba,Tropical Screech Owl,JAYRSON ARAUJO DE OLIVEIRA,4.0,-6.3761,-47.1085,data/BirdClef/train_audio/trsowl/XC493624.ogg,gallery
XC467843,trsowl,Megascops choliba,Tropical Screech Owl,Rolf A. de By,3.0,-12.889,-71.399,data/BirdClef/train_audio/trsowl/XC467843.ogg,gallery
XC257740,trsowl,Megascops choliba,Tropical Screech Owl,John V. Moore,3.5,-0.523,-76.438,data/BirdClef/train_audio/trsowl/XC257740.ogg,gallery
XC316040,trsowl,Megascops choliba,Tropical Screech Owl,Nunes D&#039;Acosta,4.0,-16.6869,-49.2648,data/BirdClef/train_audio/trsowl/XC316040.ogg,gallery
XC541301,trsowl,Megascops choliba,Tropical Screech Owl,David Monroy Rengifo,4.0,4.843,-75.8187,data/BirdClef/train_audio/trsowl/XC541301.ogg,gallery
XC558104,trsowl,Megascops choliba,Tropical Screech Owl,Mauricio Cuellar Ramirez (@Birding.travel),4.0,1.4898,-75.6801,data/BirdClef/train_audio/trsowl/XC558104.ogg,gallery
XC837854,trsowl,Megascops choliba,Tropical Screech Owl,Bernard BOUSQUET,5.0,-31.8168,-64.4233,data/BirdClef/train_audio/trsowl/XC837854.ogg,gallery
XC638525,trsowl,Megascops choliba,Tropical Screech Owl,Fernando Castro,4.0,4.8192,-74.5152,data/BirdClef/train_audio/trsowl/XC638525.ogg,gallery
XC993163,trsowl,Megascops choliba,Tropical Screech Owl,Dante Buzzetti,4.0,-22.624,-52.1714,data/BirdClef/train_audio/trsowl/XC993163.ogg,gallery
XC572942,trsowl,Megascops choliba,Tropical Screech Owl,JAYRSON ARAUJO DE OLIVEIRA,3.5,-14.625,-49.0051,data/BirdClef/train_audio/trsowl/XC572942.ogg,gallery
XC85267,trsowl,Megascops choliba,Tropical Screech Owl,Jeremy Minns,4.0,-4.2889,-70.2948,data/BirdClef/train_audio/trsowl/XC85267.ogg,gallery
XC1026252,trsowl,Megascops choliba,Tropical Screech Owl,Dante Buzzetti,4.0,-19.3432,-43.5731,data/BirdClef/train_audio/trsowl/XC1026252.ogg,gallery
XC391397,trsowl,Megascops choliba,Tropical Screech Owl,Barry Edmonston,4.0,-25.0225,-64.0348,data/BirdClef/train_audio/trsowl/XC391397.ogg,gallery
XC351790,trsowl,Megascops choliba,Tropical Screech Owl,Susana García Blanco,4.0,9.3411,-83.6261,data/BirdClef/train_audio/trsowl/XC351790.ogg,gallery
XC341836,trsowl,Megascops choliba,Tropical Screech Owl,Nárgila Moura,4.0,-16.6445,-48.9264,data/BirdClef/train_audio/trsowl/XC341836.ogg,gallery
XC491708,trsowl,Megascops choliba,Tropical Screech Owl,Dante Buzzetti,4.0,-9.545,-70.089,data/BirdClef/train_audio/trsowl/XC491708.ogg,gallery
XC837968,trsowl,Megascops choliba,Tropical Screech Owl,Bernard BOUSQUET,4.0,-31.8168,-64.4233,data/BirdClef/train_audio/trsowl/XC837968.ogg,gallery
XC694512,trsowl,Megascops choliba,Tropical Screech Owl,Jeff Norris,5.0,9.9373,-84.1801,data/BirdClef/train_audio/trsowl/XC694512.ogg,gallery
XC328943,trsowl,Megascops choliba,Tropical Screech Owl,Jorge Gabriel Campos ,4.0,9.9081,-84.589,data/BirdClef/train_audio/trsowl/XC328943.ogg,gallery
XC414180,trsowl,Megascops choliba,Tropical Screech Owl,JAYRSON ARAUJO DE OLIVEIRA,4.0,-16.5631,-49.285,data/BirdClef/train_audio/trsowl/XC414180.ogg,gallery
XC531594,trsowl,Megascops choliba,Tropical Screech Owl,Fernando Castro,5.0,4.9465,-73.96,data/BirdClef/train_audio/trsowl/XC531594.ogg,gallery
XC895869,trsowl,Megascops choliba,Tropical Screech Owl,Dante Buzzetti,4.0,-23.5872,-46.9094,data/BirdClef/train_audio/trsowl/XC895869.ogg,gallery
XC706829,trsowl,Megascops choliba,Tropical Screech Owl,JAYRSON ARAUJO DE OLIVEIRA,3.0,-16.0538,-49.604,data/BirdClef/train_audio/trsowl/XC706829.ogg,gallery
XC901191,trsowl,Megascops choliba,Tropical Screech Owl,JAYRSON ARAUJO DE OLIVEIRA,4.0,-13.8891,-50.1832,data/BirdClef/train_audio/trsowl/XC901191.ogg,gallery
XC706796,trsowl,Megascops choliba,Tropical Screech Owl,JAYRSON ARAUJO DE OLIVEIRA,3.5,-16.8082,-49.1719,data/BirdClef/train_audio/trsowl/XC706796.ogg,gallery
XC130921,trsowl,Megascops choliba,Tropical Screech Owl,Noé Eiterer,4.0,-20.79,-42.8882,data/BirdClef/train_audio/trsowl/XC130921.ogg,gallery
XC148244,trsowl,Megascops choliba,Tropical Screech Owl,Gary Stiles (Colección de Sonidos Ambientales - Instituto Humboldt),4.0,4.2642,-73.05,data/BirdClef/train_audio/trsowl/XC148244.ogg,gallery
XC500437,trsowl,Megascops choliba,Tropical Screech Owl,Rafael Antunes Dias,3.5,-31.807,-52.4069,data/BirdClef/train_audio/trsowl/XC500437.ogg,gallery
XC676376,trsowl,Megascops choliba,Tropical Screech Owl,Ricardo José Mitidieri,5.0,-22.3926,-42.3662,data/BirdClef/train_audio/trsowl/XC676376.ogg,gallery
XC895868,trsowl,Megascops choliba,Tropical Screech Owl,Dante Buzzetti,4.0,-23.5872,-46.9094,data/BirdClef/train_audio/trsowl/XC895868.ogg,gallery
XC551061,trsowl,Megascops choliba,Tropical Screech Owl,Marcelo Javier Wioneczak,4.0,-27.4122,-56.2586,data/BirdClef/train_audio/trsowl/XC551061.ogg,gallery
XC217488,trsowl,Megascops choliba,Tropical Screech Owl,Rafael Martos Martins,3.0,-22.3849,-49.7171,data/BirdClef/train_audio/trsowl/XC217488.ogg,gallery
XC85269,trsowl,Megascops choliba,Tropical Screech Owl,Jeremy Minns,3.5,-24.2667,-48.4167,data/BirdClef/train_audio/trsowl/XC85269.ogg,gallery
XC364772,trsowl,Megascops choliba,Tropical Screech Owl,Bobby Wilcox,4.0,-26.8109,-59.597,data/BirdClef/train_audio/trsowl/XC364772.ogg,gallery
XC706680,trsowl,Megascops choliba,Tropical Screech Owl,Ricardo José Mitidieri,3.0,-22.7897,-44.3798,data/BirdClef/train_audio/trsowl/XC706680.ogg,gallery
XC613995,trsowl,Megascops choliba,Tropical Screech Owl,JAYRSON ARAUJO DE OLIVEIRA,3.0,-14.625,-49.0051,data/BirdClef/train_audio/trsowl/XC613995.ogg,gallery
XC795308,trsowl,Megascops choliba,Tropical Screech Owl,Bobby Wilcox,4.0,-25.2769,-65.3874,data/BirdClef/train_audio/trsowl/XC795308.ogg,gallery
XC513866,trsowl,Megascops choliba,Tropical Screech Owl,Leonardo Ordóñez-Delgado,4.0,-3.7603,-78.6443,data/BirdClef/train_audio/trsowl/XC513866.ogg,gallery
XC364770,trsowl,Megascops choliba,Tropical Screech Owl,Bobby Wilcox,4.0,-26.8109,-59.597,data/BirdClef/train_audio/trsowl/XC364770.ogg,gallery
XC648017,trsowl,Megascops choliba,Tropical Screech Owl,Erick Nicolás Patiño Acosta,5.0,5.2732,-74.2721,data/BirdClef/train_audio/trsowl/XC648017.ogg,gallery
XC414182,trsowl,Megascops choliba,Tropical Screech Owl,JAYRSON ARAUJO DE OLIVEIRA,3.0,-14.625,-49.0051,data/BirdClef/train_audio/trsowl/XC414182.ogg,gallery
XC817031,trsowl,Megascops choliba,Tropical Screech Owl,JAYRSON ARAUJO DE OLIVEIRA,4.0,-6.7131,-47.017,data/BirdClef/train_audio/trsowl/XC817031.ogg,gallery
XC822811,trsowl,Megascops choliba,Tropical Screech Owl,Bernard BOUSQUET,4.0,-31.8168,-64.4233,data/BirdClef/train_audio/trsowl/XC822811.ogg,gallery
XC1051855,trsowl,Megascops choliba,Tropical Screech Owl,Miguel Angelo Biz,4.0,-27.2119,-49.7211,data/BirdClef/train_audio/trsowl/XC1051855.ogg,gallery
XC199047,trsowl,Megascops choliba,Tropical Screech Owl,Guillermo Funes,4.0,7.6395,-81.7026,data/BirdClef/train_audio/trsowl/XC199047.ogg,gallery
XC497972,trsowl,Megascops choliba,Tropical Screech Owl,Dante Buzzetti,4.0,-15.2798,-39.0897,data/BirdClef/train_audio/trsowl/XC497972.ogg,gallery
XC2162,trsowl,Megascops choliba,Tropical Screech Owl,Sjoerd Mayer,4.0,-16.8917,-67.1417,data/BirdClef/train_audio/trsowl/XC2162.ogg,gallery
XC659544,trsowl,Megascops choliba,Tropical Screech Owl,JAYRSON ARAUJO DE OLIVEIRA,3.0,-14.134,-47.514,data/BirdClef/train_audio/trsowl/XC659544.ogg,gallery
XC974353,trsowl,Megascops choliba,Tropical Screech Owl,JAYRSON ARAUJO DE OLIVEIRA,3.5,-4.0588,-41.6864,data/BirdClef/train_audio/trsowl/XC974353.ogg,gallery
XC965196,trsowl,Megascops choliba,Tropical Screech Owl,Ademir Fick,4.0,-28.3198,-52.1995,data/BirdClef/train_audio/trsowl/XC965196.ogg,gallery
XC564680,trsowl,Megascops choliba,Tropical Screech Owl,Dante Buzzetti,4.0,-9.4571,-70.4332,data/BirdClef/train_audio/trsowl/XC564680.ogg,gallery
XC965189,trsowl,Megascops choliba,Tropical Screech Owl,Ademir Fick,4.0,-28.3198,-52.1995,data/BirdClef/train_audio/trsowl/XC965189.ogg,gallery
XC344312,trsowl,Megascops choliba,Tropical Screech Owl,Hotel Tinamu,3.5,5.0791,-75.6852,data/BirdClef/train_audio/trsowl/XC344312.ogg,gallery
XC582735,trsowl,Megascops choliba,Tropical Screech Owl,Alejandro Vivas Ruiz,4.0,2.4799,-76.5406,data/BirdClef/train_audio/trsowl/XC582735.ogg,gallery
XC978347,trsowl,Megascops choliba,Tropical Screech Owl,Ricardo José Mitidieri,5.0,-22.7897,-44.3798,data/BirdClef/train_audio/trsowl/XC978347.ogg,gallery
XC437380,trsowl,Megascops choliba,Tropical Screech Owl,Jerome Fischer,3.0,-4.2889,-70.2948,data/BirdClef/train_audio/trsowl/XC437380.ogg,gallery
XC917676,trsowl,Megascops choliba,Tropical Screech Owl,Andrés Mauricio López,4.0,5.0848,-75.525,data/BirdClef/train_audio/trsowl/XC917676.ogg,gallery
XC516383,trsowl,Megascops choliba,Tropical Screech Owl,Ricardo José Mitidieri,4.0,-22.4212,-42.9559,data/BirdClef/train_audio/trsowl/XC516383.ogg,gallery
XC217948,trsowl,Megascops choliba,Tropical Screech Owl,Antonio de Almeida Correia Junior,4.0,-26.4858,-51.9841,data/BirdClef/train_audio/trsowl/XC217948.ogg,gallery
XC597616,trsowl,Megascops choliba,Tropical Screech Owl,Erick Nicolás Patiño Acosta,4.0,6.3381,-72.8178,data/BirdClef/train_audio/trsowl/XC597616.ogg,gallery
XC977273,trsowl,Megascops choliba,Tropical Screech Owl,Matthew L. Brady,4.0,-0.6759,-77.5976,data/BirdClef/train_audio/trsowl/XC977273.ogg,gallery
XC265399,trsowl,Megascops choliba,Tropical Screech Owl,James Bradley,4.0,4.727,-75.577,data/BirdClef/train_audio/trsowl/XC265399.ogg,gallery
XC480084,trsowl,Megascops choliba,Tropical Screech Owl,Jerome Fischer,5.0,-0.4383,-76.2791,data/BirdClef/train_audio/trsowl/XC480084.ogg,gallery
XC789020,trsowl,Megascops choliba,Tropical Screech Owl,JAYRSON ARAUJO DE OLIVEIRA,4.5,-13.3558,-47.2809,data/BirdClef/train_audio/trsowl/XC789020.ogg,gallery
XC664485,trsowl,Megascops choliba,Tropical Screech Owl,J. Sebastian Giraldo-Bernal,3.0,3.5637,-76.6199,data/BirdClef/train_audio/trsowl/XC664485.ogg,gallery
XC593919,trsowl,Megascops choliba,Tropical Screech Owl,Mateus Gonçalves Santos ,4.0,-14.5811,-40.3217,data/BirdClef/train_audio/trsowl/XC593919.ogg,gallery
XC257739,trsowl,Megascops choliba,Tropical Screech Owl,John V. Moore,5.0,-3.6,-73.15,data/BirdClef/train_audio/trsowl/XC257739.ogg,gallery
XC187465,trsowl,Megascops choliba,Tropical Screech Owl,Marcos Melo,4.0,-23.9557,-46.6503,data/BirdClef/train_audio/trsowl/XC187465.ogg,gallery
XC73823,trsowl,Megascops choliba,Tropical Screech Owl,Joseph Tobias and Nathalie Seddon,4.0,-12.5692,-70.1001,data/BirdClef/train_audio/trsowl/XC73823.ogg,gallery
XC452771,trsowl,Megascops choliba,Tropical Screech Owl,Rosendo Manuel Fraga,4.0,-25.6268,-54.5445,data/BirdClef/train_audio/trsowl/XC452771.ogg,gallery
XC697637,trsowl,Megascops choliba,Tropical Screech Owl,Mauricio Cuellar Ramirez (@Birding.travel),4.0,2.0065,-75.9266,data/BirdClef/train_audio/trsowl/XC697637.ogg,gallery
XC364769,trsowl,Megascops choliba,Tropical Screech Owl,Bobby Wilcox,4.0,-26.8109,-59.597,data/BirdClef/train_audio/trsowl/XC364769.ogg,gallery
XC328944,trsowl,Megascops choliba,Tropical Screech Owl,Jorge Gabriel Campos ,4.0,9.9081,-84.589,data/BirdClef/train_audio/trsowl/XC328944.ogg,gallery
XC257033,trsowl,Megascops choliba,Tropical Screech Owl,Daniel F. Lane,5.0,-6.733,-76.383,data/BirdClef/train_audio/trsowl/XC257033.ogg,gallery
XC305910,trsowl,Megascops choliba,Tropical Screech Owl,Marco Munoz,4.0,10.0582,-84.0724,data/BirdClef/train_audio/trsowl/XC305910.ogg,gallery
XC933854,trsowl,Megascops choliba,Tropical Screech Owl,JAYRSON ARAUJO DE OLIVEIRA,4.0,-16.0781,-50.218,data/BirdClef/train_audio/trsowl/XC933854.ogg,gallery
XC292028,trsowl,Megascops choliba,Tropical Screech Owl,Fernanda Garcia,4.0,6.1816,-75.5654,data/BirdClef/train_audio/trsowl/XC292028.ogg,gallery
XC553900,trsowl,Megascops choliba,Tropical Screech Owl,Marcelo Javier Wioneczak,3.5,-27.4122,-56.2586,data/BirdClef/train_audio/trsowl/XC553900.ogg,gallery
XC560166,trsowl,Megascops choliba,Tropical Screech Owl,Jerome Fischer,5.0,4.351,-74.652,data/BirdClef/train_audio/trsowl/XC560166.ogg,gallery
XC674334,trsowl,Megascops choliba,Tropical Screech Owl,Bruce McCulloch,4.0,-23.6521,-46.6919,data/BirdClef/train_audio/trsowl/XC674334.ogg,gallery
XC1030243,trsowl,Megascops choliba,Tropical Screech Owl,Dante Buzzetti,4.0,-16.25,-39.0125,data/BirdClef/train_audio/trsowl/XC1030243.ogg,gallery
XC211153,trsowl,Megascops choliba,Tropical Screech Owl,Fernando Igor de Godoy,4.0,-21.854,-47.4925,data/BirdClef/train_audio/trsowl/XC211153.ogg,gallery
XC962078,trsowl,Megascops choliba,Tropical Screech Owl,Paul Lenrumé,5.0,5.7134,-53.8643,data/BirdClef/train_audio/trsowl/XC962078.ogg,gallery
XC621168,trsowl,Megascops choliba,Tropical Screech Owl,Bruce McCulloch,4.0,-23.6509,-46.6897,data/BirdClef/train_audio/trsowl/XC621168.ogg,gallery
XC532379,trsowl,Megascops choliba,Tropical Screech Owl,Mauricio Álvarez-Rebolledo (Colección de Sonidos Ambientales - Instituto Humboldt),4.0,5.2197,-75.4042,data/BirdClef/train_audio/trsowl/XC532379.ogg,gallery
XC742800,trsowl,Megascops choliba,Tropical Screech Owl,Paul Bourdin,3.0,-0.4383,-76.2791,data/BirdClef/train_audio/trsowl/XC742800.ogg,gallery
XC597612,trsowl,Megascops choliba,Tropical Screech Owl,Erick Nicolás Patiño Acosta,4.0,6.3387,-72.8173,data/BirdClef/train_audio/trsowl/XC597612.ogg,gallery
XC7877,trsowl,Megascops choliba,Tropical Screech Owl,Todd Mark,4.0,-6.6887,-76.1203,data/BirdClef/train_audio/trsowl/XC7877.ogg,gallery
XC531595,trsowl,Megascops choliba,Tropical Screech Owl,Fernando Castro,5.0,4.9465,-73.96,data/BirdClef/train_audio/trsowl/XC531595.ogg,gallery
XC161881,trsowl,Megascops choliba,Tropical Screech Owl,Galo Buitrón-Jurado,3.0,9.7031,-69.6048,data/BirdClef/train_audio/trsowl/XC161881.ogg,gallery
XC169858,trsowl,Megascops choliba,Tropical Screech Owl,Roney Assis Souza,3.0,-19.2204,-42.4832,data/BirdClef/train_audio/trsowl/XC169858.ogg,gallery
XC553381,trsowl,Megascops choliba,Tropical Screech Owl,Marcelo Javier Wioneczak,4.0,-27.8693,-55.1561,data/BirdClef/train_audio/trsowl/XC553381.ogg,gallery
XC681111,trsowl,Megascops choliba,Tropical Screech Owl,Ricardo José Mitidieri,3.5,-22.3926,-42.3662,data/BirdClef/train_audio/trsowl/XC681111.ogg,gallery
XC597608,trsowl,Megascops choliba,Tropical Screech Owl,Erick Nicolás Patiño Acosta,4.0,6.3387,-72.8173,data/BirdClef/train_audio/trsowl/XC597608.ogg,gallery
XC615844,trsowl,Megascops choliba,Tropical Screech Owl,Bruce McCulloch,4.0,-23.6509,-46.6897,data/BirdClef/train_audio/trsowl/XC615844.ogg,gallery
XC247440,trsowl,Megascops choliba,Tropical Screech Owl,Eric DeFonso,5.0,-22.4508,-42.7735,data/BirdClef/train_audio/trsowl/XC247440.ogg,gallery
XC500436,trsowl,Megascops choliba,Tropical Screech Owl,Rafael Antunes Dias,3.5,-31.807,-52.4069,data/BirdClef/train_audio/trsowl/XC500436.ogg,gallery
XC471418,trsowl,Megascops choliba,Tropical Screech Owl,Rolf A. de By,4.0,-16.8667,-66.7833,data/BirdClef/train_audio/trsowl/XC471418.ogg,gallery
XC861460,trsowl,Megascops choliba,Tropical Screech Owl,Dante Buzzetti,4.0,-8.9292,-40.5946,data/BirdClef/train_audio/trsowl/XC861460.ogg,gallery
XC447987,trsowl,Megascops choliba,Tropical Screech Owl,Victor Antonelli,4.0,-22.8842,-48.4442,data/BirdClef/train_audio/trsowl/XC447987.ogg,gallery
XC689074,trsowl,Megascops choliba,Tropical Screech Owl,Dante Buzzetti,5.0,-22.3698,-44.7122,data/BirdClef/train_audio/trsowl/XC689074.ogg,gallery
XC1006634,trsowl,Megascops choliba,Tropical Screech Owl,JAYRSON ARAUJO DE OLIVEIRA,5.0,-15.8195,-48.9861,data/BirdClef/train_audio/trsowl/XC1006634.ogg,gallery
XC927234,trsowl,Megascops choliba,Tropical Screech Owl,Luiz C.  Silva,5.0,-24.1029,-52.3171,data/BirdClef/train_audio/trsowl/XC927234.ogg,gallery
XC191819,trsowl,Megascops choliba,Tropical Screech Owl,Adrian Naveda-Rodriguez,3.0,-0.6404,-75.8092,data/BirdClef/train_audio/trsowl/XC191819.ogg,gallery
XC1033725,trsowl,Megascops choliba,Tropical Screech Owl,Bobby Wilcox,4.0,-25.6177,-54.5485,data/BirdClef/train_audio/trsowl/XC1033725.ogg,gallery
XC843464,trsowl,Megascops choliba,Tropical Screech Owl,JAYRSON ARAUJO DE OLIVEIRA,4.0,-25.627,-54.453,data/BirdClef/train_audio/trsowl/XC843464.ogg,gallery
XC85266,trsowl,Megascops choliba,Tropical Screech Owl,Jeremy Minns,3.5,-8.9826,-72.7148,data/BirdClef/train_audio/trsowl/XC85266.ogg,gallery
XC493182,trsowl,Megascops choliba,Tropical Screech Owl,JAYRSON ARAUJO DE OLIVEIRA,4.0,-7.0908,-48.2134,data/BirdClef/train_audio/trsowl/XC493182.ogg,gallery
XC414181,trsowl,Megascops choliba,Tropical Screech Owl,JAYRSON ARAUJO DE OLIVEIRA,5.0,-14.625,-49.0051,data/BirdClef/train_audio/trsowl/XC414181.ogg,gallery
XC773063,trsowl,Megascops choliba,Tropical Screech Owl,Ana Laura Sureda,3.5,-24.665,-65.377,data/BirdClef/train_audio/trsowl/XC773063.ogg,gallery
XC310298,trsowl,Megascops choliba,Tropical Screech Owl,Luis Alejandro Agudelo Cifuentes ,3.0,6.2555,-75.5789,data/BirdClef/train_audio/trsowl/XC310298.ogg,gallery
XC131327,trsowl,Megascops choliba,Tropical Screech Owl,Eric DeFonso,4.0,-22.4508,-42.7735,data/BirdClef/train_audio/trsowl/XC131327.ogg,gallery
XC678289,trsowl,Megascops choliba,Tropical Screech Owl,Dante Buzzetti,4.0,-22.7285,-44.6358,data/BirdClef/train_audio/trsowl/XC678289.ogg,gallery
XC507740,trsowl,Megascops choliba,Tropical Screech Owl,Benedito Pio da Silva Campos Neto,5.0,-15.4467,-55.7002,data/BirdClef/train_audio/trsowl/XC507740.ogg,gallery
XC454093,trsowl,Megascops choliba,Tropical Screech Owl,Jerome Fischer,4.0,9.2201,-80.0073,data/BirdClef/train_audio/trsowl/XC454093.ogg,gallery
XC911091,trsowl,Megascops choliba,Tropical Screech Owl,Catalina Orrego López,4.0,4.8616,-75.6785,data/BirdClef/train_audio/trsowl/XC911091.ogg,gallery
XC998160,trsowl,Megascops choliba,Tropical Screech Owl,Jaime Suárez ,5.0,4.8065,-75.6866,data/BirdClef/train_audio/trsowl/XC998160.ogg,gallery
XC443406,trsowl,Megascops choliba,Tropical Screech Owl,JAYRSON ARAUJO DE OLIVEIRA,3.0,-14.625,-49.0051,data/BirdClef/train_audio/trsowl/XC443406.ogg,gallery
XC817029,trsowl,Megascops choliba,Tropical Screech Owl,JAYRSON ARAUJO DE OLIVEIRA,4.0,-6.7131,-47.017,data/BirdClef/train_audio/trsowl/XC817029.ogg,gallery
XC291977,trsowl,Megascops choliba,Tropical Screech Owl,Jerome Fischer,4.0,-22.4508,-42.7735,data/BirdClef/train_audio/trsowl/XC291977.ogg,gallery
XC479561,trsowl,Megascops choliba,Tropical Screech Owl,Jerome Fischer,4.0,-0.4383,-76.2791,data/BirdClef/train_audio/trsowl/XC479561.ogg,gallery
XC895826,trsowl,Megascops choliba,Tropical Screech Owl,Dante Buzzetti,4.0,-23.3607,-46.4753,data/BirdClef/train_audio/trsowl/XC895826.ogg,gallery
XC437589,trsowl,Megascops choliba,Tropical Screech Owl,Crizanto B. De-Carvalho,5.0,-18.1614,-47.8649,data/BirdClef/train_audio/trsowl/XC437589.ogg,gallery
XC358876,trsowl,Megascops choliba,Tropical Screech Owl,Luis Pradier,3.0,-27.4154,-56.2634,data/BirdClef/train_audio/trsowl/XC358876.ogg,gallery
XC544533,whtdov,Leptotila verreauxi,White-tipped Dove,Nunes-de-Almeida,5.0,-0.0266,-78.7423,data/BirdClef/train_audio/whtdov/XC544533.ogg,gallery
XC455153,whtdov,Leptotila verreauxi,White-tipped Dove,David Monroy Rengifo,5.0,4.843,-75.8187,data/BirdClef/train_audio/whtdov/XC455153.ogg,gallery
XC1030214,whtdov,Leptotila verreauxi,White-tipped Dove,Dante Buzzetti,4.0,-9.3008,-40.3268,data/BirdClef/train_audio/whtdov/XC1030214.ogg,gallery
XC418924,whtdov,Leptotila verreauxi,White-tipped Dove,Brice de la Croix,3.0,4.7216,-52.3073,data/BirdClef/train_audio/whtdov/XC418924.ogg,gallery
XC823696,whtdov,Leptotila verreauxi,White-tipped Dove,Bernard BOUSQUET,4.0,-30.939,-62.883,data/BirdClef/train_audio/whtdov/XC823696.ogg,gallery
XC420921,whtdov,Leptotila verreauxi,White-tipped Dove,Yair Guillermo Molina Martínez.,5.0,4.4611,-75.2151,data/BirdClef/train_audio/whtdov/XC420921.ogg,gallery
XC415520,whtdov,Leptotila verreauxi,White-tipped Dove,JAYRSON ARAUJO DE OLIVEIRA,5.0,-16.5631,-49.285,data/BirdClef/train_audio/whtdov/XC415520.ogg,gallery
XC664321,whtdov,Leptotila verreauxi,White-tipped Dove,Yair Guillermo Molina Martínez.,3.0,4.4615,-75.0514,data/BirdClef/train_audio/whtdov/XC664321.ogg,gallery
XC304173,whtdov,Leptotila verreauxi,White-tipped Dove,Tom Auer,3.0,20.8042,-86.947,data/BirdClef/train_audio/whtdov/XC304173.ogg,gallery
XC703635,whtdov,Leptotila verreauxi,White-tipped Dove,Richard E. Webster,3.5,-13.7656,-66.1005,data/BirdClef/train_audio/whtdov/XC703635.ogg,gallery
XC1009380,whtdov,Leptotila verreauxi,White-tipped Dove,José María Loaiza B.,5.0,0.0797,-78.6838,data/BirdClef/train_audio/whtdov/XC1009380.ogg,gallery
XC734282,whtdov,Leptotila verreauxi,White-tipped Dove,Daniel Blamires,3.0,-16.4456,-51.1201,data/BirdClef/train_audio/whtdov/XC734282.ogg,gallery
XC333856,whtdov,Leptotila verreauxi,White-tipped Dove,Richard E. Webster,4.0,15.5927,-92.8492,data/BirdClef/train_audio/whtdov/XC333856.ogg,gallery
XC973691,whtdov,Leptotila verreauxi,White-tipped Dove,Dante Buzzetti,4.0,-23.5872,-46.9094,data/BirdClef/train_audio/whtdov/XC973691.ogg,gallery
XC440865,whtdov,Leptotila verreauxi,White-tipped Dove,Richard E. Webster,5.0,27.0154,-108.9493,data/BirdClef/train_audio/whtdov/XC440865.ogg,gallery
XC497523,whtdov,Leptotila verreauxi,White-tipped Dove,Richard E. Webster,3.5,23.3955,-105.9319,data/BirdClef/train_audio/whtdov/XC497523.ogg,gallery
XC838003,whtdov,Leptotila verreauxi,White-tipped Dove,JAYRSON ARAUJO DE OLIVEIRA,4.5,-14.0858,-50.8244,data/BirdClef/train_audio/whtdov/XC838003.ogg,gallery
XC831019,whtdov,Leptotila verreauxi,White-tipped Dove,rudy gelis,5.0,-0.0773,-78.7539,data/BirdClef/train_audio/whtdov/XC831019.ogg,gallery
XC138134,whtdov,Leptotila verreauxi,White-tipped Dove,Pablo Bolaños Sittler,4.0,14.589,-90.684,data/BirdClef/train_audio/whtdov/XC138134.ogg,gallery
XC833756,whtdov,Leptotila verreauxi,White-tipped Dove,Bernard BOUSQUET,5.0,-31.4072,-64.5041,data/BirdClef/train_audio/whtdov/XC833756.ogg,gallery
XC440861,whtdov,Leptotila verreauxi,White-tipped Dove,Richard E. Webster,4.0,27.0819,-108.7568,data/BirdClef/train_audio/whtdov/XC440861.ogg,gallery
XC257623,whtdov,Leptotila verreauxi,White-tipped Dove,John V. Moore,4.5,-4.3,-80.033,data/BirdClef/train_audio/whtdov/XC257623.ogg,gallery
XC466243,whtdov,Leptotila verreauxi,White-tipped Dove,Enrique Varela,3.0,10.0459,-84.5023,data/BirdClef/train_audio/whtdov/XC466243.ogg,gallery
XC486109,whtdov,Leptotila verreauxi,White-tipped Dove,Rosendo Manuel Fraga,5.0,-35.2495,-59.2241,data/BirdClef/train_audio/whtdov/XC486109.ogg,gallery
XC440866,whtdov,Leptotila verreauxi,White-tipped Dove,Richard E. Webster,5.0,27.0303,-109.0146,data/BirdClef/train_audio/whtdov/XC440866.ogg,gallery
XC573312,whtdov,Leptotila verreauxi,White-tipped Dove,Arcadio Marin ,4.0,4.5727,-74.5058,data/BirdClef/train_audio/whtdov/XC573312.ogg,gallery
XC150304,whtdov,Leptotila verreauxi,White-tipped Dove,Herman van Oosten,3.0,-6.521,-76.4178,data/BirdClef/train_audio/whtdov/XC150304.ogg,gallery
XC838159,whtdov,Leptotila verreauxi,White-tipped Dove,Sabrina Andrea Rendon Anaya,4.0,-33.812,-59.5046,data/BirdClef/train_audio/whtdov/XC838159.ogg,gallery
XC748090,whtdov,Leptotila verreauxi,White-tipped Dove,Fernando Igor de Godoy,4.0,-17.7898,-50.8352,data/BirdClef/train_audio/whtdov/XC748090.ogg,gallery
XC440870,whtdov,Leptotila verreauxi,White-tipped Dove,Richard E. Webster,4.0,27.0633,-109.0398,data/BirdClef/train_audio/whtdov/XC440870.ogg,gallery
XC657780,whtdov,Leptotila verreauxi,White-tipped Dove,Javier Tavera,4.0,-6.9133,-78.1812,data/BirdClef/train_audio/whtdov/XC657780.ogg,gallery
XC455152,whtdov,Leptotila verreauxi,White-tipped Dove,David Monroy Rengifo,5.0,4.843,-75.8187,data/BirdClef/train_audio/whtdov/XC455152.ogg,gallery
XC570004,whtdov,Leptotila verreauxi,White-tipped Dove,Arthur Gomes,4.0,-22.9403,-46.955,data/BirdClef/train_audio/whtdov/XC570004.ogg,gallery
XC502949,whtdov,Leptotila verreauxi,White-tipped Dove,Richard E. Webster,5.0,26.9847,-108.9437,data/BirdClef/train_audio/whtdov/XC502949.ogg,gallery
XC729574,whtdov,Leptotila verreauxi,White-tipped Dove,Scott Olmstead,4.0,31.463,-110.3621,data/BirdClef/train_audio/whtdov/XC729574.ogg,gallery
XC189163,whtdov,Leptotila verreauxi,White-tipped Dove,Jerome Fischer,4.0,-0.0181,-78.6834,data/BirdClef/train_audio/whtdov/XC189163.ogg,gallery
XC85194,whtdov,Leptotila verreauxi,White-tipped Dove,Jeremy Minns,4.0,-30.1834,-57.4501,data/BirdClef/train_audio/whtdov/XC85194.ogg,gallery
XC502947,whtdov,Leptotila verreauxi,White-tipped Dove,Richard E. Webster,4.0,26.9847,-108.9437,data/BirdClef/train_audio/whtdov/XC502947.ogg,gallery
XC353013,whtdov,Leptotila verreauxi,White-tipped Dove,Richard E. Webster,5.0,27.0303,-109.0146,data/BirdClef/train_audio/whtdov/XC353013.ogg,gallery
XC73767,whtdov,Leptotila verreauxi,White-tipped Dove,Joseph Tobias and Nathalie Seddon,4.0,-16.2106,-67.7296,data/BirdClef/train_audio/whtdov/XC73767.ogg,gallery
XC817032,whtdov,Leptotila verreauxi,White-tipped Dove,JAYRSON ARAUJO DE OLIVEIRA,5.0,-6.7131,-47.017,data/BirdClef/train_audio/whtdov/XC817032.ogg,gallery
XC811887,whtdov,Leptotila verreauxi,White-tipped Dove,JAYRSON ARAUJO DE OLIVEIRA,4.5,-16.9039,-49.2218,data/BirdClef/train_audio/whtdov/XC811887.ogg,gallery
XC594827,whtdov,Leptotila verreauxi,White-tipped Dove,Peter de Rouw,3.0,-4.376,-79.8901,data/BirdClef/train_audio/whtdov/XC594827.ogg,gallery
XC404742,whtdov,Leptotila verreauxi,White-tipped Dove,Jacob R. Saucier,4.0,29.4758,-100.2272,data/BirdClef/train_audio/whtdov/XC404742.ogg,gallery
XC703697,whtdov,Leptotila verreauxi,White-tipped Dove,Richard E. Webster,4.5,-13.7656,-66.1005,data/BirdClef/train_audio/whtdov/XC703697.ogg,gallery
XC411432,whtdov,Leptotila verreauxi,White-tipped Dove,Julio Acosta,4.0,13.8819,-88.9632,data/BirdClef/train_audio/whtdov/XC411432.ogg,gallery
XC333858,whtdov,Leptotila verreauxi,White-tipped Dove,Richard E. Webster,4.0,15.6216,-92.8209,data/BirdClef/train_audio/whtdov/XC333858.ogg,gallery
XC661045,whtdov,Leptotila verreauxi,White-tipped Dove,Francisco contreras,3.0,11.4947,-69.5128,data/BirdClef/train_audio/whtdov/XC661045.ogg,gallery
XC703711,whtdov,Leptotila verreauxi,White-tipped Dove,Richard E. Webster,3.5,-13.7656,-66.1005,data/BirdClef/train_audio/whtdov/XC703711.ogg,gallery
XC708066,whtdov,Leptotila verreauxi,White-tipped Dove,JAYRSON ARAUJO DE OLIVEIRA,4.5,-16.631,-48.6674,data/BirdClef/train_audio/whtdov/XC708066.ogg,gallery
XC703701,whtdov,Leptotila verreauxi,White-tipped Dove,Richard E. Webster,3.5,-13.7656,-66.1005,data/BirdClef/train_audio/whtdov/XC703701.ogg,gallery
XC112958,whtdov,Leptotila verreauxi,White-tipped Dove,Sander Bot,4.0,8.6369,-83.1576,data/BirdClef/train_audio/whtdov/XC112958.ogg,gallery
XC838546,whtdov,Leptotila verreauxi,White-tipped Dove,JAYRSON ARAUJO DE OLIVEIRA,4.5,-18.9287,-51.679,data/BirdClef/train_audio/whtdov/XC838546.ogg,gallery
XC551074,whtdov,Leptotila verreauxi,White-tipped Dove,Ricardo Gagliardi,4.0,-22.9862,-43.5692,data/BirdClef/train_audio/whtdov/XC551074.ogg,gallery
XC386638,whtdov,Leptotila verreauxi,White-tipped Dove,Yair Guillermo Molina Martínez.,5.0,4.379,-75.1349,data/BirdClef/train_audio/whtdov/XC386638.ogg,gallery
XC345466,whtdov,Leptotila verreauxi,White-tipped Dove,Charlie Vogt,4.0,-2.167,-80.011,data/BirdClef/train_audio/whtdov/XC345466.ogg,gallery
XC1019627,whtdov,Leptotila verreauxi,White-tipped Dove,JAYRSON ARAUJO DE OLIVEIRA,4.5,-16.5108,-49.2939,data/BirdClef/train_audio/whtdov/XC1019627.ogg,gallery
XC170827,whtdov,Leptotila verreauxi,White-tipped Dove,Leonardo Ordóñez-Delgado,5.0,-4.272,-80.329,data/BirdClef/train_audio/whtdov/XC170827.ogg,gallery
XC925578,whtdov,Leptotila verreauxi,White-tipped Dove,Richard E. Webster,4.0,15.7307,-96.1671,data/BirdClef/train_audio/whtdov/XC925578.ogg,gallery
XC533997,whtdov,Leptotila verreauxi,White-tipped Dove,Jerome Fischer,4.0,4.351,-74.652,data/BirdClef/train_audio/whtdov/XC533997.ogg,gallery
XC211071,whtdov,Leptotila verreauxi,White-tipped Dove,Meena Haribal,5.0,-4.2816,-79.2243,data/BirdClef/train_audio/whtdov/XC211071.ogg,gallery
XC502892,whtdov,Leptotila verreauxi,White-tipped Dove,Richard E. Webster,3.5,27.0099,-108.9131,data/BirdClef/train_audio/whtdov/XC502892.ogg,gallery
XC833947,whtdov,Leptotila verreauxi,White-tipped Dove,Dante Buzzetti,4.0,-20.7505,-51.7828,data/BirdClef/train_audio/whtdov/XC833947.ogg,gallery
XC309816,whtdov,Leptotila verreauxi,White-tipped Dove,Manuel Grosselet,4.0,23.7265,-99.1248,data/BirdClef/train_audio/whtdov/XC309816.ogg,gallery
XC440864,whtdov,Leptotila verreauxi,White-tipped Dove,Richard E. Webster,4.5,27.0154,-108.9493,data/BirdClef/train_audio/whtdov/XC440864.ogg,gallery
XC502951,whtdov,Leptotila verreauxi,White-tipped Dove,Richard E. Webster,4.0,27.0303,-109.0146,data/BirdClef/train_audio/whtdov/XC502951.ogg,gallery
XC484747,whtdov,Leptotila verreauxi,White-tipped Dove,Rosendo Manuel Fraga,5.0,-26.8071,-54.1043,data/BirdClef/train_audio/whtdov/XC484747.ogg,gallery
XC166268,whtdov,Leptotila verreauxi,White-tipped Dove,Antonio de Almeida Correia Junior,4.0,-26.4895,-52.2009,data/BirdClef/train_audio/whtdov/XC166268.ogg,gallery
XC492013,whtdov,Leptotila verreauxi,White-tipped Dove,Arthur Gomes,3.5,-22.4069,-47.5266,data/BirdClef/train_audio/whtdov/XC492013.ogg,gallery
XC703717,whtdov,Leptotila verreauxi,White-tipped Dove,Richard E. Webster,4.5,-15.1912,-64.7212,data/BirdClef/train_audio/whtdov/XC703717.ogg,gallery
XC782464,whtdov,Leptotila verreauxi,White-tipped Dove,JAYRSON ARAUJO DE OLIVEIRA,4.0,-12.2755,-55.0688,data/BirdClef/train_audio/whtdov/XC782464.ogg,gallery
XC319760,whtdov,Leptotila verreauxi,White-tipped Dove,Manuel Grosselet,4.0,18.0188,-94.4079,data/BirdClef/train_audio/whtdov/XC319760.ogg,gallery
XC1031466,whtdov,Leptotila verreauxi,White-tipped Dove,Richard E. Webster,4.0,4.0847,-59.556,data/BirdClef/train_audio/whtdov/XC1031466.ogg,gallery
XC690825,whtdov,Leptotila verreauxi,White-tipped Dove,Dante Buzzetti,5.0,0.9652,-50.0582,data/BirdClef/train_audio/whtdov/XC690825.ogg,gallery
XC200395,whtdov,Leptotila verreauxi,White-tipped Dove,Fernando Jacobs,5.0,-32.1503,-52.7364,data/BirdClef/train_audio/whtdov/XC200395.ogg,gallery
XC737014,whtdov,Leptotila verreauxi,White-tipped Dove,JAYRSON ARAUJO DE OLIVEIRA,4.5,-16.1605,-49.5395,data/BirdClef/train_audio/whtdov/XC737014.ogg,gallery
XC1017285,whtdov,Leptotila verreauxi,White-tipped Dove,JAYRSON ARAUJO DE OLIVEIRA,4.5,-16.5108,-49.2939,data/BirdClef/train_audio/whtdov/XC1017285.ogg,gallery
XC1009382,whtdov,Leptotila verreauxi,White-tipped Dove,José María Loaiza B.,5.0,0.0797,-78.6838,data/BirdClef/train_audio/whtdov/XC1009382.ogg,gallery
XC1017281,whtdov,Leptotila verreauxi,White-tipped Dove,JAYRSON ARAUJO DE OLIVEIRA,4.0,-16.5108,-49.2939,data/BirdClef/train_audio/whtdov/XC1017281.ogg,gallery
XC308834,whtdov,Leptotila verreauxi,White-tipped Dove,Jesper Bay Jacobsen,5.0,20.7256,-103.2898,data/BirdClef/train_audio/whtdov/XC308834.ogg,gallery
XC257624,whtdov,Leptotila verreauxi,White-tipped Dove,John V. Moore,5.0,-0.017,-78.685,data/BirdClef/train_audio/whtdov/XC257624.ogg,gallery
XC580903,whtdov,Leptotila verreauxi,White-tipped Dove,Alain Malengreau,5.0,10.2686,-84.1615,data/BirdClef/train_audio/whtdov/XC580903.ogg,gallery
XC201031,whtdov,Leptotila verreauxi,White-tipped Dove,Leonardo Ordóñez-Delgado,4.0,-4.0364,-79.1931,data/BirdClef/train_audio/whtdov/XC201031.ogg,gallery
XC1039656,whtdov,Leptotila verreauxi,White-tipped Dove,Smily Varon,4.0,4.4142,-72.6358,data/BirdClef/train_audio/whtdov/XC1039656.ogg,gallery
XC558264,whtdov,Leptotila verreauxi,White-tipped Dove,JAYRSON ARAUJO DE OLIVEIRA,5.0,-16.5631,-49.285,data/BirdClef/train_audio/whtdov/XC558264.ogg,gallery
XC925580,whtdov,Leptotila verreauxi,White-tipped Dove,Richard E. Webster,4.0,15.7307,-96.1671,data/BirdClef/train_audio/whtdov/XC925580.ogg,gallery
XC925582,whtdov,Leptotila verreauxi,White-tipped Dove,Richard E. Webster,5.0,15.7307,-96.1671,data/BirdClef/train_audio/whtdov/XC925582.ogg,gallery
XC502891,whtdov,Leptotila verreauxi,White-tipped Dove,Richard E. Webster,5.0,27.0099,-108.9131,data/BirdClef/train_audio/whtdov/XC502891.ogg,gallery
XC286361,whtdov,Leptotila verreauxi,White-tipped Dove,Jeremy Minns,3.5,-23.4727,-45.1892,data/BirdClef/train_audio/whtdov/XC286361.ogg,gallery
XC1009805,whtdov,Leptotila verreauxi,White-tipped Dove,José María Loaiza B.,5.0,0.0797,-78.6838,data/BirdClef/train_audio/whtdov/XC1009805.ogg,gallery
XC120068,whtdov,Leptotila verreauxi,White-tipped Dove,Leonardo Ordóñez-Delgado,5.0,-4.4797,-79.391,data/BirdClef/train_audio/whtdov/XC120068.ogg,gallery
XC433582,whtdov,Leptotila verreauxi,White-tipped Dove,Andres Angulo ,3.5,6.5574,-75.8604,data/BirdClef/train_audio/whtdov/XC433582.ogg,gallery
XC347785,whtdov,Leptotila verreauxi,White-tipped Dove,Leonardo Ordóñez-Delgado,5.0,-4.0364,-79.1931,data/BirdClef/train_audio/whtdov/XC347785.ogg,gallery
XC699613,whtdov,Leptotila verreauxi,White-tipped Dove,JAYRSON ARAUJO DE OLIVEIRA,4.5,-16.0538,-49.604,data/BirdClef/train_audio/whtdov/XC699613.ogg,gallery
XC432369,whtdov,Leptotila verreauxi,White-tipped Dove,JAYRSON ARAUJO DE OLIVEIRA,5.0,-15.2144,-51.1947,data/BirdClef/train_audio/whtdov/XC432369.ogg,gallery
XC2204,whtdov,Leptotila verreauxi,White-tipped Dove,Sjoerd Mayer,4.5,-17.1667,-62.4167,data/BirdClef/train_audio/whtdov/XC2204.ogg,gallery
XC1035759,whtdov,Leptotila verreauxi,White-tipped Dove,JAYRSON ARAUJO DE OLIVEIRA,5.0,-7.1545,-48.6915,data/BirdClef/train_audio/whtdov/XC1035759.ogg,gallery
XC884706,whtdov,Leptotila verreauxi,White-tipped Dove,Sabrina Andrea Rendon Anaya,5.0,-34.1805,-58.2557,data/BirdClef/train_audio/whtdov/XC884706.ogg,gallery
XC538019,whtdov,Leptotila verreauxi,White-tipped Dove,Brice de la Croix,3.5,5.0901,-52.5698,data/BirdClef/train_audio/whtdov/XC538019.ogg,gallery
XC440874,whtdov,Leptotila verreauxi,White-tipped Dove,Richard E. Webster,4.5,27.0154,-108.9493,data/BirdClef/train_audio/whtdov/XC440874.ogg,gallery
XC417122,whtdov,Leptotila verreauxi,White-tipped Dove,Victor Antonelli,4.0,-22.8842,-48.4442,data/BirdClef/train_audio/whtdov/XC417122.ogg,gallery
XC433580,whtdov,Leptotila verreauxi,White-tipped Dove,Andres Angulo ,3.0,6.5574,-75.8604,data/BirdClef/train_audio/whtdov/XC433580.ogg,gallery
XC635817,whtdov,Leptotila verreauxi,White-tipped Dove,Francisco Sornoza,4.0,0.1075,-79.1658,data/BirdClef/train_audio/whtdov/XC635817.ogg,gallery
XC696967,whtdov,Leptotila verreauxi,White-tipped Dove,JAYRSON ARAUJO DE OLIVEIRA,4.5,-10.3508,-38.9426,data/BirdClef/train_audio/whtdov/XC696967.ogg,gallery
XC703719,whtdov,Leptotila verreauxi,White-tipped Dove,Richard E. Webster,4.0,-15.1912,-64.7212,data/BirdClef/train_audio/whtdov/XC703719.ogg,gallery
XC387962,whtdov,Leptotila verreauxi,White-tipped Dove,Breno Dias Vitorino,4.0,-15.6421,-57.1899,data/BirdClef/train_audio/whtdov/XC387962.ogg,gallery
XC385733,whtdov,Leptotila verreauxi,White-tipped Dove,Tulio Dornas,4.0,-15.1274,-56.6437,data/BirdClef/train_audio/whtdov/XC385733.ogg,gallery
XC1030218,whtdov,Leptotila verreauxi,White-tipped Dove,Dante Buzzetti,4.0,-9.3008,-40.3268,data/BirdClef/train_audio/whtdov/XC1030218.ogg,gallery
XC572773,whtdov,Leptotila verreauxi,White-tipped Dove,Efraín Octavio,3.0,19.2221,-104.7185,data/BirdClef/train_audio/whtdov/XC572773.ogg,gallery
XC338123,whtdov,Leptotila verreauxi,White-tipped Dove,Roney Souza,4.5,-15.8788,-40.5625,data/BirdClef/train_audio/whtdov/XC338123.ogg,gallery
XC440857,whtdov,Leptotila verreauxi,White-tipped Dove,Richard E. Webster,4.5,27.7834,-109.8984,data/BirdClef/train_audio/whtdov/XC440857.ogg,gallery
XC424488,whtdov,Leptotila verreauxi,White-tipped Dove,Yair Guillermo Molina Martínez.,5.0,4.4611,-75.2151,data/BirdClef/train_audio/whtdov/XC424488.ogg,gallery
XC735899,whtdov,Leptotila verreauxi,White-tipped Dove,Jonathan Bryant,4.0,26.1253,-97.9532,data/BirdClef/train_audio/whtdov/XC735899.ogg,gallery
XC974199,whtdov,Leptotila verreauxi,White-tipped Dove,JAYRSON ARAUJO DE OLIVEIRA,4.0,-8.8322,-42.5476,data/BirdClef/train_audio/whtdov/XC974199.ogg,gallery
XC878774,whtdov,Leptotila verreauxi,White-tipped Dove,Dante Buzzetti,4.0,-10.2543,-36.3716,data/BirdClef/train_audio/whtdov/XC878774.ogg,gallery
XC703738,whtdov,Leptotila verreauxi,White-tipped Dove,Richard E. Webster,3.5,-18.1352,-64.8296,data/BirdClef/train_audio/whtdov/XC703738.ogg,gallery
XC697636,whtdov,Leptotila verreauxi,White-tipped Dove,Mauricio Cuellar Ramirez (@Birding.travel),5.0,2.0065,-75.9266,data/BirdClef/train_audio/whtdov/XC697636.ogg,gallery
XC155046,whtdov,Leptotila verreauxi,White-tipped Dove,Yair G. Molina M.,3.0,-22.9374,-42.2993,data/BirdClef/train_audio/whtdov/XC155046.ogg,gallery
XC497529,whtdov,Leptotila verreauxi,White-tipped Dove,Richard E. Webster,5.0,23.4067,-105.9352,data/BirdClef/train_audio/whtdov/XC497529.ogg,gallery
XC257621,whtdov,Leptotila verreauxi,White-tipped Dove,John V. Moore,5.0,-2.159,-80.037,data/BirdClef/train_audio/whtdov/XC257621.ogg,gallery
XC208828,whtdov,Leptotila verreauxi,White-tipped Dove,Rodrigo Dela Rosa,4.0,-23.07,-45.939,data/BirdClef/train_audio/whtdov/XC208828.ogg,gallery
XC838161,whtdov,Leptotila verreauxi,White-tipped Dove,Sabrina Andrea Rendon Anaya,5.0,-34.5385,-58.4437,data/BirdClef/train_audio/whtdov/XC838161.ogg,gallery
XC347871,whtdov,Leptotila verreauxi,White-tipped Dove,Leonardo Ordóñez-Delgado,5.0,-4.272,-80.329,data/BirdClef/train_audio/whtdov/XC347871.ogg,gallery
XC704297,whtdov,Leptotila verreauxi,White-tipped Dove,Fernando Igor de Godoy,3.0,-22.3024,-48.5723,data/BirdClef/train_audio/whtdov/XC704297.ogg,gallery
XC837991,whtdov,Leptotila verreauxi,White-tipped Dove,JAYRSON ARAUJO DE OLIVEIRA,4.5,-14.0858,-50.8244,data/BirdClef/train_audio/whtdov/XC837991.ogg,gallery
XC264416,whtdov,Leptotila verreauxi,White-tipped Dove,Paul Coopmans,5.0,-4.377,-79.903,data/BirdClef/train_audio/whtdov/XC264416.ogg,gallery
XC837787,whtdov,Leptotila verreauxi,White-tipped Dove,Francisco contreras,5.0,11.8168,-69.9414,data/BirdClef/train_audio/whtdov/XC837787.ogg,gallery
XC366505,whtdov,Leptotila verreauxi,White-tipped Dove,Bobby Wilcox,4.0,-26.519,-53.991,data/BirdClef/train_audio/whtdov/XC366505.ogg,gallery
XC632492,whtdov,Leptotila verreauxi,White-tipped Dove,Mauricio Cuellar Ramirez (@Birding.travel),5.0,2.0123,-75.7436,data/BirdClef/train_audio/whtdov/XC632492.ogg,gallery
XC317706,whtdov,Leptotila verreauxi,White-tipped Dove,Nick Komar,5.0,8.8667,-75.7859,data/BirdClef/train_audio/whtdov/XC317706.ogg,gallery
XC933857,whtdov,Leptotila verreauxi,White-tipped Dove,JAYRSON ARAUJO DE OLIVEIRA,4.5,-16.0781,-50.218,data/BirdClef/train_audio/whtdov/XC933857.ogg,gallery
XC444748,whtdov,Leptotila verreauxi,White-tipped Dove,Oscar Marin,3.0,19.516,-96.938,data/BirdClef/train_audio/whtdov/XC444748.ogg,gallery
XC602779,whtdov,Leptotila verreauxi,White-tipped Dove,Peter de Rouw,3.0,-1.6796,-80.8023,data/BirdClef/train_audio/whtdov/XC602779.ogg,gallery
XC782463,whtdov,Leptotila verreauxi,White-tipped Dove,JAYRSON ARAUJO DE OLIVEIRA,5.0,-12.2755,-55.0688,data/BirdClef/train_audio/whtdov/XC782463.ogg,gallery
XC497525,whtdov,Leptotila verreauxi,White-tipped Dove,Richard E. Webster,5.0,23.3955,-105.9319,data/BirdClef/train_audio/whtdov/XC497525.ogg,gallery
XC169971,whtdov,Leptotila verreauxi,White-tipped Dove,Roney Assis Souza,3.0,-19.2204,-42.4832,data/BirdClef/train_audio/whtdov/XC169971.ogg,gallery
XC113786,whtdov,Leptotila verreauxi,White-tipped Dove,Noé Eiterer,3.5,-20.8004,-42.8884,data/BirdClef/train_audio/whtdov/XC113786.ogg,gallery
XC257625,whtdov,Leptotila verreauxi,White-tipped Dove,John V. Moore,5.0,-4.3,-80.033,data/BirdClef/train_audio/whtdov/XC257625.ogg,gallery
XC337471,whtdov,Leptotila verreauxi,White-tipped Dove,Richard E. Webster,5.0,28.426,-109.116,data/BirdClef/train_audio/whtdov/XC337471.ogg,gallery
XC453089,whtdov,Leptotila verreauxi,White-tipped Dove,Richard E. Webster,4.5,28.426,-109.116,data/BirdClef/train_audio/whtdov/XC453089.ogg,gallery
XC875296,whtdov,Leptotila verreauxi,White-tipped Dove,Sabrina Andrea Rendon Anaya,5.0,-35.0807,-57.5178,data/BirdClef/train_audio/whtdov/XC875296.ogg,gallery
XC430432,whtdov,Leptotila verreauxi,White-tipped Dove,Leonardo Ordóñez-Delgado,5.0,-3.4853,-80.0021,data/BirdClef/train_audio/whtdov/XC430432.ogg,gallery
XC816961,whtdov,Leptotila verreauxi,White-tipped Dove,JAYRSON ARAUJO DE OLIVEIRA,3.5,-6.7131,-47.017,data/BirdClef/train_audio/whtdov/XC816961.ogg,gallery
XC769533,whtdov,Leptotila verreauxi,White-tipped Dove,JAYRSON ARAUJO DE OLIVEIRA,5.0,-6.3761,-47.1085,data/BirdClef/train_audio/whtdov/XC769533.ogg,gallery
XC818323,whtdov,Leptotila verreauxi,White-tipped Dove,JAYRSON ARAUJO DE OLIVEIRA,4.5,-16.0538,-49.604,data/BirdClef/train_audio/whtdov/XC818323.ogg,gallery
XC444749,whtdov,Leptotila verreauxi,White-tipped Dove,David Monroy Rengifo,3.0,4.843,-75.8187,data/BirdClef/train_audio/whtdov/XC444749.ogg,gallery
XC932734,whtdov,Leptotila verreauxi,White-tipped Dove,JAYRSON ARAUJO DE OLIVEIRA,5.0,-15.8751,-48.9345,data/BirdClef/train_audio/whtdov/XC932734.ogg,gallery
XC703716,whtdov,Leptotila verreauxi,White-tipped Dove,Richard E. Webster,3.5,-15.1912,-64.7212,data/BirdClef/train_audio/whtdov/XC703716.ogg,gallery
XC1697,whtdov,Leptotila verreauxi,White-tipped Dove,Sjoerd Mayer,4.5,-22.0409,-64.4387,data/BirdClef/train_audio/whtdov/XC1697.ogg,gallery
XC497524,whtdov,Leptotila verreauxi,White-tipped Dove,Richard E. Webster,4.5,23.3955,-105.9319,data/BirdClef/train_audio/whtdov/XC497524.ogg,gallery
XC703726,whtdov,Leptotila verreauxi,White-tipped Dove,Richard E. Webster,5.0,-18.1352,-64.8296,data/BirdClef/train_audio/whtdov/XC703726.ogg,gallery
XC274838,whtdov,Leptotila verreauxi,White-tipped Dove,Jerome Fischer,3.5,-22.4508,-42.7735,data/BirdClef/train_audio/whtdov/XC274838.ogg,gallery
XC206141,whtdov,Leptotila verreauxi,White-tipped Dove,Jerome Fischer,4.0,-4.2573,-79.2157,data/BirdClef/train_audio/whtdov/XC206141.ogg,gallery
XC703737,whtdov,Leptotila verreauxi,White-tipped Dove,Richard E. Webster,4.5,-18.1352,-64.8296,data/BirdClef/train_audio/whtdov/XC703737.ogg,gallery
XC344308,whtdov,Leptotila verreauxi,White-tipped Dove,Hotel Tinamu,4.5,5.0791,-75.6852,data/BirdClef/train_audio/whtdov/XC344308.ogg,gallery
XC316745,whtdov,Leptotila verreauxi,White-tipped Dove,Guy Kirwan,4.0,11.1006,-74.0724,data/BirdClef/train_audio/whtdov/XC316745.ogg,gallery
XC706873,whtdov,Leptotila verreauxi,White-tipped Dove,JAYRSON ARAUJO DE OLIVEIRA,4.5,-16.0538,-49.604,data/BirdClef/train_audio/whtdov/XC706873.ogg,gallery
XC497526,whtdov,Leptotila verreauxi,White-tipped Dove,Richard E. Webster,4.5,23.3955,-105.9319,data/BirdClef/train_audio/whtdov/XC497526.ogg,gallery
XC28473,whtdov,Leptotila verreauxi,White-tipped Dove,Daniel Lane,3.0,17.777,-89.0114,data/BirdClef/train_audio/whtdov/XC28473.ogg,gallery
XC344571,whtdov,Leptotila verreauxi,White-tipped Dove,Guilherme Willrich,5.0,-26.3234,-48.9691,data/BirdClef/train_audio/whtdov/XC344571.ogg,gallery
XC337470,whtdov,Leptotila verreauxi,White-tipped Dove,Richard E. Webster,5.0,28.426,-109.116,data/BirdClef/train_audio/whtdov/XC337470.ogg,gallery
XC387066,whtdov,Leptotila verreauxi,White-tipped Dove,Albert Lastukhin,4.0,8.8085,-70.5049,data/BirdClef/train_audio/whtdov/XC387066.ogg,gallery
XC440867,whtdov,Leptotila verreauxi,White-tipped Dove,Richard E. Webster,5.0,27.0303,-109.0146,data/BirdClef/train_audio/whtdov/XC440867.ogg,gallery
XC737777,whtdov,Leptotila verreauxi,White-tipped Dove,Nues D´Acosta,5.0,-16.6422,-49.2945,data/BirdClef/train_audio/whtdov/XC737777.ogg,gallery
XC387419,whtdov,Leptotila verreauxi,White-tipped Dove,Andres Angulo ,5.0,11.2446,-73.8003,data/BirdClef/train_audio/whtdov/XC387419.ogg,gallery
XC898289,whtdov,Leptotila verreauxi,White-tipped Dove,JAYRSON ARAUJO DE OLIVEIRA,5.0,-13.7349,-46.3569,data/BirdClef/train_audio/whtdov/XC898289.ogg,gallery
XC257622,whtdov,Leptotila verreauxi,White-tipped Dove,John V. Moore,5.0,-4.3,-80.033,data/BirdClef/train_audio/whtdov/XC257622.ogg,gallery
XC956279,whtdov,Leptotila verreauxi,White-tipped Dove,Étienne Leroy,5.0,16.0558,-97.1888,data/BirdClef/train_audio/whtdov/XC956279.ogg,gallery
XC978114,whtdov,Leptotila verreauxi,White-tipped Dove,Matthew L. Brady,5.0,17.5597,-99.6907,data/BirdClef/train_audio/whtdov/XC978114.ogg,gallery
XC989078,whtdov,Leptotila verreauxi,White-tipped Dove,Juan Freile,3.5,-4.4045,-79.681,data/BirdClef/train_audio/whtdov/XC989078.ogg,gallery
XC799763,whtdov,Leptotila verreauxi,White-tipped Dove,Dante Buzzetti,4.0,-9.2856,-50.0142,data/BirdClef/train_audio/whtdov/XC799763.ogg,gallery
XC497528,whtdov,Leptotila verreauxi,White-tipped Dove,Richard E. Webster,4.0,23.4326,-106.3021,data/BirdClef/train_audio/whtdov/XC497528.ogg,gallery
XC901113,whtdov,Leptotila verreauxi,White-tipped Dove,David Tattersley,5.0,25.8523,-97.4178,data/BirdClef/train_audio/whtdov/XC901113.ogg,gallery
XC170262,whtdov,Leptotila verreauxi,White-tipped Dove,Leonardo Ordóñez-Delgado,3.0,-4.272,-80.329,data/BirdClef/train_audio/whtdov/XC170262.ogg,gallery
XC638261,whtdov,Leptotila verreauxi,White-tipped Dove,Dante Buzzetti,4.0,-17.9783,-64.4751,data/BirdClef/train_audio/whtdov/XC638261.ogg,gallery
XC328522,whtdov,Leptotila verreauxi,White-tipped Dove,Alfonso Auerbach,4.0,14.4553,-89.3079,data/BirdClef/train_audio/whtdov/XC328522.ogg,gallery
XC601369,whtdov,Leptotila verreauxi,White-tipped Dove,Ricardo José Mitidieri,4.5,-22.9511,-43.0384,data/BirdClef/train_audio/whtdov/XC601369.ogg,gallery
XC925576,whtdov,Leptotila verreauxi,White-tipped Dove,Richard E. Webster,3.0,15.9832,-96.5245,data/BirdClef/train_audio/whtdov/XC925576.ogg,gallery
XC364314,whtdov,Leptotila verreauxi,White-tipped Dove,Alfonso Auerbach,3.0,13.857,-87.235,data/BirdClef/train_audio/whtdov/XC364314.ogg,gallery
XC577081,whtdov,Leptotila verreauxi,White-tipped Dove,Ricardo José Mitidieri,4.0,-22.9511,-43.0384,data/BirdClef/train_audio/whtdov/XC577081.ogg,gallery
XC353014,whtdov,Leptotila verreauxi,White-tipped Dove,Richard E. Webster,4.0,27.118,-108.723,data/BirdClef/train_audio/whtdov/XC353014.ogg,gallery
XC112966,whtdov,Leptotila verreauxi,White-tipped Dove,Sander Bot,3.0,8.6315,-83.1787,data/BirdClef/train_audio/whtdov/XC112966.ogg,gallery
XC257620,whtdov,Leptotila verreauxi,White-tipped Dove,John V. Moore,4.5,-0.504,-76.406,data/BirdClef/train_audio/whtdov/XC257620.ogg,gallery
XC974617,whtdov,Leptotila verreauxi,White-tipped Dove,JAYRSON ARAUJO DE OLIVEIRA,5.0,-4.7958,-42.615,data/BirdClef/train_audio/whtdov/XC974617.ogg,gallery
XC789022,whtdov,Leptotila verreauxi,White-tipped Dove,JAYRSON ARAUJO DE OLIVEIRA,3.5,-13.3558,-47.2809,data/BirdClef/train_audio/whtdov/XC789022.ogg,gallery
XC295669,whtdov,Leptotila verreauxi,White-tipped Dove,Fernando Igor de Godoy,4.0,-20.3642,-51.4197,data/BirdClef/train_audio/whtdov/XC295669.ogg,gallery
XC737320,whtdov,Leptotila verreauxi,White-tipped Dove,JAYRSON ARAUJO DE OLIVEIRA,5.0,-17.1888,-48.7335,data/BirdClef/train_audio/whtdov/XC737320.ogg,gallery
XC901446,whtdov,Leptotila verreauxi,White-tipped Dove,JAYRSON ARAUJO DE OLIVEIRA,5.0,-13.8891,-50.1832,data/BirdClef/train_audio/whtdov/XC901446.ogg,gallery
XC210887,whtdov,Leptotila verreauxi,White-tipped Dove,Fernando Igor de Godoy,4.0,-22.1978,-49.6457,data/BirdClef/train_audio/whtdov/XC210887.ogg,gallery
XC129296,whtdov,Leptotila verreauxi,White-tipped Dove,Manuel Grosselet,5.0,17.3377,-95.0505,data/BirdClef/train_audio/whtdov/XC129296.ogg,gallery
XC229252,whtdov,Leptotila verreauxi,White-tipped Dove,Jeremy Minns,4.5,-20.2209,-56.5751,data/BirdClef/train_audio/whtdov/XC229252.ogg,gallery
XC678386,whtdov,Leptotila verreauxi,White-tipped Dove,Alán Palacios,4.0,18.6906,-100.3324,data/BirdClef/train_audio/whtdov/XC678386.ogg,gallery
XC796989,yeofly1,Tolmomyias sulphurescens,Yellow-olive Flatbill,Paul Driver,4.0,17.1543,-88.8522,data/BirdClef/train_audio/yeofly1/XC796989.ogg,gallery
XC380994,yeofly1,Tolmomyias sulphurescens,Yellow-olive Flatbill,Alfonso Auerbach,3.0,14.0736,-87.3441,data/BirdClef/train_audio/yeofly1/XC380994.ogg,gallery
XC581034,yeofly1,Tolmomyias sulphurescens,Yellow-olive Flatbill,Scott Olmstead,3.5,-16.7581,-56.8764,data/BirdClef/train_audio/yeofly1/XC581034.ogg,gallery
XC486467,yeofly1,Tolmomyias sulphurescens,Yellow-olive Flatbill,Matt Wistrand,4.0,14.9033,-87.9534,data/BirdClef/train_audio/yeofly1/XC486467.ogg,gallery
XC433522,yeofly1,Tolmomyias sulphurescens,Yellow-olive Flatbill,Andres Angulo ,4.0,6.5574,-75.8579,data/BirdClef/train_audio/yeofly1/XC433522.ogg,gallery
XC698578,yeofly1,Tolmomyias sulphurescens,Yellow-olive Flatbill,Tulio Dornas,5.0,-12.5475,-46.3924,data/BirdClef/train_audio/yeofly1/XC698578.ogg,gallery
XC920619,yeofly1,Tolmomyias sulphurescens,Yellow-olive Flatbill,JAYRSON ARAUJO DE OLIVEIRA,4.5,-16.5631,-49.285,data/BirdClef/train_audio/yeofly1/XC920619.ogg,gallery
XC66045,yeofly1,Tolmomyias sulphurescens,Yellow-olive Flatbill,Daniel Lane,3.5,8.967,-68.0778,data/BirdClef/train_audio/yeofly1/XC66045.ogg,gallery
XC470920,yeofly1,Tolmomyias sulphurescens,Yellow-olive Flatbill,Ricardo Gagliardi,4.5,-17.7683,-48.6627,data/BirdClef/train_audio/yeofly1/XC470920.ogg,gallery
XC207266,yeofly1,Tolmomyias sulphurescens,Yellow-olive Flatbill,Eric DeFonso,5.0,-22.4508,-42.7735,data/BirdClef/train_audio/yeofly1/XC207266.ogg,gallery
XC741858,yeofly1,Tolmomyias sulphurescens,Yellow-olive Flatbill,JAYRSON ARAUJO DE OLIVEIRA,4.0,-16.5456,-49.1572,data/BirdClef/train_audio/yeofly1/XC741858.ogg,gallery
XC533970,yeofly1,Tolmomyias sulphurescens,Yellow-olive Flatbill,Jerome Fischer,5.0,4.351,-74.652,data/BirdClef/train_audio/yeofly1/XC533970.ogg,gallery
XC568517,yeofly1,Tolmomyias sulphurescens,Yellow-olive Flatbill,Arthur Gomes,5.0,-22.9403,-46.955,data/BirdClef/train_audio/yeofly1/XC568517.ogg,gallery
XC115302,yeofly1,Tolmomyias sulphurescens,Yellow-olive Flatbill,Noé Eiterer,4.0,-21.765,-43.3488,data/BirdClef/train_audio/yeofly1/XC115302.ogg,gallery
XC552803,yeofly1,Tolmomyias sulphurescens,Yellow-olive Flatbill,JAYRSON ARAUJO DE OLIVEIRA,4.5,-16.5631,-49.285,data/BirdClef/train_audio/yeofly1/XC552803.ogg,gallery
XC763066,yeofly1,Tolmomyias sulphurescens,Yellow-olive Flatbill,Yair Guillermo Molina Martínez.,3.0,4.5164,-75.305,data/BirdClef/train_audio/yeofly1/XC763066.ogg,gallery
XC186291,yeofly1,Tolmomyias sulphurescens,Yellow-olive Flatbill,João Gava,4.5,-28.6264,-49.5051,data/BirdClef/train_audio/yeofly1/XC186291.ogg,gallery
XC81740,yeofly1,Tolmomyias sulphurescens,Yellow-olive Flatbill,Jeremy Minns,4.5,-19.01,-57.6528,data/BirdClef/train_audio/yeofly1/XC81740.ogg,gallery
XC536803,yeofly1,Tolmomyias sulphurescens,Yellow-olive Flatbill,JAYRSON ARAUJO DE OLIVEIRA,5.0,-16.5631,-49.285,data/BirdClef/train_audio/yeofly1/XC536803.ogg,gallery
XC332738,yeofly1,Tolmomyias sulphurescens,Yellow-olive Flatbill,Jeremy Minns,3.5,-29.4501,-50.5667,data/BirdClef/train_audio/yeofly1/XC332738.ogg,gallery
XC332583,yeofly1,Tolmomyias sulphurescens,Yellow-olive Flatbill,Ross Gallardy,5.0,18.1181,-89.7951,data/BirdClef/train_audio/yeofly1/XC332583.ogg,gallery
XC81741,yeofly1,Tolmomyias sulphurescens,Yellow-olive Flatbill,Jeremy Minns,5.0,-22.4167,-42.9834,data/BirdClef/train_audio/yeofly1/XC81741.ogg,gallery
XC713697,yeofly1,Tolmomyias sulphurescens,Yellow-olive Flatbill,JAYRSON ARAUJO DE OLIVEIRA,4.5,-16.5631,-49.285,data/BirdClef/train_audio/yeofly1/XC713697.ogg,gallery
XC283321,yeofly1,Tolmomyias sulphurescens,Yellow-olive Flatbill,Jeremy Minns,4.0,-11.9501,-41.2834,data/BirdClef/train_audio/yeofly1/XC283321.ogg,gallery
XC1058358,yeofly1,Tolmomyias sulphurescens,Yellow-olive Flatbill,Henry Miller Alexandre,3.5,-23.4614,-45.1343,data/BirdClef/train_audio/yeofly1/XC1058358.ogg,gallery
XC927096,yeofly1,Tolmomyias sulphurescens,Yellow-olive Flatbill,JAYRSON ARAUJO DE OLIVEIRA,5.0,-26.7756,-48.7144,data/BirdClef/train_audio/yeofly1/XC927096.ogg,gallery
XC469256,yeofly1,Tolmomyias sulphurescens,Yellow-olive Flatbill,JAYRSON ARAUJO DE OLIVEIRA,4.0,-25.2401,-48.759,data/BirdClef/train_audio/yeofly1/XC469256.ogg,gallery
XC521274,yeofly1,Tolmomyias sulphurescens,Yellow-olive Flatbill,Yair Guillermo Molina Martínez.,4.0,4.5646,-74.9392,data/BirdClef/train_audio/yeofly1/XC521274.ogg,gallery
XC433876,yeofly1,Tolmomyias sulphurescens,Yellow-olive Flatbill,Victor Vanegas,3.0,5.8334,-74.8667,data/BirdClef/train_audio/yeofly1/XC433876.ogg,gallery
XC378069,yeofly1,Tolmomyias sulphurescens,Yellow-olive Flatbill,Manuel Grosselet,5.0,18.2135,-94.8365,data/BirdClef/train_audio/yeofly1/XC378069.ogg,gallery
XC803039,yeofly1,Tolmomyias sulphurescens,Yellow-olive Flatbill,Aluisio Ribeiro,5.0,-23.9356,-51.147,data/BirdClef/train_audio/yeofly1/XC803039.ogg,gallery
XC170038,yeofly1,Tolmomyias sulphurescens,Yellow-olive Flatbill,Roney Assis Souza,4.0,-19.2204,-42.4832,data/BirdClef/train_audio/yeofly1/XC170038.ogg,gallery
XC258820,yeofly1,Tolmomyias sulphurescens,Yellow-olive Flatbill,John V. Moore,5.0,-4.3,-80.033,data/BirdClef/train_audio/yeofly1/XC258820.ogg,gallery
XC408478,yeofly1,Tolmomyias sulphurescens,Yellow-olive Flatbill,JAYRSON ARAUJO DE OLIVEIRA,5.0,-17.0548,-49.6184,data/BirdClef/train_audio/yeofly1/XC408478.ogg,gallery
XC826348,yeofly1,Tolmomyias sulphurescens,Yellow-olive Flatbill,Ricardo José Mitidieri,4.0,-22.9296,-42.9846,data/BirdClef/train_audio/yeofly1/XC826348.ogg,gallery
XC898297,yeofly1,Tolmomyias sulphurescens,Yellow-olive Flatbill,JAYRSON ARAUJO DE OLIVEIRA,5.0,-13.7349,-46.3569,data/BirdClef/train_audio/yeofly1/XC898297.ogg,gallery
XC345009,yeofly1,Tolmomyias sulphurescens,Yellow-olive Flatbill,Tulio Dornas,4.0,-10.2784,-48.1641,data/BirdClef/train_audio/yeofly1/XC345009.ogg,gallery
XC611394,yeofly1,Tolmomyias sulphurescens,Yellow-olive Flatbill,Dante Buzzetti,4.0,-23.2307,-46.9732,data/BirdClef/train_audio/yeofly1/XC611394.ogg,gallery
XC672648,yeofly1,Tolmomyias sulphurescens,Yellow-olive Flatbill,Felipe Arantes,5.0,-5.8266,-50.5929,data/BirdClef/train_audio/yeofly1/XC672648.ogg,gallery
XC703845,yeofly1,Tolmomyias sulphurescens,Yellow-olive Flatbill,Richard E. Webster,3.5,-14.7306,-64.947,data/BirdClef/train_audio/yeofly1/XC703845.ogg,gallery
XC1017635,yeofly1,Tolmomyias sulphurescens,Yellow-olive Flatbill,Dante Buzzetti,4.0,-19.3432,-43.5731,data/BirdClef/train_audio/yeofly1/XC1017635.ogg,gallery
XC898429,yeofly1,Tolmomyias sulphurescens,Yellow-olive Flatbill,JAYRSON ARAUJO DE OLIVEIRA,5.0,-12.3747,-44.9552,data/BirdClef/train_audio/yeofly1/XC898429.ogg,gallery
XC174355,yeofly1,Tolmomyias sulphurescens,Yellow-olive Flatbill,Leonardo Ordóñez-Delgado,5.0,-3.0936,-78.3951,data/BirdClef/train_audio/yeofly1/XC174355.ogg,gallery
XC705305,yeofly1,Tolmomyias sulphurescens,Yellow-olive Flatbill,Fernando Igor de Godoy,4.0,-3.7446,-47.5005,data/BirdClef/train_audio/yeofly1/XC705305.ogg,gallery
XC567709,yeofly1,Tolmomyias sulphurescens,Yellow-olive Flatbill,JAYRSON ARAUJO DE OLIVEIRA,4.5,-16.4314,-49.1459,data/BirdClef/train_audio/yeofly1/XC567709.ogg,gallery
XC480356,yeofly1,Tolmomyias sulphurescens,Yellow-olive Flatbill,Brice de la Croix,3.0,5.1567,-52.6698,data/BirdClef/train_audio/yeofly1/XC480356.ogg,gallery
XC428310,yeofly1,Tolmomyias sulphurescens,Yellow-olive Flatbill,Jerome Fischer,5.0,4.351,-74.652,data/BirdClef/train_audio/yeofly1/XC428310.ogg,gallery
XC758793,yeofly1,Tolmomyias sulphurescens,Yellow-olive Flatbill,Jose Roberto de Matos,4.5,-16.4609,-41.7359,data/BirdClef/train_audio/yeofly1/XC758793.ogg,gallery
XC627074,yeofly1,Tolmomyias sulphurescens,Yellow-olive Flatbill,Dante Buzzetti,5.0,-18.1246,-63.805,data/BirdClef/train_audio/yeofly1/XC627074.ogg,gallery
XC378085,yeofly1,Tolmomyias sulphurescens,Yellow-olive Flatbill,Manuel Grosselet,4.0,18.2135,-94.8365,data/BirdClef/train_audio/yeofly1/XC378085.ogg,gallery
XC305052,yeofly1,Tolmomyias sulphurescens,Yellow-olive Flatbill,Jeremy Minns,3.0,-15.8167,-49.0501,data/BirdClef/train_audio/yeofly1/XC305052.ogg,gallery
XC334163,yeofly1,Tolmomyias sulphurescens,Yellow-olive Flatbill,Richard E. Webster,4.0,15.5927,-92.8492,data/BirdClef/train_audio/yeofly1/XC334163.ogg,gallery
XC664439,yeofly1,Tolmomyias sulphurescens,Yellow-olive Flatbill,Yair Guillermo Molina Martínez.,4.0,4.4615,-75.0514,data/BirdClef/train_audio/yeofly1/XC664439.ogg,gallery
XC444717,yeofly1,Tolmomyias sulphurescens,Yellow-olive Flatbill,Manuel Grosselet,4.0,20.3566,-87.3589,data/BirdClef/train_audio/yeofly1/XC444717.ogg,gallery
XC283250,yeofly1,Tolmomyias sulphurescens,Yellow-olive Flatbill,Jeremy Minns,5.0,-23.4693,-45.1695,data/BirdClef/train_audio/yeofly1/XC283250.ogg,gallery
XC247445,yeofly1,Tolmomyias sulphurescens,Yellow-olive Flatbill,Eric DeFonso,3.5,-22.4179,-42.7379,data/BirdClef/train_audio/yeofly1/XC247445.ogg,gallery
XC706946,yeofly1,Tolmomyias sulphurescens,Yellow-olive Flatbill,JAYRSON ARAUJO DE OLIVEIRA,5.0,-16.0538,-49.604,data/BirdClef/train_audio/yeofly1/XC706946.ogg,gallery
XC295536,yeofly1,Tolmomyias sulphurescens,Yellow-olive Flatbill,Fernando Igor de Godoy,4.0,-20.3642,-51.4197,data/BirdClef/train_audio/yeofly1/XC295536.ogg,gallery
XC803705,yeofly1,Tolmomyias sulphurescens,Yellow-olive Flatbill,JAYRSON ARAUJO DE OLIVEIRA,5.0,-16.4727,-49.4959,data/BirdClef/train_audio/yeofly1/XC803705.ogg,gallery
XC385757,yeofly1,Tolmomyias sulphurescens,Yellow-olive Flatbill,Tulio Dornas,3.0,-15.1274,-56.6437,data/BirdClef/train_audio/yeofly1/XC385757.ogg,gallery
XC4903,yeofly1,Tolmomyias sulphurescens,Yellow-olive Flatbill,Bob Planqué,4.0,-24.0171,-47.8104,data/BirdClef/train_audio/yeofly1/XC4903.ogg,gallery
XC677102,yeofly1,Tolmomyias sulphurescens,Yellow-olive Flatbill,Richard Hoyer,3.0,-13.0378,-71.5066,data/BirdClef/train_audio/yeofly1/XC677102.ogg,gallery
XC122415,yeofly1,Tolmomyias sulphurescens,Yellow-olive Flatbill,Noé Eiterer,5.0,-19.934,-40.5962,data/BirdClef/train_audio/yeofly1/XC122415.ogg,gallery
XC198406,yeofly1,Tolmomyias sulphurescens,Yellow-olive Flatbill,Guillermo Funes,4.0,14.0601,-89.1343,data/BirdClef/train_audio/yeofly1/XC198406.ogg,gallery
XC841382,yeofly1,Tolmomyias sulphurescens,Yellow-olive Flatbill,Jerome Fischer,4.0,-6.0792,-76.9762,data/BirdClef/train_audio/yeofly1/XC841382.ogg,gallery
XC725146,yeofly1,Tolmomyias sulphurescens,Yellow-olive Flatbill,JAYRSON ARAUJO DE OLIVEIRA,5.0,-26.5872,-49.3283,data/BirdClef/train_audio/yeofly1/XC725146.ogg,gallery
XC522701,yeofly1,Tolmomyias sulphurescens,Yellow-olive Flatbill,Dante Buzzetti,5.0,-9.2754,-36.2364,data/BirdClef/train_audio/yeofly1/XC522701.ogg,gallery
XC204203,yeofly1,Tolmomyias sulphurescens,Yellow-olive Flatbill,Luis Pradier,4.0,-27.0969,-54.9631,data/BirdClef/train_audio/yeofly1/XC204203.ogg,gallery
XC963315,yeofly1,Tolmomyias sulphurescens,Yellow-olive Flatbill,JAYRSON ARAUJO DE OLIVEIRA,5.0,-16.5108,-49.2939,data/BirdClef/train_audio/yeofly1/XC963315.ogg,gallery
XC436970,yeofly1,Tolmomyias sulphurescens,Yellow-olive Flatbill,Jerome Fischer,5.0,-4.2889,-70.2948,data/BirdClef/train_audio/yeofly1/XC436970.ogg,gallery
XC901362,yeofly1,Tolmomyias sulphurescens,Yellow-olive Flatbill,JAYRSON ARAUJO DE OLIVEIRA,5.0,-13.8891,-50.1832,data/BirdClef/train_audio/yeofly1/XC901362.ogg,gallery
XC855141,yeofly1,Tolmomyias sulphurescens,Yellow-olive Flatbill,Michael Hurben,3.0,-22.68,-48.141,data/BirdClef/train_audio/yeofly1/XC855141.ogg,gallery
XC434190,yeofly1,Tolmomyias sulphurescens,Yellow-olive Flatbill,Andres Angulo ,3.0,5.0614,-74.6094,data/BirdClef/train_audio/yeofly1/XC434190.ogg,gallery
XC897985,yeofly1,Tolmomyias sulphurescens,Yellow-olive Flatbill,Luis Seko Pradier,5.0,-27.4589,-55.1618,data/BirdClef/train_audio/yeofly1/XC897985.ogg,gallery
XC258817,yeofly1,Tolmomyias sulphurescens,Yellow-olive Flatbill,John V. Moore,5.0,-4.108,-78.964,data/BirdClef/train_audio/yeofly1/XC258817.ogg,gallery
XC375962,yeofly1,Tolmomyias sulphurescens,Yellow-olive Flatbill,Albert Lastukhin,4.0,10.8333,-85.6667,data/BirdClef/train_audio/yeofly1/XC375962.ogg,gallery
XC146300,yeofly1,Tolmomyias sulphurescens,Yellow-olive Flatbill,Manuel Grosselet,3.0,17.3377,-95.0505,data/BirdClef/train_audio/yeofly1/XC146300.ogg,gallery
XC607029,yeofly1,Tolmomyias sulphurescens,Yellow-olive Flatbill,Jerome Fischer,5.0,-4.2889,-70.2948,data/BirdClef/train_audio/yeofly1/XC607029.ogg,gallery
XC707638,yeofly1,Tolmomyias sulphurescens,Yellow-olive Flatbill,Fernando Igor de Godoy,5.0,-20.4593,-55.7819,data/BirdClef/train_audio/yeofly1/XC707638.ogg,gallery
XC616615,yeofly1,Tolmomyias sulphurescens,Yellow-olive Flatbill,Dante Buzzetti,4.0,-9.2193,-35.8804,data/BirdClef/train_audio/yeofly1/XC616615.ogg,gallery
XC212434,yeofly1,Tolmomyias sulphurescens,Yellow-olive Flatbill,Fernando Igor de Godoy,4.0,-23.43,-47.599,data/BirdClef/train_audio/yeofly1/XC212434.ogg,gallery
XC328921,yeofly1,Tolmomyias sulphurescens,Yellow-olive Flatbill,Tulio Dornas,5.0,-17.1775,-49.6277,data/BirdClef/train_audio/yeofly1/XC328921.ogg,gallery
XC436983,yeofly1,Tolmomyias sulphurescens,Yellow-olive Flatbill,Jerome Fischer,4.0,-4.2889,-70.2948,data/BirdClef/train_audio/yeofly1/XC436983.ogg,gallery
XC378070,yeofly1,Tolmomyias sulphurescens,Yellow-olive Flatbill,Manuel Grosselet,5.0,18.2135,-94.8365,data/BirdClef/train_audio/yeofly1/XC378070.ogg,gallery
XC985269,yeofly1,Tolmomyias sulphurescens,Yellow-olive Flatbill,Juan Freile,4.0,-2.1814,-80.0169,data/BirdClef/train_audio/yeofly1/XC985269.ogg,gallery
XC677766,yeofly1,Tolmomyias sulphurescens,Yellow-olive Flatbill,JAYRSON ARAUJO DE OLIVEIRA,4.5,-22.3879,-44.5473,data/BirdClef/train_audio/yeofly1/XC677766.ogg,gallery
XC283316,yeofly1,Tolmomyias sulphurescens,Yellow-olive Flatbill,Jeremy Minns,3.0,-14.9299,-60.0211,data/BirdClef/train_audio/yeofly1/XC283316.ogg,gallery
XC433524,yeofly1,Tolmomyias sulphurescens,Yellow-olive Flatbill,Andres Angulo ,3.0,6.5574,-75.8579,data/BirdClef/train_audio/yeofly1/XC433524.ogg,gallery
XC299466,yeofly1,Tolmomyias sulphurescens,Yellow-olive Flatbill,Jerome Fischer,4.0,-22.4508,-42.7735,data/BirdClef/train_audio/yeofly1/XC299466.ogg,gallery
XC148259,yeofly1,Tolmomyias sulphurescens,Yellow-olive Flatbill,Gary Stiles (Colección de Sonidos Ambientales - Instituto Humboldt),5.0,4.2642,-73.05,data/BirdClef/train_audio/yeofly1/XC148259.ogg,gallery
XC330555,yeofly1,Tolmomyias sulphurescens,Yellow-olive Flatbill,Roney Souza,4.0,-19.6536,-42.8723,data/BirdClef/train_audio/yeofly1/XC330555.ogg,gallery
XC209305,yeofly1,Tolmomyias sulphurescens,Yellow-olive Flatbill,Jerome Fischer,4.0,-4.0908,-78.9588,data/BirdClef/train_audio/yeofly1/XC209305.ogg,gallery
XC648679,yeofly1,Tolmomyias sulphurescens,Yellow-olive Flatbill,Dante Buzzetti,4.0,-9.3071,-49.9575,data/BirdClef/train_audio/yeofly1/XC648679.ogg,gallery
XC812899,yeofly1,Tolmomyias sulphurescens,Yellow-olive Flatbill,Dante Buzzetti,4.0,-23.375,-46.4883,data/BirdClef/train_audio/yeofly1/XC812899.ogg,gallery
XC1930,yeofly1,Tolmomyias sulphurescens,Yellow-olive Flatbill,Sjoerd Mayer,3.5,-14.6112,-61.1928,data/BirdClef/train_audio/yeofly1/XC1930.ogg,gallery
XC557252,yeofly1,Tolmomyias sulphurescens,Yellow-olive Flatbill,Jerome Fischer,5.0,4.351,-74.652,data/BirdClef/train_audio/yeofly1/XC557252.ogg,gallery
XC640995,yeofly1,Tolmomyias sulphurescens,Yellow-olive Flatbill,Luis Seko Pradier,3.0,-27.2834,-55.5744,data/BirdClef/train_audio/yeofly1/XC640995.ogg,gallery
XC283320,yeofly1,Tolmomyias sulphurescens,Yellow-olive Flatbill,Jeremy Minns,4.5,-14.3834,-40.1001,data/BirdClef/train_audio/yeofly1/XC283320.ogg,gallery
XC843446,yeofly1,Tolmomyias sulphurescens,Yellow-olive Flatbill,JAYRSON ARAUJO DE OLIVEIRA,5.0,-25.627,-54.453,data/BirdClef/train_audio/yeofly1/XC843446.ogg,gallery
XC1064612,yeofly1,Tolmomyias sulphurescens,Yellow-olive Flatbill,Scott Olmstead,4.0,-4.108,-78.964,data/BirdClef/train_audio/yeofly1/XC1064612.ogg,gallery
XC635420,yeofly1,Tolmomyias sulphurescens,Yellow-olive Flatbill,Daniel Errichetti,5.0,9.2201,-80.0073,data/BirdClef/train_audio/yeofly1/XC635420.ogg,gallery
XC591186,yeofly1,Tolmomyias sulphurescens,Yellow-olive Flatbill,Mauricio Cuellar Ramirez (@Birding.travel),5.0,1.4898,-75.6801,data/BirdClef/train_audio/yeofly1/XC591186.ogg,gallery
XC550397,yeofly1,Tolmomyias sulphurescens,Yellow-olive Flatbill,Dante Buzzetti,5.0,-16.7546,-56.8859,data/BirdClef/train_audio/yeofly1/XC550397.ogg,gallery
XC583769,yeofly1,Tolmomyias sulphurescens,Yellow-olive Flatbill,Dante Buzzetti,4.0,-9.1992,-35.8871,data/BirdClef/train_audio/yeofly1/XC583769.ogg,gallery
XC932693,yeofly1,Tolmomyias sulphurescens,Yellow-olive Flatbill,JAYRSON ARAUJO DE OLIVEIRA,5.0,-15.8751,-48.9345,data/BirdClef/train_audio/yeofly1/XC932693.ogg,gallery
XC420196,yeofly1,Tolmomyias sulphurescens,Yellow-olive Flatbill,Nick Komar,4.0,13.4993,-89.2681,data/BirdClef/train_audio/yeofly1/XC420196.ogg,gallery
XC927002,yeofly1,Tolmomyias sulphurescens,Yellow-olive Flatbill,JAYRSON ARAUJO DE OLIVEIRA,5.0,-26.7756,-48.7144,data/BirdClef/train_audio/yeofly1/XC927002.ogg,gallery
XC589209,yeofly1,Tolmomyias sulphurescens,Yellow-olive Flatbill,Marcos Melo,3.5,-23.3856,-46.5307,data/BirdClef/train_audio/yeofly1/XC589209.ogg,gallery
XC479384,yeofly1,Tolmomyias sulphurescens,Yellow-olive Flatbill,JAYRSON ARAUJO DE OLIVEIRA,3.5,-16.6003,-49.2802,data/BirdClef/train_audio/yeofly1/XC479384.ogg,gallery
XC175762,yeofly1,Tolmomyias sulphurescens,Yellow-olive Flatbill,João Antônio de B. Vitto,3.0,-22.1171,-45.051,data/BirdClef/train_audio/yeofly1/XC175762.ogg,gallery
XC338551,yeofly1,Tolmomyias sulphurescens,Yellow-olive Flatbill,Roney Souza,3.5,-15.565,-40.4213,data/BirdClef/train_audio/yeofly1/XC338551.ogg,gallery
XC960451,yeofly1,Tolmomyias sulphurescens,Yellow-olive Flatbill,JAYRSON ARAUJO DE OLIVEIRA,4.5,-16.4353,-49.3948,data/BirdClef/train_audio/yeofly1/XC960451.ogg,gallery
XC384756,yeofly1,Tolmomyias sulphurescens,Yellow-olive Flatbill,Luiz C.  Silva,4.5,-23.9571,-52.1851,data/BirdClef/train_audio/yeofly1/XC384756.ogg,gallery
XC832904,yeofly1,Tolmomyias sulphurescens,Yellow-olive Flatbill,JAYRSON ARAUJO DE OLIVEIRA,4.5,-16.0538,-49.604,data/BirdClef/train_audio/yeofly1/XC832904.ogg,gallery
XC1035924,yeofly1,Tolmomyias sulphurescens,Yellow-olive Flatbill,Mauricio Cuéllar-Ramírez,5.0,1.7135,-75.7326,data/BirdClef/train_audio/yeofly1/XC1035924.ogg,gallery
XC433572,yeofly1,Tolmomyias sulphurescens,Yellow-olive Flatbill,Andres Angulo ,3.5,6.5574,-75.8604,data/BirdClef/train_audio/yeofly1/XC433572.ogg,gallery
XC340520,yeofly1,Tolmomyias sulphurescens,Yellow-olive Flatbill,Brayan Coral Jaramillo,5.0,16.9903,-89.6715,data/BirdClef/train_audio/yeofly1/XC340520.ogg,gallery
XC989463,yeofly1,Tolmomyias sulphurescens,Yellow-olive Flatbill,Charlie Vogt,4.0,9.1336,-79.7206,data/BirdClef/train_audio/yeofly1/XC989463.ogg,gallery
XC325964,yeofly1,Tolmomyias sulphurescens,Yellow-olive Flatbill,Fernando Igor de Godoy,3.0,-20.7882,-51.703,data/BirdClef/train_audio/yeofly1/XC325964.ogg,gallery
XC705304,yeofly1,Tolmomyias sulphurescens,Yellow-olive Flatbill,Fernando Igor de Godoy,4.0,-4.293,-47.5569,data/BirdClef/train_audio/yeofly1/XC705304.ogg,gallery
XC1006639,yeofly1,Tolmomyias sulphurescens,Yellow-olive Flatbill,JAYRSON ARAUJO DE OLIVEIRA,5.0,-15.8195,-48.9861,data/BirdClef/train_audio/yeofly1/XC1006639.ogg,gallery
XC81742,yeofly1,Tolmomyias sulphurescens,Yellow-olive Flatbill,Jeremy Minns,5.0,-29.4501,-50.5667,data/BirdClef/train_audio/yeofly1/XC81742.ogg,gallery
XC589727,yeofly1,Tolmomyias sulphurescens,Yellow-olive Flatbill,Marcos Melo,4.0,-23.2513,-47.4076,data/BirdClef/train_audio/yeofly1/XC589727.ogg,gallery
XC255982,yeofly1,Tolmomyias sulphurescens,Yellow-olive Flatbill,Marcelo Villegas,5.0,-18.1098,-50.1023,data/BirdClef/train_audio/yeofly1/XC255982.ogg,gallery
XC616609,yeofly1,Tolmomyias sulphurescens,Yellow-olive Flatbill,Dante Buzzetti,5.0,-9.2144,-35.8726,data/BirdClef/train_audio/yeofly1/XC616609.ogg,gallery
XC1063632,yeofly1,Tolmomyias sulphurescens,Yellow-olive Flatbill,Marcos E. Sosa,5.0,-25.6669,-54.5691,data/BirdClef/train_audio/yeofly1/XC1063632.ogg,gallery
XC476479,yeofly1,Tolmomyias sulphurescens,Yellow-olive Flatbill,JAYRSON ARAUJO DE OLIVEIRA,3.5,-16.6003,-49.2802,data/BirdClef/train_audio/yeofly1/XC476479.ogg,gallery
XC187468,yeofly1,Tolmomyias sulphurescens,Yellow-olive Flatbill,Fernando Jacobs,5.0,-31.7673,-52.2495,data/BirdClef/train_audio/yeofly1/XC187468.ogg,gallery
XC974198,yeofly1,Tolmomyias sulphurescens,Yellow-olive Flatbill,JAYRSON ARAUJO DE OLIVEIRA,5.0,-8.8322,-42.5476,data/BirdClef/train_audio/yeofly1/XC974198.ogg,gallery
XC898452,yeofly1,Tolmomyias sulphurescens,Yellow-olive Flatbill,JAYRSON ARAUJO DE OLIVEIRA,4.5,-12.4133,-45.0003,data/BirdClef/train_audio/yeofly1/XC898452.ogg,gallery
XC946867,yeofly1,Tolmomyias sulphurescens,Yellow-olive Flatbill,Viviana Fuentes,5.0,-26.7929,-65.3163,data/BirdClef/train_audio/yeofly1/XC946867.ogg,gallery
XC393155,yeofly1,Tolmomyias sulphurescens,Yellow-olive Flatbill,Nick Komar,4.0,-15.568,-56.0665,data/BirdClef/train_audio/yeofly1/XC393155.ogg,gallery
XC573743,yeofly1,Tolmomyias sulphurescens,Yellow-olive Flatbill,Dante Buzzetti,4.0,-20.5983,-51.8416,data/BirdClef/train_audio/yeofly1/XC573743.ogg,gallery
XC316093,yeofly1,Tolmomyias sulphurescens,Yellow-olive Flatbill,Jeremy Minns,5.0,-22.4167,-42.9834,data/BirdClef/train_audio/yeofly1/XC316093.ogg,gallery
XC796988,yeofly1,Tolmomyias sulphurescens,Yellow-olive Flatbill,Paul Driver,4.0,17.1543,-88.8522,data/BirdClef/train_audio/yeofly1/XC796988.ogg,gallery
XC28346,yeofly1,Tolmomyias sulphurescens,Yellow-olive Flatbill,Daniel Lane,4.0,17.777,-89.0114,data/BirdClef/train_audio/yeofly1/XC28346.ogg,gallery
XC533976,yeofly1,Tolmomyias sulphurescens,Yellow-olive Flatbill,Jerome Fischer,5.0,4.351,-74.652,data/BirdClef/train_audio/yeofly1/XC533976.ogg,gallery
XC187920,yeofly1,Tolmomyias sulphurescens,Yellow-olive Flatbill,Marcos Melo,4.0,-23.9557,-46.6503,data/BirdClef/train_audio/yeofly1/XC187920.ogg,gallery
XC258818,yeofly1,Tolmomyias sulphurescens,Yellow-olive Flatbill,John V. Moore,5.0,-4.367,-79.917,data/BirdClef/train_audio/yeofly1/XC258818.ogg,gallery
XC934356,yeofly1,Tolmomyias sulphurescens,Yellow-olive Flatbill,Paul Driver,4.0,17.3138,-88.5573,data/BirdClef/train_audio/yeofly1/XC934356.ogg,gallery
XC283327,yeofly1,Tolmomyias sulphurescens,Yellow-olive Flatbill,Jeremy Minns,3.0,-14.9299,-60.0211,data/BirdClef/train_audio/yeofly1/XC283327.ogg,gallery
XC1946,yeofly1,Tolmomyias sulphurescens,Yellow-olive Flatbill,Sjoerd Mayer,5.0,-14.6112,-61.1928,data/BirdClef/train_audio/yeofly1/XC1946.ogg,gallery
XC433571,yeofly1,Tolmomyias sulphurescens,Yellow-olive Flatbill,Andres Angulo ,3.5,6.5574,-75.8604,data/BirdClef/train_audio/yeofly1/XC433571.ogg,gallery
XC705303,yeofly1,Tolmomyias sulphurescens,Yellow-olive Flatbill,Fernando Igor de Godoy,4.0,-4.293,-47.5569,data/BirdClef/train_audio/yeofly1/XC705303.ogg,gallery
XC934355,yeofly1,Tolmomyias sulphurescens,Yellow-olive Flatbill,Paul Driver,4.0,17.3138,-88.5573,data/BirdClef/train_audio/yeofly1/XC934355.ogg,gallery
XC544453,yeofly1,Tolmomyias sulphurescens,Yellow-olive Flatbill,Dante Buzzetti,4.0,-23.2112,-47.0579,data/BirdClef/train_audio/yeofly1/XC544453.ogg,gallery
XC444833,yeofly1,Tolmomyias sulphurescens,Yellow-olive Flatbill,Manuel Grosselet,4.0,20.3566,-87.3589,data/BirdClef/train_audio/yeofly1/XC444833.ogg,gallery
XC323866,yeofly1,Tolmomyias sulphurescens,Yellow-olive Flatbill,Jeremy Minns,5.0,-6.0667,-49.9167,data/BirdClef/train_audio/yeofly1/XC323866.ogg,gallery
XC433573,yeofly1,Tolmomyias sulphurescens,Yellow-olive Flatbill,Andres Angulo ,5.0,6.5574,-75.8604,data/BirdClef/train_audio/yeofly1/XC433573.ogg,gallery
XC64289,yeofly1,Tolmomyias sulphurescens,Yellow-olive Flatbill,Joseph Tobias and Nathalie Seddon,3.5,-13.5538,-61.0087,data/BirdClef/train_audio/yeofly1/XC64289.ogg,gallery
XC859242,yeofly1,Tolmomyias sulphurescens,Yellow-olive Flatbill,Richard E. Webster,4.0,-14.44,-68.532,data/BirdClef/train_audio/yeofly1/XC859242.ogg,gallery
XC591185,yeofly1,Tolmomyias sulphurescens,Yellow-olive Flatbill,Mauricio Cuellar Ramirez (@Birding.travel),5.0,1.4898,-75.6801,data/BirdClef/train_audio/yeofly1/XC591185.ogg,gallery
XC480011,yeofly1,Tolmomyias sulphurescens,Yellow-olive Flatbill,Brice de la Croix,4.0,4.7216,-52.3073,data/BirdClef/train_audio/yeofly1/XC480011.ogg,gallery
XC697433,yeofly1,Tolmomyias sulphurescens,Yellow-olive Flatbill,JAYRSON ARAUJO DE OLIVEIRA,5.0,-9.2524,-36.4187,data/BirdClef/train_audio/yeofly1/XC697433.ogg,gallery
XC114463,yeofly1,Tolmomyias sulphurescens,Yellow-olive Flatbill,Jon King,4.0,-26.519,-53.991,data/BirdClef/train_audio/yeofly1/XC114463.ogg,gallery
XC133617,yeofly1,Tolmomyias sulphurescens,Yellow-olive Flatbill,Paulo Affonso Fonseca Pires Neto,5.0,-22.6736,-48.9592,data/BirdClef/train_audio/yeofly1/XC133617.ogg,gallery
XC743244,yeofly1,Tolmomyias sulphurescens,Yellow-olive Flatbill,JAYRSON ARAUJO DE OLIVEIRA,4.5,-16.5456,-49.1572,data/BirdClef/train_audio/yeofly1/XC743244.ogg,gallery
XC504468,yeofly1,Tolmomyias sulphurescens,Yellow-olive Flatbill,Ana Laura Sureda,4.0,-24.242,-64.15,data/BirdClef/train_audio/yeofly1/XC504468.ogg,gallery
XC898433,yeofly1,Tolmomyias sulphurescens,Yellow-olive Flatbill,JAYRSON ARAUJO DE OLIVEIRA,5.0,-12.3747,-44.9552,data/BirdClef/train_audio/yeofly1/XC898433.ogg,gallery
XC800210,yeofly1,Tolmomyias sulphurescens,Yellow-olive Flatbill,JAYRSON ARAUJO DE OLIVEIRA,4.5,-16.4727,-49.4959,data/BirdClef/train_audio/yeofly1/XC800210.ogg,gallery
XC1035925,yeofly1,Tolmomyias sulphurescens,Yellow-olive Flatbill,Mauricio Cuéllar-Ramírez,5.0,1.7135,-75.7326,data/BirdClef/train_audio/yeofly1/XC1035925.ogg,gallery
XC813882,yeofly1,Tolmomyias sulphurescens,Yellow-olive Flatbill,Mateus Gonçalves Santos ,5.0,-14.6592,-40.2308,data/BirdClef/train_audio/yeofly1/XC813882.ogg,gallery
XC1008497,yeofly1,Tolmomyias sulphurescens,Yellow-olive Flatbill,JAYRSON ARAUJO DE OLIVEIRA,4.5,-16.0538,-49.604,data/BirdClef/train_audio/yeofly1/XC1008497.ogg,gallery
XC520562,yeofly1,Tolmomyias sulphurescens,Yellow-olive Flatbill,Yair Guillermo Molina Martínez.,4.0,4.5646,-74.9392,data/BirdClef/train_audio/yeofly1/XC520562.ogg,gallery
XC830185,yeofly1,Tolmomyias sulphurescens,Yellow-olive Flatbill,JAYRSON ARAUJO DE OLIVEIRA,5.0,-6.0697,-50.0627,data/BirdClef/train_audio/yeofly1/XC830185.ogg,gallery
XC388953,yeofly1,Tolmomyias sulphurescens,Yellow-olive Flatbill,Bobby Wilcox,4.0,-22.4508,-42.7735,data/BirdClef/train_audio/yeofly1/XC388953.ogg,gallery
XC799792,yeofly1,Tolmomyias sulphurescens,Yellow-olive Flatbill,Dante Buzzetti,4.0,5.0861,-74.7076,data/BirdClef/train_audio/yeofly1/XC799792.ogg,gallery
XC388077,yeofly1,Tolmomyias sulphurescens,Yellow-olive Flatbill,Bobby Wilcox,4.0,-22.4508,-42.7735,data/BirdClef/train_audio/yeofly1/XC388077.ogg,gallery
XC537090,yeofly1,Tolmomyias sulphurescens,Yellow-olive Flatbill,Jerome Fischer,5.0,4.351,-74.652,data/BirdClef/train_audio/yeofly1/XC537090.ogg,gallery
XC1006082,yeofly1,Tolmomyias sulphurescens,Yellow-olive Flatbill,Dante Buzzetti,4.0,-23.5627,-45.303,data/BirdClef/train_audio/yeofly1/XC1006082.ogg,gallery
XC599728,yeofly1,Tolmomyias sulphurescens,Yellow-olive Flatbill,Rosendo Manuel Fraga,5.0,-22.5845,-64.4458,data/BirdClef/train_audio/yeofly1/XC599728.ogg,gallery
XC1017674,yeofly1,Tolmomyias sulphurescens,Yellow-olive Flatbill,Dante Buzzetti,4.0,-9.2524,-36.4187,data/BirdClef/train_audio/yeofly1/XC1017674.ogg,gallery
XC859239,yeofly1,Tolmomyias sulphurescens,Yellow-olive Flatbill,Richard E. Webster,4.5,-11.0192,-66.0987,data/BirdClef/train_audio/yeofly1/XC859239.ogg,gallery
XC174031,yeofly1,Tolmomyias sulphurescens,Yellow-olive Flatbill,João Antônio de B. Vitto,5.0,-14.8264,-56.4241,data/BirdClef/train_audio/yeofly1/XC174031.ogg,gallery
XC893931,yeofly1,Tolmomyias sulphurescens,Yellow-olive Flatbill,Paul Driver,4.0,-0.6756,-77.6014,data/BirdClef/train_audio/yeofly1/XC893931.ogg,gallery
XC470185,yeofly1,Tolmomyias sulphurescens,Yellow-olive Flatbill,WillianMenq,3.0,-20.4697,-54.6201,data/BirdClef/train_audio/yeofly1/XC470185.ogg,gallery
XC263206,yeofly1,Tolmomyias sulphurescens,Yellow-olive Flatbill,Roney Souza,5.0,-19.4144,-42.4151,data/BirdClef/train_audio/yeofly1/XC263206.ogg,gallery
XC859238,yeofly1,Tolmomyias sulphurescens,Yellow-olive Flatbill,Richard E. Webster,4.0,-11.1336,-65.7791,data/BirdClef/train_audio/yeofly1/XC859238.ogg,gallery
XC656086,yeofly1,Tolmomyias sulphurescens,Yellow-olive Flatbill,JAYRSON ARAUJO DE OLIVEIRA,4.5,-16.5849,-49.1211,data/BirdClef/train_audio/yeofly1/XC656086.ogg,gallery
XC204193,yeofly1,Tolmomyias sulphurescens,Yellow-olive Flatbill,Jeremy Minns,5.0,-6.0667,-49.9167,data/BirdClef/train_audio/yeofly1/XC204193.ogg,gallery
XC824301,yeofly1,Tolmomyias sulphurescens,Yellow-olive Flatbill,Hans Groot,5.0,5.8001,-55.1167,data/BirdClef/train_audio/yeofly1/XC824301.ogg,gallery
XC830876,yeofly1,Tolmomyias sulphurescens,Yellow-olive Flatbill,JAYRSON ARAUJO DE OLIVEIRA,5.0,-5.9138,-49.9126,data/BirdClef/train_audio/yeofly1/XC830876.ogg,gallery
XC745527,yeofly1,Tolmomyias sulphurescens,Yellow-olive Flatbill,JAYRSON ARAUJO DE OLIVEIRA,5.0,-17.7396,-48.6279,data/BirdClef/train_audio/yeofly1/XC745527.ogg,gallery
XC663853,yeofly1,Tolmomyias sulphurescens,Yellow-olive Flatbill,Dante Buzzetti,4.0,-8.7175,-35.8405,data/BirdClef/train_audio/yeofly1/XC663853.ogg,gallery
XC555863,yeofly1,Tolmomyias sulphurescens,Yellow-olive Flatbill,Ricardo Gagliardi,3.5,-22.9493,-43.2873,data/BirdClef/train_audio/yeofly1/XC555863.ogg,gallery
XC817183,yeofly1,Tolmomyias sulphurescens,Yellow-olive Flatbill,JAYRSON ARAUJO DE OLIVEIRA,5.0,-6.7131,-47.017,data/BirdClef/train_audio/yeofly1/XC817183.ogg,gallery
XC769405,yeofly1,Tolmomyias sulphurescens,Yellow-olive Flatbill,JAYRSON ARAUJO DE OLIVEIRA,4.5,-6.3761,-47.1085,data/BirdClef/train_audio/yeofly1/XC769405.ogg,gallery
XC368275,yeofly1,Tolmomyias sulphurescens,Yellow-olive Flatbill,Mateus G. Santos ,5.0,-14.7317,-40.2128,data/BirdClef/train_audio/yeofly1/XC368275.ogg,gallery
XC148256,yeofly1,Tolmomyias sulphurescens,Yellow-olive Flatbill,Gary Stiles (Colección de Sonidos Ambientales - Instituto Humboldt),4.0,4.2642,-73.05,data/BirdClef/train_audio/yeofly1/XC148256.ogg,gallery
XC1035058,yeofly1,Tolmomyias sulphurescens,Yellow-olive Flatbill,JAYRSON ARAUJO DE OLIVEIRA,3.0,-5.7717,-47.4806,data/BirdClef/train_audio/yeofly1/XC1035058.ogg,gallery
XC461346,yeofly1,Tolmomyias sulphurescens,Yellow-olive Flatbill,JAYRSON ARAUJO DE OLIVEIRA,4.0,-21.05,-56.563,data/BirdClef/train_audio/yeofly1/XC461346.ogg,gallery
XC123601,yeofly1,Tolmomyias sulphurescens,Yellow-olive Flatbill,Chris Benesh,4.0,9.0245,-79.5528,data/BirdClef/train_audio/yeofly1/XC123601.ogg,gallery
XC643164,yeofly1,Tolmomyias sulphurescens,Yellow-olive Flatbill,Dante Buzzetti,4.0,-13.2317,-38.9484,data/BirdClef/train_audio/yeofly1/XC643164.ogg,gallery
XC607971,yeofly1,Tolmomyias sulphurescens,Yellow-olive Flatbill,JAYRSON ARAUJO DE OLIVEIRA,5.0,-16.8402,-49.3158,data/BirdClef/train_audio/yeofly1/XC607971.ogg,gallery
XC283318,yeofly1,Tolmomyias sulphurescens,Yellow-olive Flatbill,Jeremy Minns,5.0,-14.3834,-40.1001,data/BirdClef/train_audio/yeofly1/XC283318.ogg,gallery
XC871283,yeofly1,Tolmomyias sulphurescens,Yellow-olive Flatbill,Juan Freile,5.0,-1.6012,-80.746,data/BirdClef/train_audio/yeofly1/XC871283.ogg,gallery
XC460059,yeofly1,Tolmomyias sulphurescens,Yellow-olive Flatbill,Rosendo Manuel Fraga,4.0,-22.38,-44.63,data/BirdClef/train_audio/yeofly1/XC460059.ogg,gallery
XC811930,yeofly1,Tolmomyias sulphurescens,Yellow-olive Flatbill,JAYRSON ARAUJO DE OLIVEIRA,5.0,-16.9039,-49.2218,data/BirdClef/train_audio/yeofly1/XC811930.ogg,gallery
XC745519,yeofly1,Tolmomyias sulphurescens,Yellow-olive Flatbill,JAYRSON ARAUJO DE OLIVEIRA,5.0,-17.7396,-48.6279,data/BirdClef/train_audio/yeofly1/XC745519.ogg,gallery
XC433530,yeofly1,Tolmomyias sulphurescens,Yellow-olive Flatbill,Andres Angulo ,4.0,6.5574,-75.8579,data/BirdClef/train_audio/yeofly1/XC433530.ogg,gallery
XC318041,yeofly1,Tolmomyias sulphurescens,Yellow-olive Flatbill,Ricardo José Mitidieri,4.0,-22.9567,-43.2806,data/BirdClef/train_audio/yeofly1/XC318041.ogg,gallery
XC964442,yeofly1,Tolmomyias sulphurescens,Yellow-olive Flatbill,Bill Pyle,4.0,18.5352,-89.8953,data/BirdClef/train_audio/yeofly1/XC964442.ogg,gallery
XC385773,yeofly1,Tolmomyias sulphurescens,Yellow-olive Flatbill,Tulio Dornas,4.0,-15.1274,-56.6437,data/BirdClef/train_audio/yeofly1/XC385773.ogg,gallery
XC456885,yeofly1,Tolmomyias sulphurescens,Yellow-olive Flatbill,Jerome Fischer,5.0,8.9945,-79.5461,data/BirdClef/train_audio/yeofly1/XC456885.ogg,gallery
XC533975,yeofly1,Tolmomyias sulphurescens,Yellow-olive Flatbill,Jerome Fischer,5.0,4.351,-74.652,data/BirdClef/train_audio/yeofly1/XC533975.ogg,gallery
XC235494,yeofly1,Tolmomyias sulphurescens,Yellow-olive Flatbill,Charlie Vogt,4.0,-4.0667,-79.6334,data/BirdClef/train_audio/yeofly1/XC235494.ogg,gallery
XC402633,yeofly1,Tolmomyias sulphurescens,Yellow-olive Flatbill,Victor,5.0,-22.8842,-48.4442,data/BirdClef/train_audio/yeofly1/XC402633.ogg,gallery
XC495081,yeofly1,Tolmomyias sulphurescens,Yellow-olive Flatbill,Tulio Dornas,4.0,-15.3512,-55.4578,data/BirdClef/train_audio/yeofly1/XC495081.ogg,gallery
XC626232,yeofly1,Tolmomyias sulphurescens,Yellow-olive Flatbill,JAYRSON ARAUJO DE OLIVEIRA,4.5,-16.6003,-49.2802,data/BirdClef/train_audio/yeofly1/XC626232.ogg,gallery
XC283328,yeofly1,Tolmomyias sulphurescens,Yellow-olive Flatbill,Jeremy Minns,4.5,-20.2209,-56.5751,data/BirdClef/train_audio/yeofly1/XC283328.ogg,gallery
XC480012,yeofly1,Tolmomyias sulphurescens,Yellow-olive Flatbill,Brice de la Croix,3.0,4.7216,-52.3073,data/BirdClef/train_audio/yeofly1/XC480012.ogg,gallery
XC391756,yeofly1,Tolmomyias sulphurescens,Yellow-olive Flatbill,Nick Komar,4.0,16.7251,-93.0939,data/BirdClef/train_audio/yeofly1/XC391756.ogg,gallery
XC375735,yeofly1,Tolmomyias sulphurescens,Yellow-olive Flatbill,Albert Lastukhin,3.0,10.3424,-84.7986,data/BirdClef/train_audio/yeofly1/XC375735.ogg,gallery
XC283249,yeofly1,Tolmomyias sulphurescens,Yellow-olive Flatbill,Jeremy Minns,4.5,-23.5684,-45.3026,data/BirdClef/train_audio/yeofly1/XC283249.ogg,gallery
XC670416,yeofly1,Tolmomyias sulphurescens,Yellow-olive Flatbill,JAYRSON ARAUJO DE OLIVEIRA,4.5,-16.6003,-49.2802,data/BirdClef/train_audio/yeofly1/XC670416.ogg,gallery
XC343979,yeofly1,Tolmomyias sulphurescens,Yellow-olive Flatbill,Igor Camacho,4.0,-6.7163,-47.7601,data/BirdClef/train_audio/yeofly1/XC343979.ogg,gallery
XC763065,yeofly1,Tolmomyias sulphurescens,Yellow-olive Flatbill,Yair Guillermo Molina Martínez.,3.0,4.5164,-75.305,data/BirdClef/train_audio/yeofly1/XC763065.ogg,gallery
XC198395,yeofly1,Tolmomyias sulphurescens,Yellow-olive Flatbill,Guillermo Funes,4.0,13.9292,-89.0469,data/BirdClef/train_audio/yeofly1/XC198395.ogg,gallery
XC434188,yeofly1,Tolmomyias sulphurescens,Yellow-olive Flatbill,Andres Angulo ,4.0,5.0614,-74.6094,data/BirdClef/train_audio/yeofly1/XC434188.ogg,gallery
XC1037401,yeofly1,Tolmomyias sulphurescens,Yellow-olive Flatbill,Dante Buzzetti,4.0,-15.352,-55.6517,data/BirdClef/train_audio/yeofly1/XC1037401.ogg,gallery
XC493419,yeofly1,Tolmomyias sulphurescens,Yellow-olive Flatbill,JAYRSON ARAUJO DE OLIVEIRA,5.0,-6.3761,-47.1085,data/BirdClef/train_audio/yeofly1/XC493419.ogg,gallery
XC741079,yeofly1,Tolmomyias sulphurescens,Yellow-olive Flatbill,JAYRSON ARAUJO DE OLIVEIRA,5.0,-16.5456,-49.1572,data/BirdClef/train_audio/yeofly1/XC741079.ogg,gallery
XC454104,yeofly1,Tolmomyias sulphurescens,Yellow-olive Flatbill,Jerome Fischer,4.0,8.9945,-79.5461,data/BirdClef/train_audio/yeofly1/XC454104.ogg,gallery
XC186851,yeofly1,Tolmomyias sulphurescens,Yellow-olive Flatbill,João Gava,4.0,-29.5625,-50.2867,data/BirdClef/train_audio/yeofly1/XC186851.ogg,gallery
XC917553,yeofly1,Tolmomyias sulphurescens,Yellow-olive Flatbill,JAYRSON ARAUJO DE OLIVEIRA,5.0,-16.527,-49.1213,data/BirdClef/train_audio/yeofly1/XC917553.ogg,gallery
XC283251,yeofly1,Tolmomyias sulphurescens,Yellow-olive Flatbill,Jeremy Minns,5.0,-23.4693,-45.1695,data/BirdClef/train_audio/yeofly1/XC283251.ogg,gallery
XC338553,yeofly1,Tolmomyias sulphurescens,Yellow-olive Flatbill,Jeremy Minns,4.5,-17.3986,-44.8068,data/BirdClef/train_audio/yeofly1/XC338553.ogg,gallery
XC375809,yeofly1,Tolmomyias sulphurescens,Yellow-olive Flatbill,Albert Lastukhin,4.0,10.471,-84.646,data/BirdClef/train_audio/yeofly1/XC375809.ogg,gallery
XC863912,yeofly1,Tolmomyias sulphurescens,Yellow-olive Flatbill,JAYRSON ARAUJO DE OLIVEIRA,4.5,-18.9287,-51.679,data/BirdClef/train_audio/yeofly1/XC863912.ogg,gallery
XC212433,yeofly1,Tolmomyias sulphurescens,Yellow-olive Flatbill,Fernando Igor de Godoy,4.0,-23.4948,-48.4138,data/BirdClef/train_audio/yeofly1/XC212433.ogg,gallery
XC507872,yeofly1,Tolmomyias sulphurescens,Yellow-olive Flatbill,JAYRSON ARAUJO DE OLIVEIRA,4.5,-18.3949,-52.6654,data/BirdClef/train_audio/yeofly1/XC507872.ogg,gallery
XC421886,yeofly1,Tolmomyias sulphurescens,Yellow-olive Flatbill,Fernando Igor de Godoy,5.0,-24.0557,-47.9947,data/BirdClef/train_audio/yeofly1/XC421886.ogg,gallery
XC1008495,yeofly1,Tolmomyias sulphurescens,Yellow-olive Flatbill,JAYRSON ARAUJO DE OLIVEIRA,4.5,-16.0538,-49.604,data/BirdClef/train_audio/yeofly1/XC1008495.ogg,gallery
XC205129,yeofly1,Tolmomyias sulphurescens,Yellow-olive Flatbill,Roney Assis Souza,3.0,-19.4163,-42.4143,data/BirdClef/train_audio/yeofly1/XC205129.ogg,gallery
XC796990,yeofly1,Tolmomyias sulphurescens,Yellow-olive Flatbill,Paul Driver,4.0,17.1543,-88.8522,data/BirdClef/train_audio/yeofly1/XC796990.ogg,gallery
XC2215,yeofly1,Tolmomyias sulphurescens,Yellow-olive Flatbill,Sjoerd Mayer,4.5,-17.1667,-62.4167,data/BirdClef/train_audio/yeofly1/XC2215.ogg,gallery
XC803719,yeofly1,Tolmomyias sulphurescens,Yellow-olive Flatbill,JAYRSON ARAUJO DE OLIVEIRA,4.5,-16.4727,-49.4959,data/BirdClef/train_audio/yeofly1/XC803719.ogg,gallery
XC240485,yeofly1,Tolmomyias sulphurescens,Yellow-olive Flatbill,Charlie Vogt,3.5,-4.3667,-79.9001,data/BirdClef/train_audio/yeofly1/XC240485.ogg,gallery
XC81743,yeofly1,Tolmomyias sulphurescens,Yellow-olive Flatbill,Jeremy Minns,5.0,-14.9299,-60.0211,data/BirdClef/train_audio/yeofly1/XC81743.ogg,gallery
XC258819,yeofly1,Tolmomyias sulphurescens,Yellow-olive Flatbill,John V. Moore,3.5,-1.7,-80.767,data/BirdClef/train_audio/yeofly1/XC258819.ogg,gallery
XC268842,yeofly1,Tolmomyias sulphurescens,Yellow-olive Flatbill,Ricardo José Mitidieri,5.0,-22.3926,-42.3662,data/BirdClef/train_audio/yeofly1/XC268842.ogg,gallery
XC258816,yeofly1,Tolmomyias sulphurescens,Yellow-olive Flatbill,John V. Moore,5.0,-4.108,-78.964,data/BirdClef/train_audio/yeofly1/XC258816.ogg,gallery
XC912175,yeofly1,Tolmomyias sulphurescens,Yellow-olive Flatbill,rudy gelis,4.0,-24.03,-47.3516,data/BirdClef/train_audio/yeofly1/XC912175.ogg,gallery
XC586970,yeofly1,Tolmomyias sulphurescens,Yellow-olive Flatbill,Gabriel Mello,5.0,-22.9493,-43.2873,data/BirdClef/train_audio/yeofly1/XC586970.ogg,gallery
XC843599,yeofly1,Tolmomyias sulphurescens,Yellow-olive Flatbill,Manuel Grosselet,4.0,17.7289,-96.3308,data/BirdClef/train_audio/yeofly1/XC843599.ogg,gallery
XC859240,yeofly1,Tolmomyias sulphurescens,Yellow-olive Flatbill,Richard E. Webster,4.0,-10.8616,-65.9704,data/BirdClef/train_audio/yeofly1/XC859240.ogg,gallery
XC131713,yeofly1,Tolmomyias sulphurescens,Yellow-olive Flatbill,Sidnei Dantas,3.0,-8.4701,-35.7289,data/BirdClef/train_audio/yeofly1/XC131713.ogg,gallery
XC435455,yeofly1,Tolmomyias sulphurescens,Yellow-olive Flatbill,JAYRSON ARAUJO DE OLIVEIRA,5.0,-24.0037,-47.0037,data/BirdClef/train_audio/yeofly1/XC435455.ogg,gallery
XC356161,yeofly1,Tolmomyias sulphurescens,Yellow-olive Flatbill,Mateus G. Santos ,5.0,-14.5549,-40.2676,data/BirdClef/train_audio/yeofly1/XC356161.ogg,gallery
XC269482,yeofly1,Tolmomyias sulphurescens,Yellow-olive Flatbill,Jerome Fischer,4.0,-22.4179,-42.7379,data/BirdClef/train_audio/yeofly1/XC269482.ogg,gallery
XC166972,yeofly1,Tolmomyias sulphurescens,Yellow-olive Flatbill,Antonio de Almeida Correia Junior,5.0,-26.4895,-52.2009,data/BirdClef/train_audio/yeofly1/XC166972.ogg,gallery
XC258821,yeofly1,Tolmomyias sulphurescens,Yellow-olive Flatbill,John V. Moore,5.0,-4.3,-80.033,data/BirdClef/train_audio/yeofly1/XC258821.ogg,gallery
XC433527,yeofly1,Tolmomyias sulphurescens,Yellow-olive Flatbill,Andres Angulo ,4.0,6.5574,-75.8579,data/BirdClef/train_audio/yeofly1/XC433527.ogg,gallery
XC320037,yeofly1,Tolmomyias sulphurescens,Yellow-olive Flatbill,Jacob Socolar,4.0,-3.4458,-72.8503,data/BirdClef/train_audio/yeofly1/XC320037.ogg,gallery
XC714624,yeofly1,Tolmomyias sulphurescens,Yellow-olive Flatbill,JAYRSON ARAUJO DE OLIVEIRA,5.0,-15.5509,-47.7033,data/BirdClef/train_audio/yeofly1/XC714624.ogg,gallery
XC512927,yeofly1,Tolmomyias sulphurescens,Yellow-olive Flatbill,Dante Buzzetti,4.0,-9.2114,-35.8771,data/BirdClef/train_audio/yeofly1/XC512927.ogg,gallery
XC479866,yeofly1,Tolmomyias sulphurescens,Yellow-olive Flatbill,JAYRSON ARAUJO DE OLIVEIRA,4.5,-16.6869,-49.2648,data/BirdClef/train_audio/yeofly1/XC479866.ogg,gallery
XC1957,yeofly1,Tolmomyias sulphurescens,Yellow-olive Flatbill,Sjoerd Mayer,5.0,-18.9289,-63.4242,data/BirdClef/train_audio/yeofly1/XC1957.ogg,gallery
XC703847,yeofly1,Tolmomyias sulphurescens,Yellow-olive Flatbill,Richard E. Webster,3.5,-14.7306,-64.947,data/BirdClef/train_audio/yeofly1/XC703847.ogg,gallery
XC437658,yeofly1,Tolmomyias sulphurescens,Yellow-olive Flatbill,JAYRSON ARAUJO DE OLIVEIRA,5.0,-16.5631,-49.285,data/BirdClef/train_audio/yeofly1/XC437658.ogg,gallery
XC444718,yeofly1,Tolmomyias sulphurescens,Yellow-olive Flatbill,Manuel Grosselet,5.0,20.3566,-87.3589,data/BirdClef/train_audio/yeofly1/XC444718.ogg,gallery
XC664438,yeofly1,Tolmomyias sulphurescens,Yellow-olive Flatbill,Yair Guillermo Molina Martínez.,4.0,4.4615,-75.0514,data/BirdClef/train_audio/yeofly1/XC664438.ogg,gallery
XC532165,yeofly1,Tolmomyias sulphurescens,Yellow-olive Flatbill,Jerome Fischer,5.0,4.351,-74.652,data/BirdClef/train_audio/yeofly1/XC532165.ogg,gallery
XC818328,yeofly1,Tolmomyias sulphurescens,Yellow-olive Flatbill,JAYRSON ARAUJO DE OLIVEIRA,5.0,-16.0538,-49.604,data/BirdClef/train_audio/yeofly1/XC818328.ogg,gallery
XC425545,yeofly1,Tolmomyias sulphurescens,Yellow-olive Flatbill,Jerome Fischer,4.0,5.9002,-74.8485,data/BirdClef/train_audio/yeofly1/XC425545.ogg,gallery
XC298884,yeofly1,Tolmomyias sulphurescens,Yellow-olive Flatbill,Roney Souza,5.0,-19.4144,-42.4151,data/BirdClef/train_audio/yeofly1/XC298884.ogg,gallery
XC1011212,coffal1,Micrastur semitorquatus,Collared Forest-Falcon,Jacob Wijpkema,5.0,-11.225,-69.1463,data/BirdClef/train_audio/coffal1/XC1011212.ogg,query_clean
XC518849,coffal1,Micrastur semitorquatus,Collared Forest-Falcon,Marcelo da Rocha,5.0,-25.627,-54.453,data/BirdClef/train_audio/coffal1/XC518849.ogg,query_clean
XC640029,coffal1,Micrastur semitorquatus,Collared Forest-Falcon,Ciro Albano,5.0,-12.4702,-41.3562,data/BirdClef/train_audio/coffal1/XC640029.ogg,query_clean
XC238626,coffal1,Micrastur semitorquatus,Collared Forest-Falcon,Niels Krabbe,5.0,-0.533,-79.006,data/BirdClef/train_audio/coffal1/XC238626.ogg,query_clean
XC580510,coffal1,Micrastur semitorquatus,Collared Forest-Falcon,Kent Livezey,5.0,9.1332,-79.7195,data/BirdClef/train_audio/coffal1/XC580510.ogg,query_clean
XC841725,coffal1,Micrastur semitorquatus,Collared Forest-Falcon,Niels Krabbe,5.0,-0.0819,-80.1502,data/BirdClef/train_audio/coffal1/XC841725.ogg,query_clean
XC909155,coffal1,Micrastur semitorquatus,Collared Forest-Falcon,Luis Gomez,5.0,13.812,-89.868,data/BirdClef/train_audio/coffal1/XC909155.ogg,query_clean
XC597587,coffal1,Micrastur semitorquatus,Collared Forest-Falcon,Erik Camilo Gaitán López,5.0,2.7648,-75.2333,data/BirdClef/train_audio/coffal1/XC597587.ogg,query_clean
XC514068,coffal1,Micrastur semitorquatus,Collared Forest-Falcon,David Bradley,5.0,20.3413,-105.35,data/BirdClef/train_audio/coffal1/XC514068.ogg,query_clean
XC915055,coffal1,Micrastur semitorquatus,Collared Forest-Falcon,Rodrigo Y Castro,5.0,-23.6633,-46.9605,data/BirdClef/train_audio/coffal1/XC915055.ogg,query_clean
XC504846,sobtyr1,Camptostoma obsoletum,Southern Beardless Tyrannulet,Iván Lau,5.0,1.6839,-78.7534,data/BirdClef/train_audio/sobtyr1/XC504846.ogg,query_clean
XC764623,sobtyr1,Camptostoma obsoletum,Southern Beardless Tyrannulet,Niels Krabbe,5.0,-27.9983,-65.9428,data/BirdClef/train_audio/sobtyr1/XC764623.ogg,query_clean
XC653903,sobtyr1,Camptostoma obsoletum,Southern Beardless Tyrannulet,Jacob Wijpkema,5.0,-13.4557,-62.0139,data/BirdClef/train_audio/sobtyr1/XC653903.ogg,query_clean
XC176886,sobtyr1,Camptostoma obsoletum,Southern Beardless Tyrannulet,Douglas Meyer,5.0,-26.995,-50.014,data/BirdClef/train_audio/sobtyr1/XC176886.ogg,query_clean
XC580800,sobtyr1,Camptostoma obsoletum,Southern Beardless Tyrannulet,Javier Ricardo Salamanca-Reyes,5.0,6.0657,-74.5072,data/BirdClef/train_audio/sobtyr1/XC580800.ogg,query_clean
XC763522,sobtyr1,Camptostoma obsoletum,Southern Beardless Tyrannulet,GABRIEL LEITE,5.0,-5.65,-78.833,data/BirdClef/train_audio/sobtyr1/XC763522.ogg,query_clean
XC612769,sobtyr1,Camptostoma obsoletum,Southern Beardless Tyrannulet,Fabrice Schmitt,5.0,4.7298,-58.7304,data/BirdClef/train_audio/sobtyr1/XC612769.ogg,query_clean
XC135348,sobtyr1,Camptostoma obsoletum,Southern Beardless Tyrannulet,Dan Lane,5.0,-5.3167,-76.2834,data/BirdClef/train_audio/sobtyr1/XC135348.ogg,query_clean
XC1062368,sobtyr1,Camptostoma obsoletum,Southern Beardless Tyrannulet,Jacob Wijpkema,5.0,-13.7122,-65.2761,data/BirdClef/train_audio/sobtyr1/XC1062368.ogg,query_clean
XC653904,sobtyr1,Camptostoma obsoletum,Southern Beardless Tyrannulet,Jacob Wijpkema,5.0,-13.4557,-62.0139,data/BirdClef/train_audio/sobtyr1/XC653904.ogg,query_clean
XC348691,greant1,Taraba major,Great Antshrike,Blas Fandiño,5.0,-31.5092,-60.4778,data/BirdClef/train_audio/greant1/XC348691.ogg,query_clean
XC397818,greant1,Taraba major,Great Antshrike,Federico Ferrer,5.0,-31.4294,-64.4887,data/BirdClef/train_audio/greant1/XC397818.ogg,query_clean
XC50033,greant1,Taraba major,Great Antshrike,Bernabe Lopez-Lanus,5.0,-30.583,-59.949,data/BirdClef/train_audio/greant1/XC50033.ogg,query_clean
XC388556,greant1,Taraba major,Great Antshrike,Marcelo Jordani Feliti,5.0,-23.2265,-47.9549,data/BirdClef/train_audio/greant1/XC388556.ogg,query_clean
XC433819,greant1,Taraba major,Great Antshrike,Marcelo Jordani Feliti,5.0,-22.2493,-49.9663,data/BirdClef/train_audio/greant1/XC433819.ogg,query_clean
XC123928,greant1,Taraba major,Great Antshrike,GABRIEL LEITE,5.0,-22.6771,-47.9831,data/BirdClef/train_audio/greant1/XC123928.ogg,query_clean
XC489684,greant1,Taraba major,Great Antshrike,Jacob Wijpkema,5.0,-20.4877,-62.2639,data/BirdClef/train_audio/greant1/XC489684.ogg,query_clean
XC452472,greant1,Taraba major,Great Antshrike,Marcelo Jordani Feliti,5.0,-21.8439,-48.4507,data/BirdClef/train_audio/greant1/XC452472.ogg,query_clean
XC616309,greant1,Taraba major,Great Antshrike,Fabrice Schmitt,5.0,-21.8035,-60.2269,data/BirdClef/train_audio/greant1/XC616309.ogg,query_clean
XC118887,greant1,Taraba major,Great Antshrike,GABRIEL LEITE,5.0,-9.9826,-50.0151,data/BirdClef/train_audio/greant1/XC118887.ogg,query_clean
XC294719,squcuc1,Piaya cayana,Common Squirrel-Cuckoo,Douglas Meyer,5.0,-26.7166,-49.4856,data/BirdClef/train_audio/squcuc1/XC294719.ogg,query_clean
XC294724,squcuc1,Piaya cayana,Common Squirrel-Cuckoo,Douglas Meyer,5.0,-26.7166,-49.4856,data/BirdClef/train_audio/squcuc1/XC294724.ogg,query_clean
XC940505,squcuc1,Piaya cayana,Common Squirrel-Cuckoo,Kauê Werner,5.0,-26.9263,-48.7146,data/BirdClef/train_audio/squcuc1/XC940505.ogg,query_clean
XC216157,squcuc1,Piaya cayana,Common Squirrel-Cuckoo,Amanda Perin Marcon,5.0,-26.4052,-52.3514,data/BirdClef/train_audio/squcuc1/XC216157.ogg,query_clean
XC549930,squcuc1,Piaya cayana,Common Squirrel-Cuckoo,Bernabe Lopez-Lanus,5.0,-26.5723,-53.8018,data/BirdClef/train_audio/squcuc1/XC549930.ogg,query_clean
XC549933,squcuc1,Piaya cayana,Common Squirrel-Cuckoo,Bernabe Lopez-Lanus,5.0,-26.5723,-53.8018,data/BirdClef/train_audio/squcuc1/XC549933.ogg,query_clean
XC549936,squcuc1,Piaya cayana,Common Squirrel-Cuckoo,Bernabe Lopez-Lanus,5.0,-26.5723,-53.8018,data/BirdClef/train_audio/squcuc1/XC549936.ogg,query_clean
XC247099,squcuc1,Piaya cayana,Common Squirrel-Cuckoo,Joe Klaiber,5.0,7.5591,-60.9225,data/BirdClef/train_audio/squcuc1/XC247099.ogg,query_clean
XC246934,squcuc1,Piaya cayana,Common Squirrel-Cuckoo,Joe Klaiber,5.0,7.5637,-69.4968,data/BirdClef/train_audio/squcuc1/XC246934.ogg,query_clean
XC656889,squcuc1,Piaya cayana,Common Squirrel-Cuckoo,Luiz Fernando Matos,5.0,-5.9718,-50.7132,data/BirdClef/train_audio/squcuc1/XC656889.ogg,query_clean
XC299640,roahaw,Rupornis magnirostris,Roadside Hawk,Patrice Adret,5.0,-17.8677,-63.2696,data/BirdClef/train_audio/roahaw/XC299640.ogg,query_clean
XC372463,roahaw,Rupornis magnirostris,Roadside Hawk,Kent Livezey,5.0,8.5054,-77.9759,data/BirdClef/train_audio/roahaw/XC372463.ogg,query_clean
XC288830,roahaw,Rupornis magnirostris,Roadside Hawk,Diego Cueva,5.0,2.2653,-75.664,data/BirdClef/train_audio/roahaw/XC288830.ogg,query_clean
XC129438,roahaw,Rupornis magnirostris,Roadside Hawk,Oscar Humberto Marin-Gomez,5.0,3.9155,-77.2486,data/BirdClef/train_audio/roahaw/XC129438.ogg,query_clean
XC772769,roahaw,Rupornis magnirostris,Roadside Hawk,Sue Riffe,5.0,17.1574,-94.7783,data/BirdClef/train_audio/roahaw/XC772769.ogg,query_clean
XC716349,roahaw,Rupornis magnirostris,Roadside Hawk,Marcelo da Rocha,5.0,-25.627,-54.453,data/BirdClef/train_audio/roahaw/XC716349.ogg,query_clean
XC340156,roahaw,Rupornis magnirostris,Roadside Hawk,GABRIEL LEITE,5.0,-3.3154,-60.6397,data/BirdClef/train_audio/roahaw/XC340156.ogg,query_clean
XC680705,roahaw,Rupornis magnirostris,Roadside Hawk,GABRIEL LEITE,5.0,1.4898,-61.023,data/BirdClef/train_audio/roahaw/XC680705.ogg,query_clean
XC235156,roahaw,Rupornis magnirostris,Roadside Hawk,cesar villamil,5.0,5.5108,-73.9641,data/BirdClef/train_audio/roahaw/XC235156.ogg,query_clean
XC19527,roahaw,Rupornis magnirostris,Roadside Hawk,Niels Krabbe,5.0,-19.4334,-64.4667,data/BirdClef/train_audio/roahaw/XC19527.ogg,query_clean
XC738930,trsowl,Megascops choliba,Tropical Screech Owl,Adrian Antunez,5.0,-30.1908,-57.6102,data/BirdClef/train_audio/trsowl/XC738930.ogg,query_clean
XC428741,trsowl,Megascops choliba,Tropical Screech Owl,Diego Cueva,5.0,4.1397,-73.646,data/BirdClef/train_audio/trsowl/XC428741.ogg,query_clean
XC597121,trsowl,Megascops choliba,Tropical Screech Owl,Marcela Morales sánchez,5.0,4.3307,-74.3726,data/BirdClef/train_audio/trsowl/XC597121.ogg,query_clean
XC549975,trsowl,Megascops choliba,Tropical Screech Owl,Bernabe Lopez-Lanus,5.0,-26.5723,-53.8018,data/BirdClef/train_audio/trsowl/XC549975.ogg,query_clean
XC135491,trsowl,Megascops choliba,Tropical Screech Owl,William Adsett ,4.0,9.0149,-79.5324,data/BirdClef/train_audio/trsowl/XC135491.ogg,query_clean
XC572606,trsowl,Megascops choliba,Tropical Screech Owl,Odirlei Vieira da Fonseca,4.0,-22.5939,-43.4347,data/BirdClef/train_audio/trsowl/XC572606.ogg,query_clean
XC236394,trsowl,Megascops choliba,Tropical Screech Owl,Odirlei Vieira da Fonseca,4.0,-22.5939,-43.4347,data/BirdClef/train_audio/trsowl/XC236394.ogg,query_clean
XC447808,trsowl,Megascops choliba,Tropical Screech Owl,Kent Livezey,4.0,9.0895,-79.6621,data/BirdClef/train_audio/trsowl/XC447808.ogg,query_clean
XC619067,trsowl,Megascops choliba,Tropical Screech Owl,Capovilla Pablo H,4.0,-31.4503,-60.9195,data/BirdClef/train_audio/trsowl/XC619067.ogg,query_clean
XC730130,trsowl,Megascops choliba,Tropical Screech Owl,Brian Cox,4.0,-0.5489,-76.0414,data/BirdClef/train_audio/trsowl/XC730130.ogg,query_clean
XC756928,banana,Coereba flaveola,Bananaquit,Igor Lazo,5.0,-6.7077,-79.9042,data/BirdClef/train_audio/banana/XC756928.ogg,query_clean
XC190593,banana,Coereba flaveola,Bananaquit,Gabriel Rosa,5.0,-23.3254,-51.1996,data/BirdClef/train_audio/banana/XC190593.ogg,query_clean
XC247112,banana,Coereba flaveola,Bananaquit,Joe Klaiber,5.0,5.9507,-61.4304,data/BirdClef/train_audio/banana/XC247112.ogg,query_clean
XC561261,banana,Coereba flaveola,Bananaquit,Steve Hampton,5.0,8.685,-83.6679,data/BirdClef/train_audio/banana/XC561261.ogg,query_clean
XC127164,banana,Coereba flaveola,Bananaquit,pedrotêia,5.0,-9.7326,-37.4351,data/BirdClef/train_audio/banana/XC127164.ogg,query_clean
XC169559,banana,Coereba flaveola,Bananaquit,GABRIEL LEITE,5.0,1.483,-61.0109,data/BirdClef/train_audio/banana/XC169559.ogg,query_clean
XC241562,banana,Coereba flaveola,Bananaquit,Oscar Humberto Marín Gómez,5.0,1.3001,-78.0834,data/BirdClef/train_audio/banana/XC241562.ogg,query_clean
XC924739,banana,Coereba flaveola,Bananaquit,Sue Riffe,5.0,0.0346,-78.8698,data/BirdClef/train_audio/banana/XC924739.ogg,query_clean
XC541448,banana,Coereba flaveola,Bananaquit,Cristhian David Gaitán García,5.0,4.4271,-75.2152,data/BirdClef/train_audio/banana/XC541448.ogg,query_clean
XC215467,banana,Coereba flaveola,Bananaquit,Terry Davis,5.0,18.029,-63.0939,data/BirdClef/train_audio/banana/XC215467.ogg,query_clean
XC29087,baffal1,Micrastur ruficollis,Barred Forest-Falcon,Niels Krabbe,5.0,-23.6834,-64.8834,data/BirdClef/train_audio/baffal1/XC29087.ogg,query_clean
XC29088,baffal1,Micrastur ruficollis,Barred Forest-Falcon,Niels Krabbe,5.0,-23.6834,-64.8834,data/BirdClef/train_audio/baffal1/XC29088.ogg,query_clean
XC235886,baffal1,Micrastur ruficollis,Barred Forest-Falcon,Niels Krabbe,5.0,11.1009,-74.072,data/BirdClef/train_audio/baffal1/XC235886.ogg,query_clean
XC437953,baffal1,Micrastur ruficollis,Barred Forest-Falcon,George Wagner,5.0,18.1181,-89.7951,data/BirdClef/train_audio/baffal1/XC437953.ogg,query_clean
XC192816,baffal1,Micrastur ruficollis,Barred Forest-Falcon,Kassius Santos,5.0,-22.372,-44.8189,data/BirdClef/train_audio/baffal1/XC192816.ogg,query_clean
XC666482,baffal1,Micrastur ruficollis,Barred Forest-Falcon,Odirlei Vieira da Fonseca,5.0,-22.5762,-43.4762,data/BirdClef/train_audio/baffal1/XC666482.ogg,query_clean
XC727672,baffal1,Micrastur ruficollis,Barred Forest-Falcon,Brian Cox,5.0,-20.3165,-41.3216,data/BirdClef/train_audio/baffal1/XC727672.ogg,query_clean
XC745799,baffal1,Micrastur ruficollis,Barred Forest-Falcon,Jacob Wijpkema,5.0,-17.172,-65.759,data/BirdClef/train_audio/baffal1/XC745799.ogg,query_clean
XC546400,baffal1,Micrastur ruficollis,Barred Forest-Falcon,Ciro Albano,5.0,-15.3851,-39.5709,data/BirdClef/train_audio/baffal1/XC546400.ogg,query_clean
XC192815,baffal1,Micrastur ruficollis,Barred Forest-Falcon,Kassius Santos,5.0,-22.372,-44.8189,data/BirdClef/train_audio/baffal1/XC192815.ogg,query_clean
XC539586,soulap1,Vanellus chilensis,Southern Lapwing,Yoann Blanchon,5.0,7.3515,-80.8585,data/BirdClef/train_audio/soulap1/XC539586.ogg,query_clean
XC9046,soulap1,Vanellus chilensis,Southern Lapwing,Allen T. Chartier,5.0,7.4334,-69.3167,data/BirdClef/train_audio/soulap1/XC9046.ogg,query_clean
XC562682,soulap1,Vanellus chilensis,Southern Lapwing,Kent Livezey,5.0,9.0095,-79.4684,data/BirdClef/train_audio/soulap1/XC562682.ogg,query_clean
XC51500,soulap1,Vanellus chilensis,Southern Lapwing,Bernabe Lopez-Lanus,5.0,-22.1931,-63.9445,data/BirdClef/train_audio/soulap1/XC51500.ogg,query_clean
XC428133,soulap1,Vanellus chilensis,Southern Lapwing,Caio Brito,5.0,-19.5988,-39.7933,data/BirdClef/train_audio/soulap1/XC428133.ogg,query_clean
XC47141,soulap1,Vanellus chilensis,Southern Lapwing,Niels Krabbe,5.0,-50.5001,-72.7501,data/BirdClef/train_audio/soulap1/XC47141.ogg,query_clean
XC861228,soulap1,Vanellus chilensis,Southern Lapwing,Paulo Alves,5.0,-53.1702,-70.9164,data/BirdClef/train_audio/soulap1/XC861228.ogg,query_clean
XC549503,soulap1,Vanellus chilensis,Southern Lapwing,Bernabe Lopez-Lanus,5.0,-26.5723,-53.8018,data/BirdClef/train_audio/soulap1/XC549503.ogg,query_clean
XC16003,soulap1,Vanellus chilensis,Southern Lapwing,Niels Krabbe,5.0,-24.683,-65.406,data/BirdClef/train_audio/soulap1/XC16003.ogg,query_clean
XC48574,soulap1,Vanellus chilensis,Southern Lapwing,Bernabe Lopez-Lanus,5.0,-50.3334,-72.2834,data/BirdClef/train_audio/soulap1/XC48574.ogg,query_clean
XC340516,strcuc1,Tapera naevia,Striped Cuckoo,Aves del NEA,5.0,-27.383,-55.9577,data/BirdClef/train_audio/strcuc1/XC340516.ogg,query_clean
XC340515,strcuc1,Tapera naevia,Striped Cuckoo,Aves del NEA,5.0,-27.383,-55.9577,data/BirdClef/train_audio/strcuc1/XC340515.ogg,query_clean
XC173304,strcuc1,Tapera naevia,Striped Cuckoo,Douglas Meyer,5.0,-26.9949,-50.0181,data/BirdClef/train_audio/strcuc1/XC173304.ogg,query_clean
XC114965,strcuc1,Tapera naevia,Striped Cuckoo,pedrotêia,5.0,-9.661,-37.412,data/BirdClef/train_audio/strcuc1/XC114965.ogg,query_clean
XC349929,strcuc1,Tapera naevia,Striped Cuckoo,Kassius Santos,5.0,-22.8696,-45.2293,data/BirdClef/train_audio/strcuc1/XC349929.ogg,query_clean
XC836228,strcuc1,Tapera naevia,Striped Cuckoo,Jacob Wijpkema,5.0,-13.693,-65.2131,data/BirdClef/train_audio/strcuc1/XC836228.ogg,query_clean
XC508606,strcuc1,Tapera naevia,Striped Cuckoo,Niels Krabbe,5.0,-24.6783,-65.4158,data/BirdClef/train_audio/strcuc1/XC508606.ogg,query_clean
XC593146,strcuc1,Tapera naevia,Striped Cuckoo,Marcelo da Rocha,5.0,-25.5524,-54.5664,data/BirdClef/train_audio/strcuc1/XC593146.ogg,query_clean
XC240034,strcuc1,Tapera naevia,Striped Cuckoo,Oscar Humberto Marín Gómez,5.0,4.6738,-75.6075,data/BirdClef/train_audio/strcuc1/XC240034.ogg,query_clean
XC114160,strcuc1,Tapera naevia,Striped Cuckoo,Sergio Chaparro-Herrera,5.0,4.7455,-74.5339,data/BirdClef/train_audio/strcuc1/XC114160.ogg,query_clean
XC993685,pabspi1,Synallaxis albescens,Pale-breasted Spinetail,Bernabe Lopez-Lanus,5.0,-39.5435,-62.4476,data/BirdClef/train_audio/pabspi1/XC993685.ogg,query_clean
XC506225,pabspi1,Synallaxis albescens,Pale-breasted Spinetail,Niels Krabbe,5.0,-29.8307,-66.5617,data/BirdClef/train_audio/pabspi1/XC506225.ogg,query_clean
XC687712,pabspi1,Synallaxis albescens,Pale-breasted Spinetail,Niels Krabbe,5.0,-25.9225,-61.7139,data/BirdClef/train_audio/pabspi1/XC687712.ogg,query_clean
XC506234,pabspi1,Synallaxis albescens,Pale-breasted Spinetail,Niels Krabbe,5.0,-29.9661,-66.4893,data/BirdClef/train_audio/pabspi1/XC506234.ogg,query_clean
XC452493,pabspi1,Synallaxis albescens,Pale-breasted Spinetail,Marcelo Jordani Feliti,5.0,-22.6246,-48.806,data/BirdClef/train_audio/pabspi1/XC452493.ogg,query_clean
XC701947,pabspi1,Synallaxis albescens,Pale-breasted Spinetail,Jacob Wijpkema,5.0,-12.6676,-64.5357,data/BirdClef/train_audio/pabspi1/XC701947.ogg,query_clean
XC701948,pabspi1,Synallaxis albescens,Pale-breasted Spinetail,Jacob Wijpkema,5.0,-12.6676,-64.5357,data/BirdClef/train_audio/pabspi1/XC701948.ogg,query_clean
XC236174,pabspi1,Synallaxis albescens,Pale-breasted Spinetail,Niels Krabbe,5.0,11.1009,-74.072,data/BirdClef/train_audio/pabspi1/XC236174.ogg,query_clean
XC391585,pabspi1,Synallaxis albescens,Pale-breasted Spinetail,Kent Livezey,5.0,9.0859,-79.1559,data/BirdClef/train_audio/pabspi1/XC391585.ogg,query_clean
XC236176,pabspi1,Synallaxis albescens,Pale-breasted Spinetail,Niels Krabbe,5.0,11.1009,-74.072,data/BirdClef/train_audio/pabspi1/XC236176.ogg,query_clean
XC268594,yeofly1,Tolmomyias sulphurescens,Yellow-olive Flatbill,Fabrice Schmitt,5.0,-19.7323,-41.8141,data/BirdClef/train_audio/yeofly1/XC268594.ogg,query_clean
XC361117,yeofly1,Tolmomyias sulphurescens,Yellow-olive Flatbill,Niels Krabbe,5.0,-23.758,-64.851,data/BirdClef/train_audio/yeofly1/XC361117.ogg,query_clean
XC250157,yeofly1,Tolmomyias sulphurescens,Yellow-olive Flatbill,Niels Krabbe,5.0,-3.621,-80.172,data/BirdClef/train_audio/yeofly1/XC250157.ogg,query_clean
XC46766,yeofly1,Tolmomyias sulphurescens,Yellow-olive Flatbill,Bernabe Lopez-Lanus,5.0,-25.7168,-54.4146,data/BirdClef/train_audio/yeofly1/XC46766.ogg,query_clean
XC1031972,yeofly1,Tolmomyias sulphurescens,Yellow-olive Flatbill,Jacob Wijpkema,5.0,-19.1431,-63.6648,data/BirdClef/train_audio/yeofly1/XC1031972.ogg,query_clean
XC187210,yeofly1,Tolmomyias sulphurescens,Yellow-olive Flatbill,Marcelo O. Barbosa,5.0,-10.3046,-48.1371,data/BirdClef/train_audio/yeofly1/XC187210.ogg,query_clean
XC512409,yeofly1,Tolmomyias sulphurescens,Yellow-olive Flatbill,Odemir Freitas Junior,5.0,-23.7791,-45.9722,data/BirdClef/train_audio/yeofly1/XC512409.ogg,query_clean
XC611913,yeofly1,Tolmomyias sulphurescens,Yellow-olive Flatbill,Fabrice Schmitt,5.0,-22.7115,-57.3789,data/BirdClef/train_audio/yeofly1/XC611913.ogg,query_clean
XC268592,yeofly1,Tolmomyias sulphurescens,Yellow-olive Flatbill,Fabrice Schmitt,5.0,-19.7323,-41.8141,data/BirdClef/train_audio/yeofly1/XC268592.ogg,query_clean
XC583955,yeofly1,Tolmomyias sulphurescens,Yellow-olive Flatbill,Ciro Albano,5.0,-12.5834,-41.3667,data/BirdClef/train_audio/yeofly1/XC583955.ogg,query_clean
XC192979,gycwor1,Aramides cajaneus,Grey-cowled Wood Rail,Diego Caiafa,5.0,-34.6081,-58.3509,data/BirdClef/train_audio/gycwor1/XC192979.ogg,query_clean
XC483682,gycwor1,Aramides cajaneus,Grey-cowled Wood Rail,Odemir Freitas Junior,5.0,-23.8533,-46.1443,data/BirdClef/train_audio/gycwor1/XC483682.ogg,query_clean
XC772156,gycwor1,Aramides cajaneus,Grey-cowled Wood Rail,Niels Krabbe,5.0,-24.6792,-65.4019,data/BirdClef/train_audio/gycwor1/XC772156.ogg,query_clean
XC501765,gycwor1,Aramides cajaneus,Grey-cowled Wood Rail,NUNES D&#039;ACOSTA,5.0,-16.6869,-49.2648,data/BirdClef/train_audio/gycwor1/XC501765.ogg,query_clean
XC1012395,gycwor1,Aramides cajaneus,Grey-cowled Wood Rail,Jacob Wijpkema,5.0,-13.014,-64.6791,data/BirdClef/train_audio/gycwor1/XC1012395.ogg,query_clean
XC843813,gycwor1,Aramides cajaneus,Grey-cowled Wood Rail,Mateus Gonçalves Santos,5.0,-8.6971,-35.8551,data/BirdClef/train_audio/gycwor1/XC843813.ogg,query_clean
XC216181,gycwor1,Aramides cajaneus,Grey-cowled Wood Rail,Kassius Santos,5.0,-20.2529,-46.3905,data/BirdClef/train_audio/gycwor1/XC216181.ogg,query_clean
XC352281,gycwor1,Aramides cajaneus,Grey-cowled Wood Rail,Odirlei Vieira da Fonseca,5.0,-22.5939,-43.4347,data/BirdClef/train_audio/gycwor1/XC352281.ogg,query_clean
XC335167,gycwor1,Aramides cajaneus,Grey-cowled Wood Rail,Alejandro Pinto-Gómez,5.0,6.0462,-74.282,data/BirdClef/train_audio/gycwor1/XC335167.ogg,query_clean
XC197443,gycwor1,Aramides cajaneus,Grey-cowled Wood Rail,Joe Klaiber,5.0,5.9373,-67.2649,data/BirdClef/train_audio/gycwor1/XC197443.ogg,query_clean
XC254120,compau,Nyctidromus albicollis,Pauraque,Joe Klaiber,5.0,7.5637,-69.4968,data/BirdClef/train_audio/compau/XC254120.ogg,query_clean
XC225326,compau,Nyctidromus albicollis,Pauraque,Joe Klaiber,5.0,7.5637,-69.4968,data/BirdClef/train_audio/compau/XC225326.ogg,query_clean
XC236447,compau,Nyctidromus albicollis,Pauraque,Odirlei Vieira da Fonseca,5.0,-22.5939,-43.4347,data/BirdClef/train_audio/compau/XC236447.ogg,query_clean
XC311012,compau,Nyctidromus albicollis,Pauraque,Nery Chanquin,5.0,14.6778,-90.5048,data/BirdClef/train_audio/compau/XC311012.ogg,query_clean
XC285306,compau,Nyctidromus albicollis,Pauraque,Paul Marvin,5.0,26.1762,-98.3862,data/BirdClef/train_audio/compau/XC285306.ogg,query_clean
XC592920,compau,Nyctidromus albicollis,Pauraque,Marcelo da Rocha,5.0,-25.5163,-54.5854,data/BirdClef/train_audio/compau/XC592920.ogg,query_clean
XC221567,compau,Nyctidromus albicollis,Pauraque,Joe Klaiber,5.0,7.5637,-69.4968,data/BirdClef/train_audio/compau/XC221567.ogg,query_clean
XC630102,compau,Nyctidromus albicollis,Pauraque,Ana Carla Aquino,5.0,-23.4948,-48.4138,data/BirdClef/train_audio/compau/XC630102.ogg,query_clean
XC427477,compau,Nyctidromus albicollis,Pauraque,Caio Brito,5.0,-3.7185,-48.2912,data/BirdClef/train_audio/compau/XC427477.ogg,query_clean
XC943093,compau,Nyctidromus albicollis,Pauraque,Carlos Delgado JUMABITA,5.0,6.0529,-74.6646,data/BirdClef/train_audio/compau/XC943093.ogg,query_clean
XC433820,barant1,Thamnophilus doliatus,Barred Antshrike,Marcelo Jordani Feliti,5.0,-22.2493,-49.9663,data/BirdClef/train_audio/barant1/XC433820.ogg,query_clean
XC459559,barant1,Thamnophilus doliatus,Barred Antshrike,Marcelo Jordani Feliti,5.0,-22.2728,-48.1249,data/BirdClef/train_audio/barant1/XC459559.ogg,query_clean
XC732448,barant1,Thamnophilus doliatus,Barred Antshrike,Jacob Wijpkema,5.0,-20.8978,-62.2652,data/BirdClef/train_audio/barant1/XC732448.ogg,query_clean
XC716450,barant1,Thamnophilus doliatus,Barred Antshrike,Hernán Arias,5.0,4.402,-75.0191,data/BirdClef/train_audio/barant1/XC716450.ogg,query_clean
XC354908,barant1,Thamnophilus doliatus,Barred Antshrike,GABRIEL LEITE,5.0,2.8526,-60.6349,data/BirdClef/train_audio/barant1/XC354908.ogg,query_clean
XC428067,barant1,Thamnophilus doliatus,Barred Antshrike,Caio Brito,5.0,-6.465,-36.0277,data/BirdClef/train_audio/barant1/XC428067.ogg,query_clean
XC685458,barant1,Thamnophilus doliatus,Barred Antshrike,Jacob Wijpkema,5.0,-10.5542,-67.4648,data/BirdClef/train_audio/barant1/XC685458.ogg,query_clean
XC676256,barant1,Thamnophilus doliatus,Barred Antshrike,Jacob Wijpkema,5.0,-10.2458,-65.3465,data/BirdClef/train_audio/barant1/XC676256.ogg,query_clean
XC443189,barant1,Thamnophilus doliatus,Barred Antshrike,Rosendo Fraga,5.0,-14.6386,-66.2843,data/BirdClef/train_audio/barant1/XC443189.ogg,query_clean
XC752776,barant1,Thamnophilus doliatus,Barred Antshrike,GABRIEL LEITE,5.0,-14.4213,-40.2818,data/BirdClef/train_audio/barant1/XC752776.ogg,query_clean
XC695270,pirfly1,Legatus leucophaius,Piratic Flycatcher,Niels Krabbe,5.0,-24.6964,-65.3721,data/BirdClef/train_audio/pirfly1/XC695270.ogg,query_clean
XC199153,pirfly1,Legatus leucophaius,Piratic Flycatcher,Gabriel Rosa,5.0,-23.445,-51.253,data/BirdClef/train_audio/pirfly1/XC199153.ogg,query_clean
XC575453,pirfly1,Legatus leucophaius,Piratic Flycatcher,Odirlei Vieira da Fonseca,5.0,-22.5939,-43.4347,data/BirdClef/train_audio/pirfly1/XC575453.ogg,query_clean
XC199221,pirfly1,Legatus leucophaius,Piratic Flycatcher,Gabriel Rosa,5.0,-23.4673,-51.0356,data/BirdClef/train_audio/pirfly1/XC199221.ogg,query_clean
XC1050422,pirfly1,Legatus leucophaius,Piratic Flycatcher,Mateus Gonçalves Santos,5.0,-14.7317,-40.2128,data/BirdClef/train_audio/pirfly1/XC1050422.ogg,query_clean
XC249521,pirfly1,Legatus leucophaius,Piratic Flycatcher,Niels Krabbe,5.0,-1.525,-77.761,data/BirdClef/train_audio/pirfly1/XC249521.ogg,query_clean
XC249067,pirfly1,Legatus leucophaius,Piratic Flycatcher,Niels Krabbe,5.0,-0.641,-76.461,data/BirdClef/train_audio/pirfly1/XC249067.ogg,query_clean
XC249418,pirfly1,Legatus leucophaius,Piratic Flycatcher,Niels Krabbe,5.0,-0.915,-77.84,data/BirdClef/train_audio/pirfly1/XC249418.ogg,query_clean
XC249520,pirfly1,Legatus leucophaius,Piratic Flycatcher,Niels Krabbe,5.0,-1.525,-77.761,data/BirdClef/train_audio/pirfly1/XC249520.ogg,query_clean
XC764117,pirfly1,Legatus leucophaius,Piratic Flycatcher,Guilherme de Melo Becher,5.0,-6.7396,-76.354,data/BirdClef/train_audio/pirfly1/XC764117.ogg,query_clean
XC174648,linwoo1,Dryocopus lineatus,Lineated Woodpecker,Douglas Meyer,5.0,-27.7818,-51.1108,data/BirdClef/train_audio/linwoo1/XC174648.ogg,query_clean
XC550450,linwoo1,Dryocopus lineatus,Lineated Woodpecker,Bernabe Lopez-Lanus,5.0,-26.5723,-53.8018,data/BirdClef/train_audio/linwoo1/XC550450.ogg,query_clean
XC550448,linwoo1,Dryocopus lineatus,Lineated Woodpecker,Bernabe Lopez-Lanus,5.0,-26.5723,-53.8018,data/BirdClef/train_audio/linwoo1/XC550448.ogg,query_clean
XC379497,linwoo1,Dryocopus lineatus,Lineated Woodpecker,Alberto Madroño,5.0,-24.1367,-55.5229,data/BirdClef/train_audio/linwoo1/XC379497.ogg,query_clean
XC732161,linwoo1,Dryocopus lineatus,Lineated Woodpecker,Jacob Wijpkema,5.0,-19.6078,-63.6033,data/BirdClef/train_audio/linwoo1/XC732161.ogg,query_clean
XC261880,linwoo1,Dryocopus lineatus,Lineated Woodpecker,Olaf Jahn,5.0,0.883,-78.8,data/BirdClef/train_audio/linwoo1/XC261880.ogg,query_clean
XC250796,linwoo1,Dryocopus lineatus,Lineated Woodpecker,Niels Krabbe,5.0,-0.817,-77.533,data/BirdClef/train_audio/linwoo1/XC250796.ogg,query_clean
XC542823,linwoo1,Dryocopus lineatus,Lineated Woodpecker,Fabrice Schmitt,5.0,-7.3984,-76.2996,data/BirdClef/train_audio/linwoo1/XC542823.ogg,query_clean
XC688346,linwoo1,Dryocopus lineatus,Lineated Woodpecker,Andres Felipe Espinosa,5.0,4.4734,-75.2198,data/BirdClef/train_audio/linwoo1/XC688346.ogg,query_clean
XC197473,linwoo1,Dryocopus lineatus,Lineated Woodpecker,Joe Klaiber,5.0,8.8211,-70.5013,data/BirdClef/train_audio/linwoo1/XC197473.ogg,query_clean
XC238416,whtdov,Leptotila verreauxi,White-tipped Dove,Niels Krabbe,5.0,-4.342,-79.771,data/BirdClef/train_audio/whtdov/XC238416.ogg,query_clean
XC235857,whtdov,Leptotila verreauxi,White-tipped Dove,Niels Krabbe,5.0,11.1009,-74.072,data/BirdClef/train_audio/whtdov/XC235857.ogg,query_clean
XC238417,whtdov,Leptotila verreauxi,White-tipped Dove,Niels Krabbe,5.0,-1.951,-80.552,data/BirdClef/train_audio/whtdov/XC238417.ogg,query_clean
XC294701,whtdov,Leptotila verreauxi,White-tipped Dove,Douglas Meyer,5.0,-26.7166,-49.4856,data/BirdClef/train_audio/whtdov/XC294701.ogg,query_clean
XC388552,whtdov,Leptotila verreauxi,White-tipped Dove,Marcelo Jordani Feliti,5.0,-23.2265,-47.9549,data/BirdClef/train_audio/whtdov/XC388552.ogg,query_clean
XC538235,whtdov,Leptotila verreauxi,White-tipped Dove,Yoann Blanchon,5.0,8.6372,-79.9003,data/BirdClef/train_audio/whtdov/XC538235.ogg,query_clean
XC716476,whtdov,Leptotila verreauxi,White-tipped Dove,Hernán Arias,5.0,4.402,-75.0191,data/BirdClef/train_audio/whtdov/XC716476.ogg,query_clean
XC147509,whtdov,Leptotila verreauxi,White-tipped Dove,Paul Marvin,5.0,26.1762,-98.3862,data/BirdClef/train_audio/whtdov/XC147509.ogg,query_clean
XC277692,whtdov,Leptotila verreauxi,White-tipped Dove,Paul Marvin,5.0,26.2159,-97.3406,data/BirdClef/train_audio/whtdov/XC277692.ogg,query_clean
XC833664,whtdov,Leptotila verreauxi,White-tipped Dove,Marcelo O. Barbosa,5.0,-10.212,-48.1506,data/BirdClef/train_audio/whtdov/XC833664.ogg,query_clean
XC469159,bobfly1,Megarynchus pitangua,Boat-billed Flycatcher,GABRIEL LEITE,5.0,-6.0934,-50.2276,data/BirdClef/train_audio/bobfly1/XC469159.ogg,query_clean
XC578500,bobfly1,Megarynchus pitangua,Boat-billed Flycatcher,Ciro Albano,5.0,-12.6112,-41.3758,data/BirdClef/train_audio/bobfly1/XC578500.ogg,query_clean
XC545844,bobfly1,Megarynchus pitangua,Boat-billed Flycatcher,Ciro Albano,5.0,-15.3851,-39.5709,data/BirdClef/train_audio/bobfly1/XC545844.ogg,query_clean
XC427567,bobfly1,Megarynchus pitangua,Boat-billed Flycatcher,Caio Brito,5.0,-4.1462,-41.7012,data/BirdClef/train_audio/bobfly1/XC427567.ogg,query_clean
XC583946,bobfly1,Megarynchus pitangua,Boat-billed Flycatcher,Ciro Albano,5.0,-12.5834,-41.3667,data/BirdClef/train_audio/bobfly1/XC583946.ogg,query_clean
XC235872,bobfly1,Megarynchus pitangua,Boat-billed Flycatcher,Niels Krabbe,5.0,11.1009,-74.072,data/BirdClef/train_audio/bobfly1/XC235872.ogg,query_clean
XC427566,bobfly1,Megarynchus pitangua,Boat-billed Flycatcher,Caio Brito,5.0,-3.9797,-38.6871,data/BirdClef/train_audio/bobfly1/XC427566.ogg,query_clean
XC356904,bobfly1,Megarynchus pitangua,Boat-billed Flycatcher,Kent Livezey,5.0,8.939,-78.465,data/BirdClef/train_audio/bobfly1/XC356904.ogg,query_clean
XC841763,bobfly1,Megarynchus pitangua,Boat-billed Flycatcher,Niels Krabbe,5.0,-0.0839,-80.1521,data/BirdClef/train_audio/bobfly1/XC841763.ogg,query_clean
XC666481,bobfly1,Megarynchus pitangua,Boat-billed Flycatcher,Odirlei Vieira da Fonseca,5.0,-22.5762,-43.4762,data/BirdClef/train_audio/bobfly1/XC666481.ogg,query_clean
XC944466,trokin,Tyrannus melancholicus,Tropical Kingbird,Carlos Delgado JUMABITA,5.0,6.4606,-75.3016,data/BirdClef/train_audio/trokin/XC944466.ogg,query_clean
XC556661,trokin,Tyrannus melancholicus,Tropical Kingbird,Caio Brito,5.0,-24.2601,-48.4073,data/BirdClef/train_audio/trokin/XC556661.ogg,query_clean
XC131763,trokin,Tyrannus melancholicus,Tropical Kingbird,Oscar Humberto Marin-Gomez,5.0,7.055,-75.4482,data/BirdClef/train_audio/trokin/XC131763.ogg,query_clean
XC282322,trokin,Tyrannus melancholicus,Tropical Kingbird,Paul Marvin,5.0,31.613,-111.0394,data/BirdClef/train_audio/trokin/XC282322.ogg,query_clean
XC287873,trokin,Tyrannus melancholicus,Tropical Kingbird,J.R. Rigby,5.0,30.3332,-89.3872,data/BirdClef/train_audio/trokin/XC287873.ogg,query_clean
XC944467,trokin,Tyrannus melancholicus,Tropical Kingbird,Carlos Delgado JUMABITA,5.0,6.4606,-75.3016,data/BirdClef/train_audio/trokin/XC944467.ogg,query_clean
XC690960,trokin,Tyrannus melancholicus,Tropical Kingbird,Jules Evens,5.0,20.3091,-103.2395,data/BirdClef/train_audio/trokin/XC690960.ogg,query_clean
XC960832,trokin,Tyrannus melancholicus,Tropical Kingbird,Alejandra Moreno Rojas ,5.0,4.4476,-72.6517,data/BirdClef/train_audio/trokin/XC960832.ogg,query_clean
XC490064,trokin,Tyrannus melancholicus,Tropical Kingbird,GABRIEL LEITE,5.0,8.5194,-83.4071,data/BirdClef/train_audio/trokin/XC490064.ogg,query_clean
XC282345,trokin,Tyrannus melancholicus,Tropical Kingbird,Paul Marvin,5.0,31.613,-111.0394,data/BirdClef/train_audio/trokin/XC282345.ogg,query_clean
XC144993,baffal1,Micrastur ruficollis,Barred Forest-Falcon,Antonio Silveira,4.0,-29.2702,-50.8447,data/BirdClef/train_audio/baffal1/XC144993.ogg,calibration
XC878594,baffal1,Micrastur ruficollis,Barred Forest-Falcon,Franco Vushurovich,4.0,-26.519,-53.9887,data/BirdClef/train_audio/baffal1/XC878594.ogg,calibration
XC476196,baffal1,Micrastur ruficollis,Barred Forest-Falcon,Hugo Caverzasi,3.0,-25.8667,-54.1667,data/BirdClef/train_audio/baffal1/XC476196.ogg,calibration
XC476195,baffal1,Micrastur ruficollis,Barred Forest-Falcon,Hugo Caverzasi,3.0,-25.8667,-54.1667,data/BirdClef/train_audio/baffal1/XC476195.ogg,calibration
XC6905,baffal1,Micrastur ruficollis,Barred Forest-Falcon,Nick Athanas,5.0,-24.2759,-48.4181,data/BirdClef/train_audio/baffal1/XC6905.ogg,calibration
XC114878,baffal1,Micrastur ruficollis,Barred Forest-Falcon,Robson Silva e Silva,4.0,-24.2667,-48.4167,data/BirdClef/train_audio/baffal1/XC114878.ogg,calibration
XC146414,baffal1,Micrastur ruficollis,Barred Forest-Falcon,Antonio Silveira,3.0,-22.898,-45.994,data/BirdClef/train_audio/baffal1/XC146414.ogg,calibration
XC1009881,baffal1,Micrastur ruficollis,Barred Forest-Falcon,Alex S. Rosa,4.5,-22.7167,-45.6001,data/BirdClef/train_audio/baffal1/XC1009881.ogg,calibration
XC389176,baffal1,Micrastur ruficollis,Barred Forest-Falcon,Lari Boesing,3.0,-21.7953,-46.679,data/BirdClef/train_audio/baffal1/XC389176.ogg,calibration
XC602655,baffal1,Micrastur ruficollis,Barred Forest-Falcon,Gustavo Henrique Silveira,4.0,-14.6675,-40.1429,data/BirdClef/train_audio/baffal1/XC602655.ogg,calibration
XC203198,baffal1,Micrastur ruficollis,Barred Forest-Falcon,Micah Riegner,4.0,-12.5777,-71.2597,data/BirdClef/train_audio/baffal1/XC203198.ogg,calibration
XC187163,baffal1,Micrastur ruficollis,Barred Forest-Falcon,Marcelo de O. Barbosa,4.0,-10.3046,-48.1371,data/BirdClef/train_audio/baffal1/XC187163.ogg,calibration
XC378955,baffal1,Micrastur ruficollis,Barred Forest-Falcon,Edson Guilherme,4.0,-10.0637,-67.6262,data/BirdClef/train_audio/baffal1/XC378955.ogg,calibration
XC393342,baffal1,Micrastur ruficollis,Barred Forest-Falcon,Phil Stouffer,4.0,-2.4042,-59.8673,data/BirdClef/train_audio/baffal1/XC393342.ogg,calibration
XC276188,baffal1,Micrastur ruficollis,Barred Forest-Falcon,Jonas Nilsson,5.0,-0.017,-78.685,data/BirdClef/train_audio/baffal1/XC276188.ogg,calibration
XC8087,baffal1,Micrastur ruficollis,Barred Forest-Falcon,Nick Athanas,4.0,0.01,-78.6776,data/BirdClef/train_audio/baffal1/XC8087.ogg,calibration
XC8085,baffal1,Micrastur ruficollis,Barred Forest-Falcon,Nick Athanas,5.0,0.1431,-79.1334,data/BirdClef/train_audio/baffal1/XC8085.ogg,calibration
XC8084,baffal1,Micrastur ruficollis,Barred Forest-Falcon,Nick Athanas,5.0,0.1431,-79.1334,data/BirdClef/train_audio/baffal1/XC8084.ogg,calibration
XC535617,baffal1,Micrastur ruficollis,Barred Forest-Falcon,Julio Delgado,3.0,1.0834,-77.8834,data/BirdClef/train_audio/baffal1/XC535617.ogg,calibration
XC114325,baffal1,Micrastur ruficollis,Barred Forest-Falcon,Anthony Crease,4.0,4.5472,-61.5911,data/BirdClef/train_audio/baffal1/XC114325.ogg,calibration
XC166394,baffal1,Micrastur ruficollis,Barred Forest-Falcon,Mike Nelson,4.0,8.7834,-82.9501,data/BirdClef/train_audio/baffal1/XC166394.ogg,calibration
XC166393,baffal1,Micrastur ruficollis,Barred Forest-Falcon,Mike Nelson,4.0,8.7834,-82.9501,data/BirdClef/train_audio/baffal1/XC166393.ogg,calibration
XC394838,baffal1,Micrastur ruficollis,Barred Forest-Falcon,Oscar Ramírez Alán,4.0,10.1619,-83.9413,data/BirdClef/train_audio/baffal1/XC394838.ogg,calibration
XC43540,baffal1,Micrastur ruficollis,Barred Forest-Falcon,Myornis,3.0,11.1009,-74.072,data/BirdClef/train_audio/baffal1/XC43540.ogg,calibration
XC966230,baffal1,Micrastur ruficollis,Barred Forest-Falcon,Scott Crabtree,4.0,11.1041,-74.0695,data/BirdClef/train_audio/baffal1/XC966230.ogg,calibration
XC31742,baffal1,Micrastur ruficollis,Barred Forest-Falcon,Nick Athanas,5.0,18.5231,-95.1437,data/BirdClef/train_audio/baffal1/XC31742.ogg,calibration
XC287776,banana,Coereba flaveola,Bananaquit,Miguel Angel Torres,4.0,10.1479,-68.9014,data/BirdClef/train_audio/banana/XC287776.ogg,calibration
XC58866,banana,Coereba flaveola,Bananaquit,Myornis,3.0,-12.076,-77.038,data/BirdClef/train_audio/banana/XC58866.ogg,calibration
XC626037,banana,Coereba flaveola,Bananaquit,Ma. Cristina Ríos,4.0,-3.7603,-78.6443,data/BirdClef/train_audio/banana/XC626037.ogg,calibration
XC112602,banana,Coereba flaveola,Bananaquit,Adrian Eisen Rupp,5.0,-12.8659,-71.367,data/BirdClef/train_audio/banana/XC112602.ogg,calibration
XC495669,banana,Coereba flaveola,Bananaquit,David Darrell-Lambert,4.0,13.1593,-59.6337,data/BirdClef/train_audio/banana/XC495669.ogg,calibration
XC814348,banana,Coereba flaveola,Bananaquit,Franco Vushurovich,4.5,-25.6246,-54.5459,data/BirdClef/train_audio/banana/XC814348.ogg,calibration
XC603264,banana,Coereba flaveola,Bananaquit,Daniel Hinckley,5.0,-24.3701,-47.0226,data/BirdClef/train_audio/banana/XC603264.ogg,calibration
XC149227,banana,Coereba flaveola,Bananaquit,Antonio Silveira,4.0,-23.565,-46.728,data/BirdClef/train_audio/banana/XC149227.ogg,calibration
XC403852,banana,Coereba flaveola,Bananaquit,Myornis,4.0,5.6271,-77.4042,data/BirdClef/train_audio/banana/XC403852.ogg,calibration
XC275597,banana,Coereba flaveola,Bananaquit,Patricio Mena Valenzuela,5.0,0.75,-78.917,data/BirdClef/train_audio/banana/XC275597.ogg,calibration
XC261114,banana,Coereba flaveola,Bananaquit,Mitch Lysinger,5.0,-0.105,-77.584,data/BirdClef/train_audio/banana/XC261114.ogg,calibration
XC154742,banana,Coereba flaveola,Bananaquit,Ted Floyd,5.0,18.4774,-64.577,data/BirdClef/train_audio/banana/XC154742.ogg,calibration
XC929746,banana,Coereba flaveola,Bananaquit,Franco Vushurovich,5.0,-25.677,-54.4488,data/BirdClef/train_audio/banana/XC929746.ogg,calibration
XC798995,banana,Coereba flaveola,Bananaquit,Daniel Hinckley,5.0,-24.366,-47.0122,data/BirdClef/train_audio/banana/XC798995.ogg,calibration
XC46763,banana,Coereba flaveola,Bananaquit,Mike Nelson,4.0,9.1667,-79.4001,data/BirdClef/train_audio/banana/XC46763.ogg,calibration
XC58868,banana,Coereba flaveola,Bananaquit,Myornis,3.0,-12.076,-77.038,data/BirdClef/train_audio/banana/XC58868.ogg,calibration
XC180504,banana,Coereba flaveola,Bananaquit,Mike Nelson,4.0,-6.4867,-79.7523,data/BirdClef/train_audio/banana/XC180504.ogg,calibration
XC495668,banana,Coereba flaveola,Bananaquit,David Darrell-Lambert,4.0,13.159,-59.6373,data/BirdClef/train_audio/banana/XC495668.ogg,calibration
XC529499,banana,Coereba flaveola,Bananaquit,Daniel Cadena (Colección de Sonidos Ambientales - Instituto Humboldt),4.0,6.5289,-75.2656,data/BirdClef/train_audio/banana/XC529499.ogg,calibration
XC59515,banana,Coereba flaveola,Bananaquit,Mike Nelson,4.0,8.9378,-79.5528,data/BirdClef/train_audio/banana/XC59515.ogg,calibration
XC151364,banana,Coereba flaveola,Bananaquit,Antonio Silveira,5.0,-15.355,-38.982,data/BirdClef/train_audio/banana/XC151364.ogg,calibration
XC1016729,banana,Coereba flaveola,Bananaquit,Stephan Risch,4.0,8.3916,-83.1313,data/BirdClef/train_audio/banana/XC1016729.ogg,calibration
XC944744,banana,Coereba flaveola,Bananaquit,Johan Chaves,5.0,9.4939,-84.048,data/BirdClef/train_audio/banana/XC944744.ogg,calibration
XC177791,banana,Coereba flaveola,Bananaquit,Antonio Silveira,5.0,-23.639,-46.619,data/BirdClef/train_audio/banana/XC177791.ogg,calibration
XC430070,barant1,Thamnophilus doliatus,Barred Antshrike,Fernando Cabral,3.0,-25.7315,-54.5412,data/BirdClef/train_audio/barant1/XC430070.ogg,calibration
XC139971,barant1,Thamnophilus doliatus,Barred Antshrike,Fernando Cabral,4.0,-25.6823,-54.4543,data/BirdClef/train_audio/barant1/XC139971.ogg,calibration
XC811143,barant1,Thamnophilus doliatus,Barred Antshrike,Franco Vushurovich,4.5,-25.5963,-54.5898,data/BirdClef/train_audio/barant1/XC811143.ogg,calibration
XC414684,barant1,Thamnophilus doliatus,Barred Antshrike,Franco Vushurovich,4.5,-25.0719,-58.141,data/BirdClef/train_audio/barant1/XC414684.ogg,calibration
XC389462,barant1,Thamnophilus doliatus,Barred Antshrike,Lari Boesing,3.0,-23.0746,-46.2311,data/BirdClef/train_audio/barant1/XC389462.ogg,calibration
XC616375,barant1,Thamnophilus doliatus,Barred Antshrike,Marcelo J Feliti,5.0,-22.28,-48.1256,data/BirdClef/train_audio/barant1/XC616375.ogg,calibration
XC389172,barant1,Thamnophilus doliatus,Barred Antshrike,Lari Boesing,4.0,-21.7953,-46.679,data/BirdClef/train_audio/barant1/XC389172.ogg,calibration
XC389124,barant1,Thamnophilus doliatus,Barred Antshrike,Lari Boesing,3.0,-21.4151,-46.6964,data/BirdClef/train_audio/barant1/XC389124.ogg,calibration
XC181687,barant1,Thamnophilus doliatus,Barred Antshrike,Antonio Silveira,3.0,-20.216,-56.494,data/BirdClef/train_audio/barant1/XC181687.ogg,calibration
XC180931,barant1,Thamnophilus doliatus,Barred Antshrike,Mike Nelson,4.0,-6.7281,-76.4181,data/BirdClef/train_audio/barant1/XC180931.ogg,calibration
XC180996,barant1,Thamnophilus doliatus,Barred Antshrike,Mike Nelson,4.0,-6.7072,-76.2875,data/BirdClef/train_audio/barant1/XC180996.ogg,calibration
XC786319,barant1,Thamnophilus doliatus,Barred Antshrike,Guilherme Melo,4.0,-6.6311,-35.9071,data/BirdClef/train_audio/barant1/XC786319.ogg,calibration
XC786310,barant1,Thamnophilus doliatus,Barred Antshrike,Guilherme Melo,3.0,-6.6311,-35.9071,data/BirdClef/train_audio/barant1/XC786310.ogg,calibration
XC212844,barant1,Thamnophilus doliatus,Barred Antshrike,Alex Lees,4.0,-5.4303,-35.3214,data/BirdClef/train_audio/barant1/XC212844.ogg,calibration
XC34532,barant1,Thamnophilus doliatus,Barred Antshrike,Nick Athanas,3.5,-3.2231,-59.8664,data/BirdClef/train_audio/barant1/XC34532.ogg,calibration
XC166226,barant1,Thamnophilus doliatus,Barred Antshrike,Mike Nelson,4.0,10.1434,-85.0428,data/BirdClef/train_audio/barant1/XC166226.ogg,calibration
XC284604,barant1,Thamnophilus doliatus,Barred Antshrike,Miguel Angel Torres,3.0,10.1479,-68.9014,data/BirdClef/train_audio/barant1/XC284604.ogg,calibration
XC8223,barant1,Thamnophilus doliatus,Barred Antshrike,Nick Athanas,3.5,10.6001,-62.5334,data/BirdClef/train_audio/barant1/XC8223.ogg,calibration
XC125527,barant1,Thamnophilus doliatus,Barred Antshrike,Mike Nelson,3.0,17.2273,-89.6081,data/BirdClef/train_audio/barant1/XC125527.ogg,calibration
XC112528,barant1,Thamnophilus doliatus,Barred Antshrike,Kashmir Wolf,4.0,18.5727,-95.7596,data/BirdClef/train_audio/barant1/XC112528.ogg,calibration
XC112605,barant1,Thamnophilus doliatus,Barred Antshrike,Kashmir Wolf,3.0,18.6569,-95.7794,data/BirdClef/train_audio/barant1/XC112605.ogg,calibration
XC441485,barant1,Thamnophilus doliatus,Barred Antshrike,Esau Toaki Villarreal ,5.0,21.153,-90.0955,data/BirdClef/train_audio/barant1/XC441485.ogg,calibration
XC377637,bobfly1,Megarynchus pitangua,Boat-billed Flycatcher,Robson Silva e Silva,4.0,0.9242,-51.2155,data/BirdClef/train_audio/bobfly1/XC377637.ogg,calibration
XC46785,bobfly1,Megarynchus pitangua,Boat-billed Flycatcher,Mike Nelson,3.0,9.1667,-79.4001,data/BirdClef/train_audio/bobfly1/XC46785.ogg,calibration
XC581963,bobfly1,Megarynchus pitangua,Boat-billed Flycatcher,Franco Vushurovich,5.0,-25.8667,-54.1667,data/BirdClef/train_audio/bobfly1/XC581963.ogg,calibration
XC1044388,bobfly1,Megarynchus pitangua,Boat-billed Flycatcher,Robson Silva e Silva,5.0,-19.106,-46.8291,data/BirdClef/train_audio/bobfly1/XC1044388.ogg,calibration
XC169329,bobfly1,Megarynchus pitangua,Boat-billed Flycatcher,Oscar Ramírez Alán,5.0,10.0451,-84.1519,data/BirdClef/train_audio/bobfly1/XC169329.ogg,calibration
XC937629,bobfly1,Megarynchus pitangua,Boat-billed Flycatcher,Cristian Pinto Fernandez,5.0,-33.0416,-71.4555,data/BirdClef/train_audio/bobfly1/XC937629.ogg,calibration
XC147931,bobfly1,Megarynchus pitangua,Boat-billed Flycatcher,Michel Giraud-Audine,5.0,5.0169,-52.6376,data/BirdClef/train_audio/bobfly1/XC147931.ogg,calibration
XC34535,bobfly1,Megarynchus pitangua,Boat-billed Flycatcher,Nick Athanas,5.0,-22.5001,-42.7167,data/BirdClef/train_audio/bobfly1/XC34535.ogg,calibration
XC844642,bobfly1,Megarynchus pitangua,Boat-billed Flycatcher,Franco Vushurovich,4.5,-25.5963,-54.5898,data/BirdClef/train_audio/bobfly1/XC844642.ogg,calibration
XC575450,bobfly1,Megarynchus pitangua,Boat-billed Flycatcher,Franco Vushurovich,5.0,-25.8667,-54.1667,data/BirdClef/train_audio/bobfly1/XC575450.ogg,calibration
XC276165,bobfly1,Megarynchus pitangua,Boat-billed Flycatcher,Jonas Nilsson,4.0,0.94,-78.2,data/BirdClef/train_audio/bobfly1/XC276165.ogg,calibration
XC126345,bobfly1,Megarynchus pitangua,Boat-billed Flycatcher,Mike Nelson,4.0,17.2273,-89.6081,data/BirdClef/train_audio/bobfly1/XC126345.ogg,calibration
XC275461,bobfly1,Megarynchus pitangua,Boat-billed Flycatcher,Patricio Mena Valenzuela,5.0,0.883,-78.8,data/BirdClef/train_audio/bobfly1/XC275461.ogg,calibration
XC792852,bobfly1,Megarynchus pitangua,Boat-billed Flycatcher,Franco Vushurovich,4.5,-25.5963,-54.5898,data/BirdClef/train_audio/bobfly1/XC792852.ogg,calibration
XC46788,bobfly1,Megarynchus pitangua,Boat-billed Flycatcher,Mike Nelson,4.0,8.939,-78.465,data/BirdClef/train_audio/bobfly1/XC46788.ogg,calibration
XC165977,bobfly1,Megarynchus pitangua,Boat-billed Flycatcher,Mike Nelson,4.0,9.7751,-84.6167,data/BirdClef/train_audio/bobfly1/XC165977.ogg,calibration
XC6051,bobfly1,Megarynchus pitangua,Boat-billed Flycatcher,Nick Athanas,4.5,-22.5001,-42.7167,data/BirdClef/train_audio/bobfly1/XC6051.ogg,calibration
XC147185,bobfly1,Megarynchus pitangua,Boat-billed Flycatcher,Melvin Bonilla,4.0,14.3842,-89.3843,data/BirdClef/train_audio/bobfly1/XC147185.ogg,calibration
XC126338,bobfly1,Megarynchus pitangua,Boat-billed Flycatcher,Mike Nelson,4.0,17.2226,-89.6237,data/BirdClef/train_audio/bobfly1/XC126338.ogg,calibration
XC657781,bobfly1,Megarynchus pitangua,Boat-billed Flycatcher,Francis Canto Jr,4.0,17.7647,-88.3467,data/BirdClef/train_audio/bobfly1/XC657781.ogg,calibration
XC476201,bobfly1,Megarynchus pitangua,Boat-billed Flycatcher,Hugo Caverzasi,3.0,-25.5985,-54.5476,data/BirdClef/train_audio/bobfly1/XC476201.ogg,calibration
XC616378,bobfly1,Megarynchus pitangua,Boat-billed Flycatcher,Marcelo J Feliti,5.0,-22.28,-48.1256,data/BirdClef/train_audio/bobfly1/XC616378.ogg,calibration
XC403315,coffal1,Micrastur semitorquatus,Collared Forest-Falcon,Nunes,4.0,-16.6869,-49.2648,data/BirdClef/train_audio/coffal1/XC403315.ogg,calibration
XC143919,coffal1,Micrastur semitorquatus,Collared Forest-Falcon,Rodrigo Dela Rosa ,4.0,-23.0401,-46.0328,data/BirdClef/train_audio/coffal1/XC143919.ogg,calibration
XC1043455,coffal1,Micrastur semitorquatus,Collared Forest-Falcon,Robson Silva e Silva,5.0,-19.106,-46.8291,data/BirdClef/train_audio/coffal1/XC1043455.ogg,calibration
XC394839,coffal1,Micrastur semitorquatus,Collared Forest-Falcon,Oscar Ramírez Alán,4.0,9.6382,-82.7968,data/BirdClef/train_audio/coffal1/XC394839.ogg,calibration
XC394837,coffal1,Micrastur semitorquatus,Collared Forest-Falcon,Oscar Ramírez Alán,4.0,10.1831,-83.899,data/BirdClef/train_audio/coffal1/XC394837.ogg,calibration
XC1016511,coffal1,Micrastur semitorquatus,Collared Forest-Falcon,Stephan Risch,5.0,8.3916,-83.1313,data/BirdClef/train_audio/coffal1/XC1016511.ogg,calibration
XC344146,coffal1,Micrastur semitorquatus,Collared Forest-Falcon,Walter Rivera,3.0,13.6862,-89.9777,data/BirdClef/train_audio/coffal1/XC344146.ogg,calibration
XC407338,coffal1,Micrastur semitorquatus,Collared Forest-Falcon,Marcelo Müller,4.0,-19.3481,-43.6189,data/BirdClef/train_audio/coffal1/XC407338.ogg,calibration
XC114364,coffal1,Micrastur semitorquatus,Collared Forest-Falcon,Anthony Crease,3.0,4.6096,-61.3583,data/BirdClef/train_audio/coffal1/XC114364.ogg,calibration
XC175262,coffal1,Micrastur semitorquatus,Collared Forest-Falcon,Oscar Ramírez Alán,4.0,9.6382,-82.7968,data/BirdClef/train_audio/coffal1/XC175262.ogg,calibration
XC144489,coffal1,Micrastur semitorquatus,Collared Forest-Falcon,Antonio Silveira,3.0,-23.786,-46.871,data/BirdClef/train_audio/coffal1/XC144489.ogg,calibration
XC46877,coffal1,Micrastur semitorquatus,Collared Forest-Falcon,Mike Nelson,4.0,9.1223,-79.7501,data/BirdClef/train_audio/coffal1/XC46877.ogg,calibration
XC260357,coffal1,Micrastur semitorquatus,Collared Forest-Falcon,Mitch Lysinger,5.0,-0.589,-77.877,data/BirdClef/train_audio/coffal1/XC260357.ogg,calibration
XC260359,coffal1,Micrastur semitorquatus,Collared Forest-Falcon,Mitch Lysinger,4.0,-0.589,-77.877,data/BirdClef/train_audio/coffal1/XC260359.ogg,calibration
XC260358,coffal1,Micrastur semitorquatus,Collared Forest-Falcon,Mitch Lysinger,5.0,-0.589,-77.877,data/BirdClef/train_audio/coffal1/XC260358.ogg,calibration
XC349043,coffal1,Micrastur semitorquatus,Collared Forest-Falcon,Robson Silva e Silva,3.0,-24.2056,-46.9164,data/BirdClef/train_audio/coffal1/XC349043.ogg,calibration
XC188287,coffal1,Micrastur semitorquatus,Collared Forest-Falcon,William Zaca,3.0,-23.8787,-47.994,data/BirdClef/train_audio/coffal1/XC188287.ogg,calibration
XC792708,coffal1,Micrastur semitorquatus,Collared Forest-Falcon,Franco Vushurovich,5.0,-25.6265,-54.5498,data/BirdClef/train_audio/coffal1/XC792708.ogg,calibration
XC166197,compau,Nyctidromus albicollis,Pauraque,Mike Nelson,4.0,10.709,-85.057,data/BirdClef/train_audio/compau/XC166197.ogg,calibration
XC820752,compau,Nyctidromus albicollis,Pauraque,Andrés Sierra-Ricaurte,4.0,9.565,-75.567,data/BirdClef/train_audio/compau/XC820752.ogg,calibration
XC144472,compau,Nyctidromus albicollis,Pauraque,Antonio Silveira,4.0,-24.193,-46.903,data/BirdClef/train_audio/compau/XC144472.ogg,calibration
XC367592,compau,Nyctidromus albicollis,Pauraque,Esau Toaki Villarreal ,5.0,21.1663,-90.036,data/BirdClef/train_audio/compau/XC367592.ogg,calibration
XC688820,compau,Nyctidromus albicollis,Pauraque,Fernando del Valle,3.0,-0.6713,-77.5994,data/BirdClef/train_audio/compau/XC688820.ogg,calibration
XC46979,compau,Nyctidromus albicollis,Pauraque,Mike Nelson,5.0,8.1506,-77.9997,data/BirdClef/train_audio/compau/XC46979.ogg,calibration
XC126033,compau,Nyctidromus albicollis,Pauraque,Mike Nelson,4.0,17.2273,-89.6081,data/BirdClef/train_audio/compau/XC126033.ogg,calibration
XC146394,compau,Nyctidromus albicollis,Pauraque,Antonio Silveira,4.0,-22.898,-45.994,data/BirdClef/train_audio/compau/XC146394.ogg,calibration
XC124327,compau,Nyctidromus albicollis,Pauraque,Alejo Mendoza,5.0,1.2198,-77.9852,data/BirdClef/train_audio/compau/XC124327.ogg,calibration
XC545393,compau,Nyctidromus albicollis,Pauraque,Johan Chaves,5.0,9.5082,-84.0443,data/BirdClef/train_audio/compau/XC545393.ogg,calibration
XC842569,compau,Nyctidromus albicollis,Pauraque,Carlos Henrique Luz Nunes de Almeida,4.5,-24.2641,-48.4169,data/BirdClef/train_audio/compau/XC842569.ogg,calibration
XC350068,compau,Nyctidromus albicollis,Pauraque,Roland Rumm,5.0,15.5958,-87.0617,data/BirdClef/train_audio/compau/XC350068.ogg,calibration
XC511762,compau,Nyctidromus albicollis,Pauraque,Fernando del Valle,3.0,-15.4448,-55.8257,data/BirdClef/train_audio/compau/XC511762.ogg,calibration
XC198528,compau,Nyctidromus albicollis,Pauraque,Edson Guilherme,3.0,-9.1158,-69.7434,data/BirdClef/train_audio/compau/XC198528.ogg,calibration
XC180489,compau,Nyctidromus albicollis,Pauraque,Oscar Ramírez Alán,4.0,10.4265,-84.0214,data/BirdClef/train_audio/compau/XC180489.ogg,calibration
XC166804,compau,Nyctidromus albicollis,Pauraque,Mike Nelson,4.0,9.7798,-83.8383,data/BirdClef/train_audio/compau/XC166804.ogg,calibration
XC856921,compau,Nyctidromus albicollis,Pauraque,Patricio Mena Valenzuela,4.0,-0.4816,-75.3442,data/BirdClef/train_audio/compau/XC856921.ogg,calibration
XC293708,compau,Nyctidromus albicollis,Pauraque,Guido O. Keijl,3.0,-1.1034,-76.7175,data/BirdClef/train_audio/compau/XC293708.ogg,calibration
XC579560,greant1,Taraba major,Great Antshrike,Franco Vushurovich,4.0,-32.8606,-60.6486,data/BirdClef/train_audio/greant1/XC579560.ogg,calibration
XC572380,greant1,Taraba major,Great Antshrike,Franco Vushurovich,5.0,-32.8606,-60.6486,data/BirdClef/train_audio/greant1/XC572380.ogg,calibration
XC985952,greant1,Taraba major,Great Antshrike,Franco Vushurovich,4.5,-32.8606,-60.6486,data/BirdClef/train_audio/greant1/XC985952.ogg,calibration
XC584177,greant1,Taraba major,Great Antshrike,Franco Vushurovich,4.5,-32.8606,-60.6486,data/BirdClef/train_audio/greant1/XC584177.ogg,calibration
XC831215,greant1,Taraba major,Great Antshrike,Franco Vushurovich,4.5,-32.8606,-60.6486,data/BirdClef/train_audio/greant1/XC831215.ogg,calibration
XC879510,greant1,Taraba major,Great Antshrike,Franco Vushurovich,4.5,-32.8606,-60.6486,data/BirdClef/train_audio/greant1/XC879510.ogg,calibration
XC939816,greant1,Taraba major,Great Antshrike,Franco Vushurovich,4.5,-32.8606,-60.6486,data/BirdClef/train_audio/greant1/XC939816.ogg,calibration
XC709226,greant1,Taraba major,Great Antshrike,Franco Vushurovich,3.0,-32.8606,-60.6486,data/BirdClef/train_audio/greant1/XC709226.ogg,calibration
XC831216,greant1,Taraba major,Great Antshrike,Franco Vushurovich,4.5,-32.8606,-60.6486,data/BirdClef/train_audio/greant1/XC831216.ogg,calibration
XC603805,greant1,Taraba major,Great Antshrike,Franco Vushurovich,5.0,-32.8606,-60.6486,data/BirdClef/train_audio/greant1/XC603805.ogg,calibration
XC540905,greant1,Taraba major,Great Antshrike, Guillermo Treboux,3.0,-31.9682,-59.0725,data/BirdClef/train_audio/greant1/XC540905.ogg,calibration
XC540901,greant1,Taraba major,Great Antshrike, Guillermo Treboux,4.0,-30.8875,-58.4863,data/BirdClef/train_audio/greant1/XC540901.ogg,calibration
XC591408,greant1,Taraba major,Great Antshrike,Franco Vushurovich,4.5,-25.0719,-58.141,data/BirdClef/train_audio/greant1/XC591408.ogg,calibration
XC1044406,greant1,Taraba major,Great Antshrike,Robson Silva e Silva,5.0,-19.106,-46.8291,data/BirdClef/train_audio/greant1/XC1044406.ogg,calibration
XC7123,greant1,Taraba major,Great Antshrike,Nick Athanas,4.0,-12.3992,-70.702,data/BirdClef/train_audio/greant1/XC7123.ogg,calibration
XC180655,greant1,Taraba major,Great Antshrike,Mike Nelson,4.0,-6.7394,-76.2311,data/BirdClef/train_audio/greant1/XC180655.ogg,calibration
XC180932,greant1,Taraba major,Great Antshrike,Mike Nelson,4.0,-6.7281,-76.4181,data/BirdClef/train_audio/greant1/XC180932.ogg,calibration
XC786345,greant1,Taraba major,Great Antshrike,Guilherme Melo,5.0,-6.6311,-35.9071,data/BirdClef/train_audio/greant1/XC786345.ogg,calibration
XC786338,greant1,Taraba major,Great Antshrike,Guilherme Melo,5.0,-6.6311,-35.9071,data/BirdClef/train_audio/greant1/XC786338.ogg,calibration
XC8053,greant1,Taraba major,Great Antshrike,Nick Athanas,4.0,-3.6501,-79.7667,data/BirdClef/train_audio/greant1/XC8053.ogg,calibration
XC276553,greant1,Taraba major,Great Antshrike,Jonas Nilsson,4.0,-1.807,-79.493,data/BirdClef/train_audio/greant1/XC276553.ogg,calibration
XC34831,greant1,Taraba major,Great Antshrike,Nick Athanas,5.0,-0.5889,-79.3626,data/BirdClef/train_audio/greant1/XC34831.ogg,calibration
XC6950,greant1,Taraba major,Great Antshrike,Nick Athanas,3.5,-0.5889,-79.3626,data/BirdClef/train_audio/greant1/XC6950.ogg,calibration
XC275375,greant1,Taraba major,Great Antshrike,Patricio Mena Valenzuela,4.5,0.883,-78.8,data/BirdClef/train_audio/greant1/XC275375.ogg,calibration
XC275374,greant1,Taraba major,Great Antshrike,Patricio Mena Valenzuela,5.0,0.883,-78.8,data/BirdClef/train_audio/greant1/XC275374.ogg,calibration
XC275373,greant1,Taraba major,Great Antshrike,Patricio Mena Valenzuela,5.0,0.883,-78.8,data/BirdClef/train_audio/greant1/XC275373.ogg,calibration
XC985299,greant1,Taraba major,Great Antshrike,João Capurucho,4.0,1.4898,-61.023,data/BirdClef/train_audio/greant1/XC985299.ogg,calibration
XC605709,greant1,Taraba major,Great Antshrike,Julio Delgado,3.0,3.6282,-76.4497,data/BirdClef/train_audio/greant1/XC605709.ogg,calibration
XC60980,greant1,Taraba major,Great Antshrike,Mike Nelson,4.0,8.1506,-77.9997,data/BirdClef/train_audio/greant1/XC60980.ogg,calibration
XC60979,greant1,Taraba major,Great Antshrike,Mike Nelson,4.0,8.1506,-77.9997,data/BirdClef/train_audio/greant1/XC60979.ogg,calibration
XC60978,greant1,Taraba major,Great Antshrike,Mike Nelson,5.0,8.9389,-78.4651,data/BirdClef/train_audio/greant1/XC60978.ogg,calibration
XC364794,greant1,Taraba major,Great Antshrike,Johan Chaves,5.0,9.4939,-84.048,data/BirdClef/train_audio/greant1/XC364794.ogg,calibration
XC998968,greant1,Taraba major,Great Antshrike,Stephan Risch,5.0,9.7164,-82.837,data/BirdClef/train_audio/greant1/XC998968.ogg,calibration
XC998966,greant1,Taraba major,Great Antshrike,Stephan Risch,5.0,9.7164,-82.837,data/BirdClef/train_audio/greant1/XC998966.ogg,calibration
XC964469,greant1,Taraba major,Great Antshrike,Noam Pagany,3.0,15.7647,-87.4568,data/BirdClef/train_audio/greant1/XC964469.ogg,calibration
XC964468,greant1,Taraba major,Great Antshrike,Noam Pagany,3.0,15.7647,-87.4568,data/BirdClef/train_audio/greant1/XC964468.ogg,calibration
XC213843,gycwor1,Aramides cajaneus,Grey-cowled Wood Rail,Pedro Rinaldi,5.0,-31.4244,-57.8705,data/BirdClef/train_audio/gycwor1/XC213843.ogg,calibration
XC252699,gycwor1,Aramides cajaneus,Grey-cowled Wood Rail,Pedro Rinaldi,4.0,-31.352,-57.9785,data/BirdClef/train_audio/gycwor1/XC252699.ogg,calibration
XC336670,gycwor1,Aramides cajaneus,Grey-cowled Wood Rail,Robson Silva e Silva,5.0,-24.1782,-46.7942,data/BirdClef/train_audio/gycwor1/XC336670.ogg,calibration
XC336680,gycwor1,Aramides cajaneus,Grey-cowled Wood Rail,Robson Silva e Silva,5.0,-24.1753,-46.8151,data/BirdClef/train_audio/gycwor1/XC336680.ogg,calibration
XC48498,gycwor1,Aramides cajaneus,Grey-cowled Wood Rail,Mike Nelson,3.0,-23.9309,-64.5014,data/BirdClef/train_audio/gycwor1/XC48498.ogg,calibration
XC165374,gycwor1,Aramides cajaneus,Grey-cowled Wood Rail,Robson Silva e Silva,5.0,-23.895,-46.4253,data/BirdClef/train_audio/gycwor1/XC165374.ogg,calibration
XC144732,gycwor1,Aramides cajaneus,Grey-cowled Wood Rail,Antonio Silveira,4.0,-23.59,-46.66,data/BirdClef/train_audio/gycwor1/XC144732.ogg,calibration
XC177586,gycwor1,Aramides cajaneus,Grey-cowled Wood Rail,Antonio Silveira,3.0,-23.0167,-44.3501,data/BirdClef/train_audio/gycwor1/XC177586.ogg,calibration
XC184566,gycwor1,Aramides cajaneus,Grey-cowled Wood Rail,Antonio Silveira,5.0,-20.216,-56.494,data/BirdClef/train_audio/gycwor1/XC184566.ogg,calibration
XC285288,gycwor1,Aramides cajaneus,Grey-cowled Wood Rail,Fabiano Augusto Assunção Silva,3.0,-19.894,-44.1744,data/BirdClef/train_audio/gycwor1/XC285288.ogg,calibration
XC1044374,gycwor1,Aramides cajaneus,Grey-cowled Wood Rail,Robson Silva e Silva,5.0,-19.106,-46.8291,data/BirdClef/train_audio/gycwor1/XC1044374.ogg,calibration
XC1018661,gycwor1,Aramides cajaneus,Grey-cowled Wood Rail,Robson Silva e Silva,5.0,-19.106,-46.8291,data/BirdClef/train_audio/gycwor1/XC1018661.ogg,calibration
XC510640,gycwor1,Aramides cajaneus,Grey-cowled Wood Rail,Michael Spartaner,4.0,-16.6813,-55.3191,data/BirdClef/train_audio/gycwor1/XC510640.ogg,calibration
XC391195,gycwor1,Aramides cajaneus,Grey-cowled Wood Rail,Edson Guilherme,3.0,-9.955,-67.8639,data/BirdClef/train_audio/gycwor1/XC391195.ogg,calibration
XC1005824,gycwor1,Aramides cajaneus,Grey-cowled Wood Rail,Anderson Felipe,5.0,-5.2754,-43.7831,data/BirdClef/train_audio/gycwor1/XC1005824.ogg,calibration
XC275734,gycwor1,Aramides cajaneus,Grey-cowled Wood Rail,Jonas Nilsson,4.0,-0.875,-77.267,data/BirdClef/train_audio/gycwor1/XC275734.ogg,calibration
XC691628,gycwor1,Aramides cajaneus,Grey-cowled Wood Rail,Juan Amado,3.5,2.9386,-75.2571,data/BirdClef/train_audio/gycwor1/XC691628.ogg,calibration
XC529440,gycwor1,Aramides cajaneus,Grey-cowled Wood Rail,Daniel Cadena (Colección de Sonidos Ambientales - Instituto Humboldt),4.0,4.7167,-75.5833,data/BirdClef/train_audio/gycwor1/XC529440.ogg,calibration
XC702440,gycwor1,Aramides cajaneus,Grey-cowled Wood Rail,Cika Cook,4.0,9.3923,-84.137,data/BirdClef/train_audio/gycwor1/XC702440.ogg,calibration
XC8226,gycwor1,Aramides cajaneus,Grey-cowled Wood Rail,Nick Athanas,5.0,10.5178,-63.1173,data/BirdClef/train_audio/gycwor1/XC8226.ogg,calibration
XC475559,linwoo1,Dryocopus lineatus,Lineated Woodpecker,Franco Vushurovich,4.5,-26.519,-53.9887,data/BirdClef/train_audio/linwoo1/XC475559.ogg,calibration
XC646672,linwoo1,Dryocopus lineatus,Lineated Woodpecker,Franco Vushurovich,3.5,-26.519,-53.9887,data/BirdClef/train_audio/linwoo1/XC646672.ogg,calibration
XC1018872,linwoo1,Dryocopus lineatus,Lineated Woodpecker,Robson Silva e Silva,5.0,-19.106,-46.8291,data/BirdClef/train_audio/linwoo1/XC1018872.ogg,calibration
XC200175,linwoo1,Dryocopus lineatus,Lineated Woodpecker,Niels Poul Dreyer,5.0,-15.3851,-39.5709,data/BirdClef/train_audio/linwoo1/XC200175.ogg,calibration
XC144467,linwoo1,Dryocopus lineatus,Lineated Woodpecker,Antonio Silveira,4.0,-15.355,-38.982,data/BirdClef/train_audio/linwoo1/XC144467.ogg,calibration
XC379410,linwoo1,Dryocopus lineatus,Lineated Woodpecker,Edson Guilherme,5.0,-10.0637,-67.6262,data/BirdClef/train_audio/linwoo1/XC379410.ogg,calibration
XC180670,linwoo1,Dryocopus lineatus,Lineated Woodpecker,Mike Nelson,4.0,-6.7394,-76.2311,data/BirdClef/train_audio/linwoo1/XC180670.ogg,calibration
XC394445,linwoo1,Dryocopus lineatus,Lineated Woodpecker,Phil Stouffer,5.0,-2.4042,-59.8673,data/BirdClef/train_audio/linwoo1/XC394445.ogg,calibration
XC394444,linwoo1,Dryocopus lineatus,Lineated Woodpecker,Phil Stouffer,5.0,-2.4042,-59.8673,data/BirdClef/train_audio/linwoo1/XC394444.ogg,calibration
XC260614,linwoo1,Dryocopus lineatus,Lineated Woodpecker,Mitch Lysinger,5.0,-0.917,-77.8,data/BirdClef/train_audio/linwoo1/XC260614.ogg,calibration
XC275322,linwoo1,Dryocopus lineatus,Lineated Woodpecker,Patricio Mena Valenzuela,5.0,0.75,-78.917,data/BirdClef/train_audio/linwoo1/XC275322.ogg,calibration
XC275321,linwoo1,Dryocopus lineatus,Lineated Woodpecker,Patricio Mena Valenzuela,5.0,0.783,-78.933,data/BirdClef/train_audio/linwoo1/XC275321.ogg,calibration
XC275323,linwoo1,Dryocopus lineatus,Lineated Woodpecker,Patricio Mena Valenzuela,5.0,0.883,-78.8,data/BirdClef/train_audio/linwoo1/XC275323.ogg,calibration
XC471130,linwoo1,Dryocopus lineatus,Lineated Woodpecker,Patricio Mena Valenzuela,3.0,0.898,-79.605,data/BirdClef/train_audio/linwoo1/XC471130.ogg,calibration
XC494330,linwoo1,Dryocopus lineatus,Lineated Woodpecker,Andres Angulo Rubiano,3.0,6.2476,-75.7656,data/BirdClef/train_audio/linwoo1/XC494330.ogg,calibration
XC494329,linwoo1,Dryocopus lineatus,Lineated Woodpecker,Andres Angulo Rubiano,3.0,6.2476,-75.7656,data/BirdClef/train_audio/linwoo1/XC494329.ogg,calibration
XC282442,linwoo1,Dryocopus lineatus,Lineated Woodpecker,Johan Chaves,5.0,9.351,-83.9784,data/BirdClef/train_audio/linwoo1/XC282442.ogg,calibration
XC465441,linwoo1,Dryocopus lineatus,Lineated Woodpecker,Johan Chaves,5.0,9.7776,-84.3673,data/BirdClef/train_audio/linwoo1/XC465441.ogg,calibration
XC465440,linwoo1,Dryocopus lineatus,Lineated Woodpecker,Johan Chaves,5.0,9.7776,-84.3673,data/BirdClef/train_audio/linwoo1/XC465440.ogg,calibration
XC164936,linwoo1,Dryocopus lineatus,Lineated Woodpecker,Oscar Ramírez Alán,3.0,9.9985,-84.1104,data/BirdClef/train_audio/linwoo1/XC164936.ogg,calibration
XC494591,linwoo1,Dryocopus lineatus,Lineated Woodpecker,Miguel Angel Torres,3.0,10.1017,-68.892,data/BirdClef/train_audio/linwoo1/XC494591.ogg,calibration
XC166820,linwoo1,Dryocopus lineatus,Lineated Woodpecker,Mike Nelson,4.0,10.417,-84.1248,data/BirdClef/train_audio/linwoo1/XC166820.ogg,calibration
XC837243,pabspi1,Synallaxis albescens,Pale-breasted Spinetail,Franco Vushurovich,4.5,-32.938,-60.7714,data/BirdClef/train_audio/pabspi1/XC837243.ogg,calibration
XC872715,pabspi1,Synallaxis albescens,Pale-breasted Spinetail,Franco Vushurovich,4.5,-32.9019,-60.7329,data/BirdClef/train_audio/pabspi1/XC872715.ogg,calibration
XC997197,pabspi1,Synallaxis albescens,Pale-breasted Spinetail,Franco Vushurovich,4.5,-32.8606,-60.6486,data/BirdClef/train_audio/pabspi1/XC997197.ogg,calibration
XC941048,pabspi1,Synallaxis albescens,Pale-breasted Spinetail,Franco Vushurovich,5.0,-32.8606,-60.6486,data/BirdClef/train_audio/pabspi1/XC941048.ogg,calibration
XC912939,pabspi1,Synallaxis albescens,Pale-breasted Spinetail,Franco Vushurovich,5.0,-32.8606,-60.6486,data/BirdClef/train_audio/pabspi1/XC912939.ogg,calibration
XC200483,pabspi1,Synallaxis albescens,Pale-breasted Spinetail,Mariano Costa,3.0,-31.8681,-59.0309,data/BirdClef/train_audio/pabspi1/XC200483.ogg,calibration
XC682331,pabspi1,Synallaxis albescens,Pale-breasted Spinetail,Franco Vushurovich,5.0,-31.7458,-65.0139,data/BirdClef/train_audio/pabspi1/XC682331.ogg,calibration
XC682246,pabspi1,Synallaxis albescens,Pale-breasted Spinetail,Franco Vushurovich,5.0,-31.7458,-65.0139,data/BirdClef/train_audio/pabspi1/XC682246.ogg,calibration
XC465433,pabspi1,Synallaxis albescens,Pale-breasted Spinetail,Pedro Rinaldi,3.0,-31.35,-57.981,data/BirdClef/train_audio/pabspi1/XC465433.ogg,calibration
XC8974,pabspi1,Synallaxis albescens,Pale-breasted Spinetail,Nick Athanas,4.5,-30.9501,-62.7001,data/BirdClef/train_audio/pabspi1/XC8974.ogg,calibration
XC555098,pabspi1,Synallaxis albescens,Pale-breasted Spinetail, Guillermo Treboux,4.0,-30.1834,-57.4501,data/BirdClef/train_audio/pabspi1/XC555098.ogg,calibration
XC407331,pabspi1,Synallaxis albescens,Pale-breasted Spinetail,Marcelo Müller,3.0,-21.7924,-43.4317,data/BirdClef/train_audio/pabspi1/XC407331.ogg,calibration
XC677055,pabspi1,Synallaxis albescens,Pale-breasted Spinetail,Marco Manhães,4.0,-21.757,-43.31,data/BirdClef/train_audio/pabspi1/XC677055.ogg,calibration
XC786309,pabspi1,Synallaxis albescens,Pale-breasted Spinetail,Guilherme Melo,4.0,-6.6311,-35.9071,data/BirdClef/train_audio/pabspi1/XC786309.ogg,calibration
XC377226,pabspi1,Synallaxis albescens,Pale-breasted Spinetail,Robson Silva e Silva,5.0,0.9242,-51.2155,data/BirdClef/train_audio/pabspi1/XC377226.ogg,calibration
XC984723,pabspi1,Synallaxis albescens,Pale-breasted Spinetail,João Capurucho,4.5,1.8269,-61.2272,data/BirdClef/train_audio/pabspi1/XC984723.ogg,calibration
XC984671,pabspi1,Synallaxis albescens,Pale-breasted Spinetail,João Capurucho,4.5,1.8269,-61.2272,data/BirdClef/train_audio/pabspi1/XC984671.ogg,calibration
XC605759,pabspi1,Synallaxis albescens,Pale-breasted Spinetail,Julio Delgado,5.0,3.6282,-76.4497,data/BirdClef/train_audio/pabspi1/XC605759.ogg,calibration
XC311787,pabspi1,Synallaxis albescens,Pale-breasted Spinetail,A Edwar H Guarín,4.0,5.6296,-75.8842,data/BirdClef/train_audio/pabspi1/XC311787.ogg,calibration
XC311782,pabspi1,Synallaxis albescens,Pale-breasted Spinetail,A Edwar H Guarín,4.0,5.6296,-75.8842,data/BirdClef/train_audio/pabspi1/XC311782.ogg,calibration
XC554754,pabspi1,Synallaxis albescens,Pale-breasted Spinetail,forta cienpo,4.0,6.37,-75.4757,data/BirdClef/train_audio/pabspi1/XC554754.ogg,calibration
XC386699,pabspi1,Synallaxis albescens,Pale-breasted Spinetail,Johan Chaves,5.0,8.6155,-82.9537,data/BirdClef/train_audio/pabspi1/XC386699.ogg,calibration
XC264162,pabspi1,Synallaxis albescens,Pale-breasted Spinetail,Johan Chaves,4.0,9.3631,-84.0561,data/BirdClef/train_audio/pabspi1/XC264162.ogg,calibration
XC409940,pabspi1,Synallaxis albescens,Pale-breasted Spinetail,Lisandro Moran,3.5,9.9048,-72.9067,data/BirdClef/train_audio/pabspi1/XC409940.ogg,calibration
XC114755,pirfly1,Legatus leucophaius,Piratic Flycatcher,Cid Espínola,4.5,-27.9159,-50.757,data/BirdClef/train_audio/pirfly1/XC114755.ogg,calibration
XC671307,pirfly1,Legatus leucophaius,Piratic Flycatcher,Franco Vushurovich,3.5,-25.8667,-54.1667,data/BirdClef/train_audio/pirfly1/XC671307.ogg,calibration
XC817936,pirfly1,Legatus leucophaius,Piratic Flycatcher,Franco Vushurovich,4.5,-25.7145,-54.4433,data/BirdClef/train_audio/pirfly1/XC817936.ogg,calibration
XC209522,pirfly1,Legatus leucophaius,Piratic Flycatcher,Antonio Silveira,3.0,-24.0861,-46.6228,data/BirdClef/train_audio/pirfly1/XC209522.ogg,calibration
XC395322,pirfly1,Legatus leucophaius,Piratic Flycatcher,Juha Honkala,5.0,-23.5834,-64.9001,data/BirdClef/train_audio/pirfly1/XC395322.ogg,calibration
XC14581,pirfly1,Legatus leucophaius,Piratic Flycatcher,Nick Athanas,5.0,-23.5834,-64.9001,data/BirdClef/train_audio/pirfly1/XC14581.ogg,calibration
XC157354,pirfly1,Legatus leucophaius,Piratic Flycatcher,William Zaca,3.0,-23.2001,-46.5834,data/BirdClef/train_audio/pirfly1/XC157354.ogg,calibration
XC164658,pirfly1,Legatus leucophaius,Piratic Flycatcher,Antonio Silveira,4.0,-22.4334,-44.6334,data/BirdClef/train_audio/pirfly1/XC164658.ogg,calibration
XC521871,pirfly1,Legatus leucophaius,Piratic Flycatcher,Marcelo J Feliti,5.0,-22.28,-48.1256,data/BirdClef/train_audio/pirfly1/XC521871.ogg,calibration
XC674422,pirfly1,Legatus leucophaius,Piratic Flycatcher,Marco Manhães,5.0,-21.7357,-43.3693,data/BirdClef/train_audio/pirfly1/XC674422.ogg,calibration
XC389443,pirfly1,Legatus leucophaius,Piratic Flycatcher,Edson Guilherme,3.5,-9.9491,-67.8809,data/BirdClef/train_audio/pirfly1/XC389443.ogg,calibration
XC192570,pirfly1,Legatus leucophaius,Piratic Flycatcher,Edson Guilherme,3.5,-9.9491,-67.8809,data/BirdClef/train_audio/pirfly1/XC192570.ogg,calibration
XC944479,pirfly1,Legatus leucophaius,Piratic Flycatcher,Gonzalo Nazati,3.0,-0.8654,-77.744,data/BirdClef/train_audio/pirfly1/XC944479.ogg,calibration
XC275479,pirfly1,Legatus leucophaius,Piratic Flycatcher,Patricio Mena Valenzuela,4.5,0.867,-78.733,data/BirdClef/train_audio/pirfly1/XC275479.ogg,calibration
XC275480,pirfly1,Legatus leucophaius,Piratic Flycatcher,Patricio Mena Valenzuela,5.0,0.883,-78.8,data/BirdClef/train_audio/pirfly1/XC275480.ogg,calibration
XC275478,pirfly1,Legatus leucophaius,Piratic Flycatcher,Patricio Mena Valenzuela,5.0,0.883,-78.8,data/BirdClef/train_audio/pirfly1/XC275478.ogg,calibration
XC275477,pirfly1,Legatus leucophaius,Piratic Flycatcher,Patricio Mena Valenzuela,4.5,0.883,-78.8,data/BirdClef/train_audio/pirfly1/XC275477.ogg,calibration
XC275476,pirfly1,Legatus leucophaius,Piratic Flycatcher,Patricio Mena Valenzuela,5.0,0.883,-78.8,data/BirdClef/train_audio/pirfly1/XC275476.ogg,calibration
XC984732,pirfly1,Legatus leucophaius,Piratic Flycatcher,João Capurucho,4.5,1.8269,-61.2272,data/BirdClef/train_audio/pirfly1/XC984732.ogg,calibration
XC46980,pirfly1,Legatus leucophaius,Piratic Flycatcher,Mike Nelson,4.0,8.1506,-77.9997,data/BirdClef/train_audio/pirfly1/XC46980.ogg,calibration
XC1015864,pirfly1,Legatus leucophaius,Piratic Flycatcher,Stephan Risch,5.0,8.3916,-83.1313,data/BirdClef/train_audio/pirfly1/XC1015864.ogg,calibration
XC166652,pirfly1,Legatus leucophaius,Piratic Flycatcher,Mike Nelson,4.0,8.5264,-83.3951,data/BirdClef/train_audio/pirfly1/XC166652.ogg,calibration
XC803523,pirfly1,Legatus leucophaius,Piratic Flycatcher,Andy Birch,3.0,8.6194,-83.4759,data/BirdClef/train_audio/pirfly1/XC803523.ogg,calibration
XC411902,pirfly1,Legatus leucophaius,Piratic Flycatcher,Joren van Schie,4.0,18.4329,-94.9625,data/BirdClef/train_audio/pirfly1/XC411902.ogg,calibration
XC922925,pirfly1,Legatus leucophaius,Piratic Flycatcher,ALAN MONROY OJEDA,4.0,19.3959,-97.0388,data/BirdClef/train_audio/pirfly1/XC922925.ogg,calibration
XC545187,roahaw,Rupornis magnirostris,Roadside Hawk,Marcelo Hübel,4.0,-26.373,-49.2965,data/BirdClef/train_audio/roahaw/XC545187.ogg,calibration
XC165835,roahaw,Rupornis magnirostris,Roadside Hawk,Oscar Ramírez Alán,4.0,9.8903,-83.6556,data/BirdClef/train_audio/roahaw/XC165835.ogg,calibration
XC841532,roahaw,Rupornis magnirostris,Roadside Hawk,Franco Vushurovich,4.5,-32.8606,-60.6486,data/BirdClef/train_audio/roahaw/XC841532.ogg,calibration
XC165838,roahaw,Rupornis magnirostris,Roadside Hawk,Oscar Ramírez Alán,4.0,9.8903,-83.6556,data/BirdClef/train_audio/roahaw/XC165838.ogg,calibration
XC244790,roahaw,Rupornis magnirostris,Roadside Hawk,Oscar Humberto Marín Gómez &amp; Pedro José Cardona,4.0,4.6648,-75.6329,data/BirdClef/train_audio/roahaw/XC244790.ogg,calibration
XC1059984,roahaw,Rupornis magnirostris,Roadside Hawk,Robson Silva e Silva,4.5,-19.106,-46.8291,data/BirdClef/train_audio/roahaw/XC1059984.ogg,calibration
XC401173,roahaw,Rupornis magnirostris,Roadside Hawk,Guido O. Keijl,4.0,5.4434,-55.1711,data/BirdClef/train_audio/roahaw/XC401173.ogg,calibration
XC48630,roahaw,Rupornis magnirostris,Roadside Hawk,Mike Nelson,3.0,-23.7288,-64.8495,data/BirdClef/train_audio/roahaw/XC48630.ogg,calibration
XC905752,roahaw,Rupornis magnirostris,Roadside Hawk,Homero Bennet,5.0,18.1407,-94.4469,data/BirdClef/train_audio/roahaw/XC905752.ogg,calibration
XC1038601,roahaw,Rupornis magnirostris,Roadside Hawk,Pepa,3.5,-27.3852,-55.917,data/BirdClef/train_audio/roahaw/XC1038601.ogg,calibration
XC871572,roahaw,Rupornis magnirostris,Roadside Hawk,Homero Bennet,4.0,18.0242,-94.6884,data/BirdClef/train_audio/roahaw/XC871572.ogg,calibration
XC217495,roahaw,Rupornis magnirostris,Roadside Hawk,Pedro Rinaldi,3.0,-31.4503,-57.9801,data/BirdClef/train_audio/roahaw/XC217495.ogg,calibration
XC630579,roahaw,Rupornis magnirostris,Roadside Hawk, Guillermo Treboux,4.0,-32.2341,-58.1302,data/BirdClef/train_audio/roahaw/XC630579.ogg,calibration
XC856929,roahaw,Rupornis magnirostris,Roadside Hawk,Patricio Mena Valenzuela,4.0,-0.4816,-75.3442,data/BirdClef/train_audio/roahaw/XC856929.ogg,calibration
XC1038594,roahaw,Rupornis magnirostris,Roadside Hawk,Pepa,3.5,-27.3852,-55.9171,data/BirdClef/train_audio/roahaw/XC1038594.ogg,calibration
XC794391,roahaw,Rupornis magnirostris,Roadside Hawk,Hugo Caverzasi,3.0,5.026,-74.3283,data/BirdClef/train_audio/roahaw/XC794391.ogg,calibration
XC306862,roahaw,Rupornis magnirostris,Roadside Hawk,Miguel Angel Torres,3.0,10.1479,-68.9014,data/BirdClef/train_audio/roahaw/XC306862.ogg,calibration
XC1037801,roahaw,Rupornis magnirostris,Roadside Hawk,Franco Vushurovich,4.5,-32.9454,-60.7124,data/BirdClef/train_audio/roahaw/XC1037801.ogg,calibration
XC298870,roahaw,Rupornis magnirostris,Roadside Hawk,Cedric Mroczko,3.0,-1.7869,-77.8349,data/BirdClef/train_audio/roahaw/XC298870.ogg,calibration
XC809375,roahaw,Rupornis magnirostris,Roadside Hawk,Marco Manhães,5.0,-21.7378,-43.3694,data/BirdClef/train_audio/roahaw/XC809375.ogg,calibration
XC401172,roahaw,Rupornis magnirostris,Roadside Hawk,Guido O. Keijl,4.0,5.4435,-55.1713,data/BirdClef/train_audio/roahaw/XC401172.ogg,calibration
XC745991,sobtyr1,Camptostoma obsoletum,Southern Beardless Tyrannulet,Patricio Mena Valenzuela,4.0,-2.0318,-80.4595,data/BirdClef/train_audio/sobtyr1/XC745991.ogg,calibration
XC767432,sobtyr1,Camptostoma obsoletum,Southern Beardless Tyrannulet,Cristopher Rodriguez-Moreira,4.5,-0.9541,-80.7071,data/BirdClef/train_audio/sobtyr1/XC767432.ogg,calibration
XC760640,sobtyr1,Camptostoma obsoletum,Southern Beardless Tyrannulet,Franco Vushurovich,4.5,-32.8606,-60.6486,data/BirdClef/train_audio/sobtyr1/XC760640.ogg,calibration
XC6472,sobtyr1,Camptostoma obsoletum,Southern Beardless Tyrannulet,Nick Athanas,4.0,-22.5001,-42.7167,data/BirdClef/train_audio/sobtyr1/XC6472.ogg,calibration
XC749303,sobtyr1,Camptostoma obsoletum,Southern Beardless Tyrannulet,Franco Vushurovich,5.0,-32.9019,-60.7329,data/BirdClef/train_audio/sobtyr1/XC749303.ogg,calibration
XC767408,sobtyr1,Camptostoma obsoletum,Southern Beardless Tyrannulet,Cristopher Rodriguez-Moreira,4.5,-0.954,-80.7071,data/BirdClef/train_audio/sobtyr1/XC767408.ogg,calibration
XC957006,sobtyr1,Camptostoma obsoletum,Southern Beardless Tyrannulet,Franco Vushurovich,4.5,-32.8606,-60.6486,data/BirdClef/train_audio/sobtyr1/XC957006.ogg,calibration
XC552932,sobtyr1,Camptostoma obsoletum,Southern Beardless Tyrannulet, Guillermo Treboux,4.0,-30.8899,-58.4855,data/BirdClef/train_audio/sobtyr1/XC552932.ogg,calibration
XC543019,sobtyr1,Camptostoma obsoletum,Southern Beardless Tyrannulet, Guillermo Treboux,3.0,-32.1938,-58.1586,data/BirdClef/train_audio/sobtyr1/XC543019.ogg,calibration
XC394644,sobtyr1,Camptostoma obsoletum,Southern Beardless Tyrannulet,Franco Vushurovich,3.5,-32.8606,-60.6486,data/BirdClef/train_audio/sobtyr1/XC394644.ogg,calibration
XC998773,sobtyr1,Camptostoma obsoletum,Southern Beardless Tyrannulet,Franco Vushurovich,4.5,-32.9019,-60.7329,data/BirdClef/train_audio/sobtyr1/XC998773.ogg,calibration
XC536528,sobtyr1,Camptostoma obsoletum,Southern Beardless Tyrannulet,Franco Vushurovich,5.0,-25.8667,-54.1667,data/BirdClef/train_audio/sobtyr1/XC536528.ogg,calibration
XC394645,sobtyr1,Camptostoma obsoletum,Southern Beardless Tyrannulet,Franco Vushurovich,3.5,-32.8606,-60.6486,data/BirdClef/train_audio/sobtyr1/XC394645.ogg,calibration
XC682254,sobtyr1,Camptostoma obsoletum,Southern Beardless Tyrannulet,Cristopher Rodriguez-Moreira,4.5,-0.954,-80.7071,data/BirdClef/train_audio/sobtyr1/XC682254.ogg,calibration
XC407329,sobtyr1,Camptostoma obsoletum,Southern Beardless Tyrannulet,Marcelo Müller,4.0,-21.7924,-43.4317,data/BirdClef/train_audio/sobtyr1/XC407329.ogg,calibration
XC166043,sobtyr1,Camptostoma obsoletum,Southern Beardless Tyrannulet,Mike Nelson,4.0,9.7751,-84.6167,data/BirdClef/train_audio/sobtyr1/XC166043.ogg,calibration
XC114303,sobtyr1,Camptostoma obsoletum,Southern Beardless Tyrannulet,Anthony Crease,3.5,4.4751,-61.5907,data/BirdClef/train_audio/sobtyr1/XC114303.ogg,calibration
XC820772,sobtyr1,Camptostoma obsoletum,Southern Beardless Tyrannulet,Andrés Sierra-Ricaurte,4.0,9.568,-75.561,data/BirdClef/train_audio/sobtyr1/XC820772.ogg,calibration
XC605758,sobtyr1,Camptostoma obsoletum,Southern Beardless Tyrannulet,Julio Delgado,5.0,3.6282,-76.4497,data/BirdClef/train_audio/sobtyr1/XC605758.ogg,calibration
XC988645,sobtyr1,Camptostoma obsoletum,Southern Beardless Tyrannulet,Pamela Jenny Carvajal Bacarreza,4.0,-16.5538,-68.0712,data/BirdClef/train_audio/sobtyr1/XC988645.ogg,calibration
XC577957,sobtyr1,Camptostoma obsoletum,Southern Beardless Tyrannulet,Andre Vielma,3.0,-25.0204,-47.9375,data/BirdClef/train_audio/sobtyr1/XC577957.ogg,calibration
XC288778,sobtyr1,Camptostoma obsoletum,Southern Beardless Tyrannulet,Pedro Rinaldi,5.0,-32.144,-53.728,data/BirdClef/train_audio/sobtyr1/XC288778.ogg,calibration
XC786320,sobtyr1,Camptostoma obsoletum,Southern Beardless Tyrannulet,Guilherme Melo,5.0,-6.6311,-35.9071,data/BirdClef/train_audio/sobtyr1/XC786320.ogg,calibration
XC6672,sobtyr1,Camptostoma obsoletum,Southern Beardless Tyrannulet,Nick Athanas,5.0,0.01,-78.6776,data/BirdClef/train_audio/sobtyr1/XC6672.ogg,calibration
XC696141,sobtyr1,Camptostoma obsoletum,Southern Beardless Tyrannulet,Franco Vushurovich,5.0,-31.7458,-65.0139,data/BirdClef/train_audio/sobtyr1/XC696141.ogg,calibration
XC496786,sobtyr1,Camptostoma obsoletum,Southern Beardless Tyrannulet,Pedro Rinaldi,3.0,-31.4,-57.979,data/BirdClef/train_audio/sobtyr1/XC496786.ogg,calibration
XC749741,sobtyr1,Camptostoma obsoletum,Southern Beardless Tyrannulet,Johan Chaves,5.0,9.4939,-84.048,data/BirdClef/train_audio/sobtyr1/XC749741.ogg,calibration
XC234335,sobtyr1,Camptostoma obsoletum,Southern Beardless Tyrannulet,Pedro Rinaldi,4.0,-31.4503,-57.9801,data/BirdClef/train_audio/sobtyr1/XC234335.ogg,calibration
XC353959,sobtyr1,Camptostoma obsoletum,Southern Beardless Tyrannulet,Robson Silva e Silva,4.0,-18.9897,-46.8412,data/BirdClef/train_audio/sobtyr1/XC353959.ogg,calibration
XC763959,sobtyr1,Camptostoma obsoletum,Southern Beardless Tyrannulet,Franco Vushurovich,4.5,-32.8606,-60.6486,data/BirdClef/train_audio/sobtyr1/XC763959.ogg,calibration
XC423697,soulap1,Vanellus chilensis,Southern Lapwing,Patricio Mena Valenzuela,4.0,0.2,-78.233,data/BirdClef/train_audio/soulap1/XC423697.ogg,calibration
XC144740,soulap1,Vanellus chilensis,Southern Lapwing,Antonio Silveira,3.0,-23.59,-46.66,data/BirdClef/train_audio/soulap1/XC144740.ogg,calibration
XC384670,soulap1,Vanellus chilensis,Southern Lapwing,Cristian Pinto,5.0,-33.7738,-70.1689,data/BirdClef/train_audio/soulap1/XC384670.ogg,calibration
XC486635,soulap1,Vanellus chilensis,Southern Lapwing,Pedro Rinaldi,5.0,-31.4503,-57.9801,data/BirdClef/train_audio/soulap1/XC486635.ogg,calibration
XC17218,soulap1,Vanellus chilensis,Southern Lapwing,Nick Athanas,4.5,-22.5001,-42.7167,data/BirdClef/train_audio/soulap1/XC17218.ogg,calibration
XC798874,soulap1,Vanellus chilensis,Southern Lapwing,Fernando del Valle,4.0,-54.8378,-68.351,data/BirdClef/train_audio/soulap1/XC798874.ogg,calibration
XC262867,soulap1,Vanellus chilensis,Southern Lapwing,Jonas Nilsson,5.0,0.199,-78.23,data/BirdClef/train_audio/soulap1/XC262867.ogg,calibration
XC501089,soulap1,Vanellus chilensis,Southern Lapwing,David Darrell-Lambert,4.5,13.3207,-59.6183,data/BirdClef/train_audio/soulap1/XC501089.ogg,calibration
XC374154,soulap1,Vanellus chilensis,Southern Lapwing,Cristian Pinto,5.0,-34.9612,-70.4317,data/BirdClef/train_audio/soulap1/XC374154.ogg,calibration
XC439642,soulap1,Vanellus chilensis,Southern Lapwing,Cristian Pinto,5.0,-32.5664,-69.3409,data/BirdClef/train_audio/soulap1/XC439642.ogg,calibration
XC276629,soulap1,Vanellus chilensis,Southern Lapwing,Jonas Nilsson,4.0,0.199,-78.23,data/BirdClef/train_audio/soulap1/XC276629.ogg,calibration
XC681555,soulap1,Vanellus chilensis,Southern Lapwing,Franco Vushurovich,5.0,-31.7458,-65.0139,data/BirdClef/train_audio/soulap1/XC681555.ogg,calibration
XC798879,soulap1,Vanellus chilensis,Southern Lapwing,Fernando del Valle,5.0,-33.2064,-70.8279,data/BirdClef/train_audio/soulap1/XC798879.ogg,calibration
XC287588,soulap1,Vanellus chilensis,Southern Lapwing,Patricio Mena Valenzuela,5.0,0.213,-78.214,data/BirdClef/train_audio/soulap1/XC287588.ogg,calibration
XC647612,soulap1,Vanellus chilensis,Southern Lapwing,Robson Silva e Silva,4.0,-9.7166,-35.801,data/BirdClef/train_audio/soulap1/XC647612.ogg,calibration
XC475626,soulap1,Vanellus chilensis,Southern Lapwing,Cristian Pinto,5.0,-33.2051,-70.788,data/BirdClef/train_audio/soulap1/XC475626.ogg,calibration
XC798870,soulap1,Vanellus chilensis,Southern Lapwing,Fernando del Valle,4.0,-54.8378,-68.351,data/BirdClef/train_audio/soulap1/XC798870.ogg,calibration
XC395335,soulap1,Vanellus chilensis,Southern Lapwing,Juha Honkala,5.0,-24.1583,-65.3654,data/BirdClef/train_audio/soulap1/XC395335.ogg,calibration
XC608627,soulap1,Vanellus chilensis,Southern Lapwing, Guillermo Treboux,3.0,-30.8882,-58.4782,data/BirdClef/train_audio/soulap1/XC608627.ogg,calibration
XC913100,soulap1,Vanellus chilensis,Southern Lapwing,Cristian Pinto Fernandez,5.0,-33.9871,-71.8841,data/BirdClef/train_audio/soulap1/XC913100.ogg,calibration
XC681554,soulap1,Vanellus chilensis,Southern Lapwing,Franco Vushurovich,5.0,-31.7458,-65.0139,data/BirdClef/train_audio/soulap1/XC681554.ogg,calibration
XC489125,soulap1,Vanellus chilensis,Southern Lapwing,Cristian Pinto,5.0,-33.2051,-70.788,data/BirdClef/train_audio/soulap1/XC489125.ogg,calibration
XC817124,soulap1,Vanellus chilensis,Southern Lapwing,Cristian Pinto Fernandez,5.0,-33.2051,-70.788,data/BirdClef/train_audio/soulap1/XC817124.ogg,calibration
XC144878,soulap1,Vanellus chilensis,Southern Lapwing,Antonio Silveira,4.0,-24.3167,-47.01,data/BirdClef/train_audio/soulap1/XC144878.ogg,calibration
XC897031,soulap1,Vanellus chilensis,Southern Lapwing,Franco Vushurovich,5.0,-32.5868,-69.3494,data/BirdClef/train_audio/soulap1/XC897031.ogg,calibration
XC475624,soulap1,Vanellus chilensis,Southern Lapwing,Cristian Pinto,5.0,-33.2051,-70.788,data/BirdClef/train_audio/soulap1/XC475624.ogg,calibration
XC716158,soulap1,Vanellus chilensis,Southern Lapwing,Cristian Pinto Fernandez,5.0,-33.6195,-71.6295,data/BirdClef/train_audio/soulap1/XC716158.ogg,calibration
XC1052119,soulap1,Vanellus chilensis,Southern Lapwing,Franco Vushurovich,5.0,-32.8606,-60.6486,data/BirdClef/train_audio/soulap1/XC1052119.ogg,calibration
XC662666,soulap1,Vanellus chilensis,Southern Lapwing,Cristian Pinto Fernandez,5.0,-32.0697,-71.4852,data/BirdClef/train_audio/soulap1/XC662666.ogg,calibration
XC458976,soulap1,Vanellus chilensis,Southern Lapwing,Cristian Pinto,5.0,-34.4802,-72.0233,data/BirdClef/train_audio/soulap1/XC458976.ogg,calibration
XC999539,soulap1,Vanellus chilensis,Southern Lapwing,Franco Vushurovich,5.0,-32.8606,-60.6486,data/BirdClef/train_audio/soulap1/XC999539.ogg,calibration
XC134178,soulap1,Vanellus chilensis,Southern Lapwing,Alex Lees,3.5,-1.0054,-46.8002,data/BirdClef/train_audio/soulap1/XC134178.ogg,calibration
XC386695,soulap1,Vanellus chilensis,Southern Lapwing,Johan Chaves,4.5,8.6155,-82.9537,data/BirdClef/train_audio/soulap1/XC386695.ogg,calibration
XC355326,soulap1,Vanellus chilensis,Southern Lapwing,Franco Vushurovich,5.0,-32.8606,-60.6486,data/BirdClef/train_audio/soulap1/XC355326.ogg,calibration
XC475609,soulap1,Vanellus chilensis,Southern Lapwing,Cristian Pinto,5.0,-33.2051,-70.788,data/BirdClef/train_audio/soulap1/XC475609.ogg,calibration
XC338712,soulap1,Vanellus chilensis,Southern Lapwing,A Edwar H Guarín,5.0,5.5957,-75.8129,data/BirdClef/train_audio/soulap1/XC338712.ogg,calibration
XC347764,soulap1,Vanellus chilensis,Southern Lapwing,Robson Silva e Silva,5.0,-24.2056,-46.9164,data/BirdClef/train_audio/soulap1/XC347764.ogg,calibration
XC195308,squcuc1,Piaya cayana,Common Squirrel-Cuckoo,Pedro Rinaldi,5.0,-31.3708,-57.9795,data/BirdClef/train_audio/squcuc1/XC195308.ogg,calibration
XC195310,squcuc1,Piaya cayana,Common Squirrel-Cuckoo,Pedro Rinaldi,4.0,-31.3708,-57.9795,data/BirdClef/train_audio/squcuc1/XC195310.ogg,calibration
XC965503,squcuc1,Piaya cayana,Common Squirrel-Cuckoo,Pedro Rinaldi,5.0,-31.362,-57.9822,data/BirdClef/train_audio/squcuc1/XC965503.ogg,calibration
XC962787,squcuc1,Piaya cayana,Common Squirrel-Cuckoo,Pedro Rinaldi,5.0,-31.362,-57.9822,data/BirdClef/train_audio/squcuc1/XC962787.ogg,calibration
XC477338,squcuc1,Piaya cayana,Common Squirrel-Cuckoo,Franco Vushurovich,5.0,-25.8667,-54.1667,data/BirdClef/train_audio/squcuc1/XC477338.ogg,calibration
XC576486,squcuc1,Piaya cayana,Common Squirrel-Cuckoo,Franco Vushurovich,4.0,-25.8667,-54.1667,data/BirdClef/train_audio/squcuc1/XC576486.ogg,calibration
XC795569,squcuc1,Piaya cayana,Common Squirrel-Cuckoo,Franco Vushurovich,5.0,-25.7145,-54.4433,data/BirdClef/train_audio/squcuc1/XC795569.ogg,calibration
XC673884,squcuc1,Piaya cayana,Common Squirrel-Cuckoo,Daniel Hinckley,5.0,-24.3701,-47.0226,data/BirdClef/train_audio/squcuc1/XC673884.ogg,calibration
XC747657,squcuc1,Piaya cayana,Common Squirrel-Cuckoo,Daniel Hinckley,5.0,-24.366,-47.0122,data/BirdClef/train_audio/squcuc1/XC747657.ogg,calibration
XC144836,squcuc1,Piaya cayana,Common Squirrel-Cuckoo,William Zaca,4.0,-23.2001,-46.5834,data/BirdClef/train_audio/squcuc1/XC144836.ogg,calibration
XC142024,squcuc1,Piaya cayana,Common Squirrel-Cuckoo,Rodrigo Dela Rosa ,4.0,-23.0401,-46.0328,data/BirdClef/train_audio/squcuc1/XC142024.ogg,calibration
XC146415,squcuc1,Piaya cayana,Common Squirrel-Cuckoo,Antonio Silveira,3.0,-22.898,-45.994,data/BirdClef/train_audio/squcuc1/XC146415.ogg,calibration
XC724901,squcuc1,Piaya cayana,Common Squirrel-Cuckoo,Robson Silva e Silva,4.5,-19.9222,-46.8231,data/BirdClef/train_audio/squcuc1/XC724901.ogg,calibration
XC152548,squcuc1,Piaya cayana,Common Squirrel-Cuckoo,Antonio Silveira,3.0,-15.4233,-39.0075,data/BirdClef/train_audio/squcuc1/XC152548.ogg,calibration
XC144475,squcuc1,Piaya cayana,Common Squirrel-Cuckoo,Antonio Silveira,3.0,-15.348,-38.989,data/BirdClef/train_audio/squcuc1/XC144475.ogg,calibration
XC180998,squcuc1,Piaya cayana,Common Squirrel-Cuckoo,Mike Nelson,4.0,-6.7072,-76.2875,data/BirdClef/train_audio/squcuc1/XC180998.ogg,calibration
XC180997,squcuc1,Piaya cayana,Common Squirrel-Cuckoo,Mike Nelson,4.0,-6.7072,-76.2875,data/BirdClef/train_audio/squcuc1/XC180997.ogg,calibration
XC293776,squcuc1,Piaya cayana,Common Squirrel-Cuckoo,Guido O. Keijl,3.0,-1.1034,-76.7175,data/BirdClef/train_audio/squcuc1/XC293776.ogg,calibration
XC260413,squcuc1,Piaya cayana,Common Squirrel-Cuckoo,Mitch Lysinger,5.0,-0.589,-77.877,data/BirdClef/train_audio/squcuc1/XC260413.ogg,calibration
XC260415,squcuc1,Piaya cayana,Common Squirrel-Cuckoo,Mitch Lysinger,5.0,-0.32,-79.018,data/BirdClef/train_audio/squcuc1/XC260415.ogg,calibration
XC260414,squcuc1,Piaya cayana,Common Squirrel-Cuckoo,Mitch Lysinger,5.0,-0.247,-78.808,data/BirdClef/train_audio/squcuc1/XC260414.ogg,calibration
XC11361,squcuc1,Piaya cayana,Common Squirrel-Cuckoo,Nick Athanas,5.0,0.01,-78.6776,data/BirdClef/train_audio/squcuc1/XC11361.ogg,calibration
XC34657,squcuc1,Piaya cayana,Common Squirrel-Cuckoo,Nick Athanas,5.0,0.0287,-78.8628,data/BirdClef/train_audio/squcuc1/XC34657.ogg,calibration
XC244789,squcuc1,Piaya cayana,Common Squirrel-Cuckoo,Oscar Humberto Marín Gómez &amp; Pedro José Cardona,5.0,4.6648,-75.6329,data/BirdClef/train_audio/squcuc1/XC244789.ogg,calibration
XC723498,squcuc1,Piaya cayana,Common Squirrel-Cuckoo,Johan Chaves,5.0,9.4939,-84.048,data/BirdClef/train_audio/squcuc1/XC723498.ogg,calibration
XC557141,squcuc1,Piaya cayana,Common Squirrel-Cuckoo,Johan Chaves,5.0,9.5528,-84.0215,data/BirdClef/train_audio/squcuc1/XC557141.ogg,calibration
XC486636,squcuc1,Piaya cayana,Common Squirrel-Cuckoo,Johan Chaves,5.0,9.784,-83.7511,data/BirdClef/train_audio/squcuc1/XC486636.ogg,calibration
XC908472,squcuc1,Piaya cayana,Common Squirrel-Cuckoo,Homero Bennet,5.0,18.2553,-94.7579,data/BirdClef/train_audio/squcuc1/XC908472.ogg,calibration
XC158406,squcuc1,Piaya cayana,Common Squirrel-Cuckoo,Micah Riegner,5.0,27.0396,-108.7537,data/BirdClef/train_audio/squcuc1/XC158406.ogg,calibration
XC347986,squcuc1,Piaya cayana,Common Squirrel-Cuckoo,Michael Lester,4.0,27.0415,-108.7339,data/BirdClef/train_audio/squcuc1/XC347986.ogg,calibration
XC144347,strcuc1,Tapera naevia,Striped Cuckoo,Antonio Silveira,3.0,-34.904,-55.008,data/BirdClef/train_audio/strcuc1/XC144347.ogg,calibration
XC859545,strcuc1,Tapera naevia,Striped Cuckoo,Franco Vushurovich,4.5,-32.8606,-60.6486,data/BirdClef/train_audio/strcuc1/XC859545.ogg,calibration
XC858650,strcuc1,Tapera naevia,Striped Cuckoo,Franco Vushurovich,4.5,-32.8606,-60.6486,data/BirdClef/train_audio/strcuc1/XC858650.ogg,calibration
XC555103,strcuc1,Tapera naevia,Striped Cuckoo, Guillermo Treboux,4.0,-32.1221,-60.6318,data/BirdClef/train_audio/strcuc1/XC555103.ogg,calibration
XC555102,strcuc1,Tapera naevia,Striped Cuckoo, Guillermo Treboux,4.0,-32.1221,-60.6318,data/BirdClef/train_audio/strcuc1/XC555102.ogg,calibration
XC182338,strcuc1,Tapera naevia,Striped Cuckoo,Pedro Rinaldi,5.0,-31.35,-57.981,data/BirdClef/train_audio/strcuc1/XC182338.ogg,calibration
XC780421,strcuc1,Tapera naevia,Striped Cuckoo,Pedro Rinaldi,4.0,-30.519,-57.7111,data/BirdClef/train_audio/strcuc1/XC780421.ogg,calibration
XC144399,strcuc1,Tapera naevia,Striped Cuckoo,Antonio Silveira,5.0,-24.4194,-47.1096,data/BirdClef/train_audio/strcuc1/XC144399.ogg,calibration
XC395333,strcuc1,Tapera naevia,Striped Cuckoo,Juha Honkala,5.0,-24.1583,-65.3654,data/BirdClef/train_audio/strcuc1/XC395333.ogg,calibration
XC926487,strcuc1,Tapera naevia,Striped Cuckoo,Luc as Leuzinger,4.0,-23.5393,-50.0936,data/BirdClef/train_audio/strcuc1/XC926487.ogg,calibration
XC502094,strcuc1,Tapera naevia,Striped Cuckoo,Marcelo J Feliti,5.0,-23.339,-47.6755,data/BirdClef/train_audio/strcuc1/XC502094.ogg,calibration
XC502092,strcuc1,Tapera naevia,Striped Cuckoo,Marcelo J Feliti,5.0,-23.339,-47.6755,data/BirdClef/train_audio/strcuc1/XC502092.ogg,calibration
XC403206,strcuc1,Tapera naevia,Striped Cuckoo,Estevao Santos,4.5,-16.4314,-49.1459,data/BirdClef/train_audio/strcuc1/XC403206.ogg,calibration
XC443294,strcuc1,Tapera naevia,Striped Cuckoo,Manuel Roncal- Rabanal,5.0,-7.2622,-78.3637,data/BirdClef/train_audio/strcuc1/XC443294.ogg,calibration
XC371378,strcuc1,Tapera naevia,Striped Cuckoo,FilhoManfredini,5.0,-6.1195,-50.3208,data/BirdClef/train_audio/strcuc1/XC371378.ogg,calibration
XC260419,strcuc1,Tapera naevia,Striped Cuckoo,Mitch Lysinger,5.0,-4.067,-79.817,data/BirdClef/train_audio/strcuc1/XC260419.ogg,calibration
XC1011409,strcuc1,Tapera naevia,Striped Cuckoo,Daniel Sanmartín,5.0,-4.0357,-80.4551,data/BirdClef/train_audio/strcuc1/XC1011409.ogg,calibration
XC486907,strcuc1,Tapera naevia,Striped Cuckoo,Juan Díaz Alván,4.0,-3.7493,-73.2214,data/BirdClef/train_audio/strcuc1/XC486907.ogg,calibration
XC275236,strcuc1,Tapera naevia,Striped Cuckoo,Patricio Mena Valenzuela,4.5,0.75,-78.917,data/BirdClef/train_audio/strcuc1/XC275236.ogg,calibration
XC275237,strcuc1,Tapera naevia,Striped Cuckoo,Patricio Mena Valenzuela,5.0,0.883,-78.8,data/BirdClef/train_audio/strcuc1/XC275237.ogg,calibration
XC494325,strcuc1,Tapera naevia,Striped Cuckoo,Andres Angulo Rubiano,4.0,6.2476,-75.7656,data/BirdClef/train_audio/strcuc1/XC494325.ogg,calibration
XC465446,strcuc1,Tapera naevia,Striped Cuckoo,Johan Chaves,5.0,9.7776,-84.3673,data/BirdClef/train_audio/strcuc1/XC465446.ogg,calibration
XC8222,strcuc1,Tapera naevia,Striped Cuckoo,Nick Athanas,3.5,10.6001,-62.5334,data/BirdClef/train_audio/strcuc1/XC8222.ogg,calibration
XC172417,strcuc1,Tapera naevia,Striped Cuckoo,Melvin Bonilla,4.0,13.9425,-89.0281,data/BirdClef/train_audio/strcuc1/XC172417.ogg,calibration
XC601564,trokin,Tyrannus melancholicus,Tropical Kingbird,Franco Vushurovich,4.5,-25.8667,-54.1667,data/BirdClef/train_audio/trokin/XC601564.ogg,calibration
XC767435,trokin,Tyrannus melancholicus,Tropical Kingbird,Cristopher Rodriguez-Moreira,4.5,-0.9541,-80.7071,data/BirdClef/train_audio/trokin/XC767435.ogg,calibration
XC347716,trokin,Tyrannus melancholicus,Tropical Kingbird,Robson Silva e Silva,4.5,-24.2056,-46.9164,data/BirdClef/train_audio/trokin/XC347716.ogg,calibration
XC803445,trokin,Tyrannus melancholicus,Tropical Kingbird,Scott Crabtree,3.0,32.2789,-111.0223,data/BirdClef/train_audio/trokin/XC803445.ogg,calibration
XC166810,trokin,Tyrannus melancholicus,Tropical Kingbird,Mike Nelson,4.0,9.7798,-83.8383,data/BirdClef/train_audio/trokin/XC166810.ogg,calibration
XC35156,trokin,Tyrannus melancholicus,Tropical Kingbird,Nick Athanas,5.0,0.1931,-78.8576,data/BirdClef/train_audio/trokin/XC35156.ogg,calibration
XC44407,trokin,Tyrannus melancholicus,Tropical Kingbird,Myornis,4.0,-16.2223,-67.8762,data/BirdClef/train_audio/trokin/XC44407.ogg,calibration
XC1021970,trokin,Tyrannus melancholicus,Tropical Kingbird,Stephan Risch,5.0,9.4041,-84.1537,data/BirdClef/train_audio/trokin/XC1021970.ogg,calibration
XC610607,trokin,Tyrannus melancholicus,Tropical Kingbird, Guillermo Treboux,4.0,-32.2341,-58.1302,data/BirdClef/train_audio/trokin/XC610607.ogg,calibration
XC17219,trokin,Tyrannus melancholicus,Tropical Kingbird,Nick Athanas,3.5,-22.5001,-42.7167,data/BirdClef/train_audio/trokin/XC17219.ogg,calibration
XC196769,trokin,Tyrannus melancholicus,Tropical Kingbird,Pedro Rinaldi,5.0,-31.4503,-57.9801,data/BirdClef/train_audio/trokin/XC196769.ogg,calibration
XC401177,trokin,Tyrannus melancholicus,Tropical Kingbird,Guido O. Keijl,3.5,5.4494,-55.1653,data/BirdClef/train_audio/trokin/XC401177.ogg,calibration
XC182799,trokin,Tyrannus melancholicus,Tropical Kingbird,Antonio Silveira,5.0,-24.291,-48.351,data/BirdClef/train_audio/trokin/XC182799.ogg,calibration
XC339743,trokin,Tyrannus melancholicus,Tropical Kingbird,Elias Aristides Elias,4.0,40.7723,-124.1956,data/BirdClef/train_audio/trokin/XC339743.ogg,calibration
XC557430,trokin,Tyrannus melancholicus,Tropical Kingbird, Guillermo Treboux,3.0,-32.2341,-58.1302,data/BirdClef/train_audio/trokin/XC557430.ogg,calibration
XC557431,trokin,Tyrannus melancholicus,Tropical Kingbird, Guillermo Treboux,3.0,-32.2341,-58.1302,data/BirdClef/train_audio/trokin/XC557431.ogg,calibration
XC411464,trokin,Tyrannus melancholicus,Tropical Kingbird,Joren van Schie,3.0,19.2866,-99.0965,data/BirdClef/train_audio/trokin/XC411464.ogg,calibration
XC838473,trokin,Tyrannus melancholicus,Tropical Kingbird,Homero Bennet,4.0,18.1408,-94.4471,data/BirdClef/train_audio/trokin/XC838473.ogg,calibration
XC260975,trokin,Tyrannus melancholicus,Tropical Kingbird,Mitch Lysinger,5.0,-0.589,-77.877,data/BirdClef/train_audio/trokin/XC260975.ogg,calibration
XC203422,trsowl,Megascops choliba,Tropical Screech Owl,Pedro Rinaldi,4.0,-31.335,-56.755,data/BirdClef/train_audio/trsowl/XC203422.ogg,calibration
XC298871,trsowl,Megascops choliba,Tropical Screech Owl,Cedric Mroczko,3.0,-1.7874,-77.8326,data/BirdClef/train_audio/trsowl/XC298871.ogg,calibration
XC551595,trsowl,Megascops choliba,Tropical Screech Owl, Guillermo Treboux,3.0,-30.8743,-58.5027,data/BirdClef/train_audio/trsowl/XC551595.ogg,calibration
XC778945,trsowl,Megascops choliba,Tropical Screech Owl,Pedro Rinaldi,5.0,-31.0679,-57.0651,data/BirdClef/train_audio/trsowl/XC778945.ogg,calibration
XC215870,trsowl,Megascops choliba,Tropical Screech Owl,Pedro Rinaldi,4.0,-31.2888,-56.5686,data/BirdClef/train_audio/trsowl/XC215870.ogg,calibration
XC413096,trsowl,Megascops choliba,Tropical Screech Owl,Franco Vushurovich,4.0,-25.0719,-58.141,data/BirdClef/train_audio/trsowl/XC413096.ogg,calibration
XC322505,trsowl,Megascops choliba,Tropical Screech Owl,Miguel Angel Torres,3.0,10.2503,-68.9417,data/BirdClef/train_audio/trsowl/XC322505.ogg,calibration
XC276168,trsowl,Megascops choliba,Tropical Screech Owl,Jonas Nilsson,3.0,-0.472,-76.459,data/BirdClef/train_audio/trsowl/XC276168.ogg,calibration
XC276169,trsowl,Megascops choliba,Tropical Screech Owl,Jonas Nilsson,4.0,-0.693,-77.605,data/BirdClef/train_audio/trsowl/XC276169.ogg,calibration
XC551591,trsowl,Megascops choliba,Tropical Screech Owl, Guillermo Treboux,4.0,-32.1221,-60.6318,data/BirdClef/train_audio/trsowl/XC551591.ogg,calibration
XC504712,trsowl,Megascops choliba,Tropical Screech Owl,Juha Honkala,4.0,-3.6273,-60.3896,data/BirdClef/train_audio/trsowl/XC504712.ogg,calibration
XC1016874,trsowl,Megascops choliba,Tropical Screech Owl,Cid Espínola,4.0,-9.0343,-64.1382,data/BirdClef/train_audio/trsowl/XC1016874.ogg,calibration
XC276794,trsowl,Megascops choliba,Tropical Screech Owl,Johan Chaves,4.0,9.4939,-84.048,data/BirdClef/train_audio/trsowl/XC276794.ogg,calibration
XC435859,trsowl,Megascops choliba,Tropical Screech Owl,Phil Stouffer,3.0,-2.4081,-59.8919,data/BirdClef/train_audio/trsowl/XC435859.ogg,calibration
XC1044393,trsowl,Megascops choliba,Tropical Screech Owl,Robson Silva e Silva,5.0,-19.106,-46.8291,data/BirdClef/train_audio/trsowl/XC1044393.ogg,calibration
XC551598,trsowl,Megascops choliba,Tropical Screech Owl, Guillermo Treboux,3.0,-30.8743,-58.5027,data/BirdClef/train_audio/trsowl/XC551598.ogg,calibration
XC260420,trsowl,Megascops choliba,Tropical Screech Owl,Mitch Lysinger,4.0,-0.498,-76.373,data/BirdClef/train_audio/trsowl/XC260420.ogg,calibration
XC114879,trsowl,Megascops choliba,Tropical Screech Owl,Robson Silva e Silva,5.0,-23.4933,-46.1964,data/BirdClef/train_audio/trsowl/XC114879.ogg,calibration
XC313905,whtdov,Leptotila verreauxi,White-tipped Dove,Pedro Rinaldi,3.0,-31.4503,-57.9801,data/BirdClef/train_audio/whtdov/XC313905.ogg,calibration
XC486909,whtdov,Leptotila verreauxi,White-tipped Dove,Franco Vushurovich,4.5,-25.8667,-54.1667,data/BirdClef/train_audio/whtdov/XC486909.ogg,calibration
XC6468,whtdov,Leptotila verreauxi,White-tipped Dove,Nick Athanas,5.0,-22.5001,-42.7167,data/BirdClef/train_audio/whtdov/XC6468.ogg,calibration
XC144779,whtdov,Leptotila verreauxi,White-tipped Dove,Antonio Silveira,5.0,-23.786,-46.871,data/BirdClef/train_audio/whtdov/XC144779.ogg,calibration
XC630999,whtdov,Leptotila verreauxi,White-tipped Dove, Guillermo Treboux,4.0,-31.8867,-58.2744,data/BirdClef/train_audio/whtdov/XC630999.ogg,calibration
XC935112,whtdov,Leptotila verreauxi,White-tipped Dove,Franco Vushurovich,3.5,-32.8606,-60.6486,data/BirdClef/train_audio/whtdov/XC935112.ogg,calibration
XC180797,whtdov,Leptotila verreauxi,White-tipped Dove,Mike Nelson,3.0,-6.3167,-79.4501,data/BirdClef/train_audio/whtdov/XC180797.ogg,calibration
XC56464,whtdov,Leptotila verreauxi,White-tipped Dove,Mike Nelson,3.0,8.9389,-78.4651,data/BirdClef/train_audio/whtdov/XC56464.ogg,calibration
XC126422,whtdov,Leptotila verreauxi,White-tipped Dove,Mike Nelson,4.0,14.5262,-91.1667,data/BirdClef/train_audio/whtdov/XC126422.ogg,calibration
XC736407,whtdov,Leptotila verreauxi,White-tipped Dove,Timothy Marquardt,5.0,26.0824,-98.1355,data/BirdClef/train_audio/whtdov/XC736407.ogg,calibration
XC276144,whtdov,Leptotila verreauxi,White-tipped Dove,Jonas Nilsson,5.0,-2.159,-80.037,data/BirdClef/train_audio/whtdov/XC276144.ogg,calibration
XC144503,whtdov,Leptotila verreauxi,White-tipped Dove,Bruno Arantes de Andrade Bueno,4.0,-19.6465,-46.9472,data/BirdClef/train_audio/whtdov/XC144503.ogg,calibration
XC957214,whtdov,Leptotila verreauxi,White-tipped Dove,Franco Vushurovich,4.5,-32.8606,-60.6486,data/BirdClef/train_audio/whtdov/XC957214.ogg,calibration
XC885379,whtdov,Leptotila verreauxi,White-tipped Dove,Mark McClelland,4.0,29.7803,-99.4319,data/BirdClef/train_audio/whtdov/XC885379.ogg,calibration
XC1016441,whtdov,Leptotila verreauxi,White-tipped Dove,Stephan Risch,5.0,8.3916,-83.1313,data/BirdClef/train_audio/whtdov/XC1016441.ogg,calibration
XC158378,whtdov,Leptotila verreauxi,White-tipped Dove,Micah Riegner,4.0,27.0922,-108.7362,data/BirdClef/train_audio/whtdov/XC158378.ogg,calibration
XC180945,whtdov,Leptotila verreauxi,White-tipped Dove,Mike Nelson,4.0,-6.7281,-76.4181,data/BirdClef/train_audio/whtdov/XC180945.ogg,calibration
XC608631,whtdov,Leptotila verreauxi,White-tipped Dove, Guillermo Treboux,3.0,-31.8667,-58.2097,data/BirdClef/train_audio/whtdov/XC608631.ogg,calibration
XC673282,whtdov,Leptotila verreauxi,White-tipped Dove,Franco Vushurovich,4.5,-32.8606,-60.6486,data/BirdClef/train_audio/whtdov/XC673282.ogg,calibration
XC683756,whtdov,Leptotila verreauxi,White-tipped Dove,Franco Vushurovich,4.5,-32.8606,-60.6486,data/BirdClef/train_audio/whtdov/XC683756.ogg,calibration
XC396701,whtdov,Leptotila verreauxi,White-tipped Dove,Franco Vushurovich,4.5,-32.8606,-60.6486,data/BirdClef/train_audio/whtdov/XC396701.ogg,calibration
XC8002,whtdov,Leptotila verreauxi,White-tipped Dove,Nick Athanas,4.0,-1.4959,-80.7912,data/BirdClef/train_audio/whtdov/XC8002.ogg,calibration
XC206414,yeofly1,Tolmomyias sulphurescens,Yellow-olive Flatbill,Alex Lees,5.0,-1.5956,-46.2808,data/BirdClef/train_audio/yeofly1/XC206414.ogg,calibration
XC165279,yeofly1,Tolmomyias sulphurescens,Yellow-olive Flatbill,Antonio Silveira,4.0,-22.4334,-44.6334,data/BirdClef/train_audio/yeofly1/XC165279.ogg,calibration
XC126529,yeofly1,Tolmomyias sulphurescens,Yellow-olive Flatbill,Mike Nelson,4.0,17.006,-89.721,data/BirdClef/train_audio/yeofly1/XC126529.ogg,calibration
XC6546,yeofly1,Tolmomyias sulphurescens,Yellow-olive Flatbill,Nick Athanas,5.0,-22.5001,-42.7167,data/BirdClef/train_audio/yeofly1/XC6546.ogg,calibration
XC1044403,yeofly1,Tolmomyias sulphurescens,Yellow-olive Flatbill,Robson Silva e Silva,5.0,-19.106,-46.8291,data/BirdClef/train_audio/yeofly1/XC1044403.ogg,calibration
XC180582,yeofly1,Tolmomyias sulphurescens,Yellow-olive Flatbill,Mike Nelson,4.0,-6.4515,-76.2909,data/BirdClef/train_audio/yeofly1/XC180582.ogg,calibration
XC504624,yeofly1,Tolmomyias sulphurescens,Yellow-olive Flatbill,Juha Honkala,5.0,-3.2231,-59.8664,data/BirdClef/train_audio/yeofly1/XC504624.ogg,calibration
XC166050,yeofly1,Tolmomyias sulphurescens,Yellow-olive Flatbill,Juha Honkala,5.0,-22.6707,-48.1469,data/BirdClef/train_audio/yeofly1/XC166050.ogg,calibration
XC492896,yeofly1,Tolmomyias sulphurescens,Yellow-olive Flatbill,Franco Vushurovich,3.5,-26.519,-53.9887,data/BirdClef/train_audio/yeofly1/XC492896.ogg,calibration
XC254002,yeofly1,Tolmomyias sulphurescens,Yellow-olive Flatbill,Alex Lees,4.5,-16.6445,-48.9264,data/BirdClef/train_audio/yeofly1/XC254002.ogg,calibration
XC260910,yeofly1,Tolmomyias sulphurescens,Yellow-olive Flatbill,Mitch Lysinger,4.5,-0.724,-77.639,data/BirdClef/train_audio/yeofly1/XC260910.ogg,calibration
XC145572,yeofly1,Tolmomyias sulphurescens,Yellow-olive Flatbill,Antonio Silveira,4.0,-23.245,-46.912,data/BirdClef/train_audio/yeofly1/XC145572.ogg,calibration
XC658443,yeofly1,Tolmomyias sulphurescens,Yellow-olive Flatbill,Robson Silva e Silva,5.0,-18.9897,-46.8412,data/BirdClef/train_audio/yeofly1/XC658443.ogg,calibration
XC643129,yeofly1,Tolmomyias sulphurescens,Yellow-olive Flatbill,Pedro Rinaldi,5.0,-32.144,-53.728,data/BirdClef/train_audio/yeofly1/XC643129.ogg,calibration
XC180580,yeofly1,Tolmomyias sulphurescens,Yellow-olive Flatbill,Mike Nelson,4.0,-6.4515,-76.2909,data/BirdClef/train_audio/yeofly1/XC180580.ogg,calibration
XC172578,yeofly1,Tolmomyias sulphurescens,Yellow-olive Flatbill,Alex Lees,5.0,-22.9691,-43.2424,data/BirdClef/train_audio/yeofly1/XC172578.ogg,calibration
XC854882,yeofly1,Tolmomyias sulphurescens,Yellow-olive Flatbill,Guilherme Melo,4.0,-20.5416,-56.7073,data/BirdClef/train_audio/yeofly1/XC854882.ogg,calibration
XC592835,yeofly1,Tolmomyias sulphurescens,Yellow-olive Flatbill,Franco Vushurovich,5.0,-25.0719,-58.141,data/BirdClef/train_audio/yeofly1/XC592835.ogg,calibration
XC155518,yeofly1,Tolmomyias sulphurescens,Yellow-olive Flatbill,Alex Lees,5.0,-3.8305,-48.7616,data/BirdClef/train_audio/yeofly1/XC155518.ogg,calibration
XC180624,yeofly1,Tolmomyias sulphurescens,Yellow-olive Flatbill,Mike Nelson,4.0,-6.4159,-76.3179,data/BirdClef/train_audio/yeofly1/XC180624.ogg,calibration
XC548396,yeofly1,Tolmomyias sulphurescens,Yellow-olive Flatbill,Franco Vushurovich,5.0,-26.519,-53.9887,data/BirdClef/train_audio/yeofly1/XC548396.ogg,calibration
XC389144,yeofly1,Tolmomyias sulphurescens,Yellow-olive Flatbill,Lari Boesing,3.0,-21.7806,-46.4424,data/BirdClef/train_audio/yeofly1/XC389144.ogg,calibration
XC177603,yeofly1,Tolmomyias sulphurescens,Yellow-olive Flatbill,Antonio Silveira,5.0,-23.4667,-46.6167,data/BirdClef/train_audio/yeofly1/XC177603.ogg,calibration
XC466210,yeofly1,Tolmomyias sulphurescens,Yellow-olive Flatbill,Robson Silva e Silva,3.0,-23.9052,-46.2899,data/BirdClef/train_audio/yeofly1/XC466210.ogg,calibration
XC125754,yeofly1,Tolmomyias sulphurescens,Yellow-olive Flatbill,Mike Nelson,4.0,17.2226,-89.6237,data/BirdClef/train_audio/yeofly1/XC125754.ogg,calibration
XC473675,yeofly1,Tolmomyias sulphurescens,Yellow-olive Flatbill,Franco Vushurovich,4.5,-26.519,-53.9887,data/BirdClef/train_audio/yeofly1/XC473675.ogg,calibration
XC253997,yeofly1,Tolmomyias sulphurescens,Yellow-olive Flatbill,Alex Lees,4.5,-16.6421,-48.9234,data/BirdClef/train_audio/yeofly1/XC253997.ogg,calibration
XC180248,yeofly1,Tolmomyias sulphurescens,Yellow-olive Flatbill,Mike Nelson,3.0,-5.675,-77.686,data/BirdClef/train_audio/yeofly1/XC180248.ogg,calibration
XC166320,yeofly1,Tolmomyias sulphurescens,Yellow-olive Flatbill,Mike Nelson,3.0,10.1434,-85.0428,data/BirdClef/train_audio/yeofly1/XC166320.ogg,calibration
XC289856,yeofly1,Tolmomyias sulphurescens,Yellow-olive Flatbill,Yoann BLANCHON,4.0,-18.11,-63.5962,data/BirdClef/train_audio/yeofly1/XC289856.ogg,calibration
XC166319,yeofly1,Tolmomyias sulphurescens,Yellow-olive Flatbill,Mike Nelson,3.0,10.1434,-85.0428,data/BirdClef/train_audio/yeofly1/XC166319.ogg,calibration
XC31697,yeofly1,Tolmomyias sulphurescens,Yellow-olive Flatbill,Myornis,4.0,6.6334,-73.3167,data/BirdClef/train_audio/yeofly1/XC31697.ogg,calibration
XC276588,yeofly1,Tolmomyias sulphurescens,Yellow-olive Flatbill,Jonas Nilsson,5.0,-0.693,-77.605,data/BirdClef/train_audio/yeofly1/XC276588.ogg,calibration
XC48787,yeofly1,Tolmomyias sulphurescens,Yellow-olive Flatbill,Mike Nelson,3.0,-23.7288,-64.8495,data/BirdClef/train_audio/yeofly1/XC48787.ogg,calibration
XC207153,yeofly1,Tolmomyias sulphurescens,Yellow-olive Flatbill,Niels Poul Dreyer,5.0,-17.8333,-56.6667,data/BirdClef/train_audio/yeofly1/XC207153.ogg,calibration
XC260911,yeofly1,Tolmomyias sulphurescens,Yellow-olive Flatbill,Mitch Lysinger,5.0,-4.108,-78.964,data/BirdClef/train_audio/yeofly1/XC260911.ogg,calibration
XC147115,yeofly1,Tolmomyias sulphurescens,Yellow-olive Flatbill,Paul van Els,4.0,16.87,-93.12,data/BirdClef/train_audio/yeofly1/XC147115.ogg,calibration
XC8060,yeofly1,Tolmomyias sulphurescens,Yellow-olive Flatbill,Nick Athanas,5.0,-2.167,-80.011,data/BirdClef/train_audio/yeofly1/XC8060.ogg,calibration
XC147222,yeofly1,Tolmomyias sulphurescens,Yellow-olive Flatbill,Paul van Els,4.0,-18.2152,-63.7507,data/BirdClef/train_audio/yeofly1/XC147222.ogg,calibration
XC126527,yeofly1,Tolmomyias sulphurescens,Yellow-olive Flatbill,Mike Nelson,4.0,17.006,-89.721,data/BirdClef/train_audio/yeofly1/XC126527.ogg,calibration
